<?xml version="1.0" encoding="UTF-8"?>
<!DOCTYPE plist PUBLIC "-//Apple//DTD PLIST 1.0//EN" "http://www.apple.com/DTDs/PropertyList-1.0.dtd">
<plist version="1.0">
<dict>
	<key>Images</key>
	<array>
		<dict>
			<key>ImageIndex</key>
			<integer>0</integer>
			<key>NumberOfROIs</key>
			<integer>1</integer>
			<key>ROIs</key>
			<array>
				<dict>
					<key>Area</key>
					<real>0.53926950693130493</real>
					<key>Center</key>
					<string>(0.000000, 0.000000, 0.000000)</string>
					<key>Dev</key>
					<real>368.79119873046875</real>
					<key>IndexInImage</key>
					<integer>0</integer>
					<key>Max</key>
					<real>2771</real>
					<key>Mean</key>
					<real>1917.744873046875</real>
					<key>Min</key>
					<real>1010</real>
					<key>Name</key>
					<string>Mass</string>
					<key>NumberOfPoints</key>
					<integer>74</integer>
					<key>Point_mm</key>
					<array>
						<string>(0.000000, 0.000000, 0.000000)</string>
						<string>(0.000000, 0.000000, 0.000000)</string>
						<string>(0.000000, 0.000000, 0.000000)</string>
						<string>(0.000000, 0.000000, 0.000000)</string>
						<string>(0.000000, 0.000000, 0.000000)</string>
						<string>(0.000000, 0.000000, 0.000000)</string>
						<string>(0.000000, 0.000000, 0.000000)</string>
						<string>(0.000000, 0.000000, 0.000000)</string>
						<string>(0.000000, 0.000000, 0.000000)</string>
						<string>(0.000000, 0.000000, 0.000000)</string>
						<string>(0.000000, 0.000000, 0.000000)</string>
						<string>(0.000000, 0.000000, 0.000000)</string>
						<string>(0.000000, 0.000000, 0.000000)</string>
						<string>(0.000000, 0.000000, 0.000000)</string>
						<string>(0.000000, 0.000000, 0.000000)</string>
						<string>(0.000000, 0.000000, 0.000000)</string>
						<string>(0.000000, 0.000000, 0.000000)</string>
						<string>(0.000000, 0.000000, 0.000000)</string>
						<string>(0.000000, 0.000000, 0.000000)</string>
						<string>(0.000000, 0.000000, 0.000000)</string>
						<string>(0.000000, 0.000000, 0.000000)</string>
						<string>(0.000000, 0.000000, 0.000000)</string>
						<string>(0.000000, 0.000000, 0.000000)</string>
						<string>(0.000000, 0.000000, 0.000000)</string>
						<string>(0.000000, 0.000000, 0.000000)</string>
						<string>(0.000000, 0.000000, 0.000000)</string>
						<string>(0.000000, 0.000000, 0.000000)</string>
						<string>(0.000000, 0.000000, 0.000000)</string>
						<string>(0.000000, 0.000000, 0.000000)</string>
						<string>(0.000000, 0.000000, 0.000000)</string>
						<string>(0.000000, 0.000000, 0.000000)</string>
						<string>(0.000000, 0.000000, 0.000000)</string>
						<string>(0.000000, 0.000000, 0.000000)</string>
						<string>(0.000000, 0.000000, 0.000000)</string>
						<string>(0.000000, 0.000000, 0.000000)</string>
						<string>(0.000000, 0.000000, 0.000000)</string>
						<string>(0.000000, 0.000000, 0.000000)</string>
						<string>(0.000000, 0.000000, 0.000000)</string>
						<string>(0.000000, 0.000000, 0.000000)</string>
						<string>(0.000000, 0.000000, 0.000000)</string>
						<string>(0.000000, 0.000000, 0.000000)</string>
						<string>(0.000000, 0.000000, 0.000000)</string>
						<string>(0.000000, 0.000000, 0.000000)</string>
						<string>(0.000000, 0.000000, 0.000000)</string>
						<string>(0.000000, 0.000000, 0.000000)</string>
						<string>(0.000000, 0.000000, 0.000000)</string>
						<string>(0.000000, 0.000000, 0.000000)</string>
						<string>(0.000000, 0.000000, 0.000000)</string>
						<string>(0.000000, 0.000000, 0.000000)</string>
						<string>(0.000000, 0.000000, 0.000000)</string>
						<string>(0.000000, 0.000000, 0.000000)</string>
						<string>(0.000000, 0.000000, 0.000000)</string>
						<string>(0.000000, 0.000000, 0.000000)</string>
						<string>(0.000000, 0.000000, 0.000000)</string>
						<string>(0.000000, 0.000000, 0.000000)</string>
						<string>(0.000000, 0.000000, 0.000000)</string>
						<string>(0.000000, 0.000000, 0.000000)</string>
						<string>(0.000000, 0.000000, 0.000000)</string>
						<string>(0.000000, 0.000000, 0.000000)</string>
						<string>(0.000000, 0.000000, 0.000000)</string>
						<string>(0.000000, 0.000000, 0.000000)</string>
						<string>(0.000000, 0.000000, 0.000000)</string>
						<string>(0.000000, 0.000000, 0.000000)</string>
						<string>(0.000000, 0.000000, 0.000000)</string>
						<string>(0.000000, 0.000000, 0.000000)</string>
						<string>(0.000000, 0.000000, 0.000000)</string>
						<string>(0.000000, 0.000000, 0.000000)</string>
						<string>(0.000000, 0.000000, 0.000000)</string>
						<string>(0.000000, 0.000000, 0.000000)</string>
						<string>(0.000000, 0.000000, 0.000000)</string>
						<string>(0.000000, 0.000000, 0.000000)</string>
						<string>(0.000000, 0.000000, 0.000000)</string>
						<string>(0.000000, 0.000000, 0.000000)</string>
						<string>(0.000000, 0.000000, 0.000000)</string>
					</array>
					<key>Point_px</key>
					<array>
						<string>(811.851990, 929.646973)</string>
						<string>(806.758972, 931.344971)</string>
						<string>(801.666016, 933.890991)</string>
						<string>(796.572021, 937.286011)</string>
						<string>(791.479004, 940.682007)</string>
						<string>(786.385986, 942.379028)</string>
						<string>(781.293030, 944.926025)</string>
						<string>(773.849976, 950.341980)</string>
						<string>(770.257996, 953.414001)</string>
						<string>(766.013977, 956.809998)</string>
						<string>(760.921021, 960.205017)</string>
						<string>(755.828003, 963.601013)</string>
						<string>(752.802979, 966.814026)</string>
						<string>(752.802979, 972.304016)</string>
						<string>(749.885986, 978.031006)</string>
						<string>(749.036987, 983.124023)</string>
						<string>(752.432983, 988.216980)</string>
						<string>(755.828003, 993.309998)</string>
						<string>(754.979004, 998.403015)</string>
						<string>(751.429993, 1002.039978)</string>
						<string>(750.734985, 1008.590027)</string>
						<string>(750.734985, 1013.679993)</string>
						<string>(751.583984, 1018.780029)</string>
						<string>(753.281982, 1023.869995)</string>
						<string>(756.677002, 1028.959961)</string>
						<string>(760.921021, 1033.209961)</string>
						<string>(766.013977, 1035.750000)</string>
						<string>(770.257996, 1036.599976)</string>
						<string>(775.351013, 1038.300049)</string>
						<string>(780.443970, 1040.839966)</string>
						<string>(784.689026, 1041.689941)</string>
						<string>(789.781982, 1043.390015)</string>
						<string>(794.875000, 1043.390015)</string>
						<string>(799.968018, 1044.239990)</string>
						<string>(805.909973, 1041.689941)</string>
						<string>(811.851990, 1041.689941)</string>
						<string>(815.943970, 1039.109985)</string>
						<string>(820.062012, 1035.900024)</string>
						<string>(821.911987, 1032.349976)</string>
						<string>(826.330017, 1030.150024)</string>
						<string>(829.677002, 1024.719971)</string>
						<string>(832.872986, 1021.260010)</string>
						<string>(838.166016, 1015.380005)</string>
						<string>(840.711975, 1010.289978)</string>
						<string>(843.258972, 1005.190002)</string>
						<string>(847.502991, 1000.099976)</string>
						<string>(851.747009, 995.007996)</string>
						<string>(856.664978, 990.606018)</string>
						<string>(859.387024, 986.518982)</string>
						<string>(864.479980, 984.822021)</string>
						<string>(869.572998, 983.973022)</string>
						<string>(875.424988, 981.913025)</string>
						<string>(878.169983, 977.794983)</string>
						<string>(881.456970, 973.786987)</string>
						<string>(882.304993, 969.541992)</string>
						<string>(883.153992, 964.448975)</string>
						<string>(883.153992, 959.356018)</string>
						<string>(881.830017, 955.833008)</string>
						<string>(880.458008, 952.171997)</string>
						<string>(877.713013, 947.138977)</string>
						<string>(873.817017, 942.379028)</string>
						<string>(869.572998, 938.135010)</string>
						<string>(864.479980, 933.041992)</string>
						<string>(861.932983, 927.948975)</string>
						<string>(856.840027, 924.554016)</string>
						<string>(852.596008, 922.856018)</string>
						<string>(847.502991, 921.158020)</string>
						<string>(842.409973, 920.309998)</string>
						<string>(838.166016, 918.612000)</string>
						<string>(832.223999, 921.158020)</string>
						<string>(826.466980, 922.432007)</string>
						<string>(820.976990, 922.432007)</string>
						<string>(816.859009, 921.517029)</string>
						<string>(812.700012, 922.856018)</string>
					</array>
					<key>Total</key>
					<real>21396280</real>
					<key>Type</key>
					<integer>15</integer>
				</dict>
			</array>
		</dict>
	</array>
</dict>
</plist>
