<?xml version="1.0" encoding="UTF-8"?>
<!DOCTYPE plist PUBLIC "-//Apple//DTD PLIST 1.0//EN" "http://www.apple.com/DTDs/PropertyList-1.0.dtd">
<plist version="1.0">
<dict>
	<key>Images</key>
	<array>
		<dict>
			<key>ImageIndex</key>
			<integer>0</integer>
			<key>NumberOfROIs</key>
			<integer>3</integer>
			<key>ROIs</key>
			<array>
				<dict>
					<key>Area</key>
					<real>0.67559975385665894</real>
					<key>Center</key>
					<string>(0.000000, 0.000000, 0.000000)</string>
					<key>Dev</key>
					<real>69.732170104980469</real>
					<key>IndexInImage</key>
					<integer>0</integer>
					<key>Max</key>
					<real>1767</real>
					<key>Mean</key>
					<real>1526.9263916015625</real>
					<key>Min</key>
					<real>1305</real>
					<key>Name</key>
					<string>Mass</string>
					<key>NumberOfPoints</key>
					<integer>180</integer>
					<key>Point_mm</key>
					<array>
						<string>(0.000000, 0.000000, 0.000000)</string>
						<string>(0.000000, 0.000000, 0.000000)</string>
						<string>(0.000000, 0.000000, 0.000000)</string>
						<string>(0.000000, 0.000000, 0.000000)</string>
						<string>(0.000000, 0.000000, 0.000000)</string>
						<string>(0.000000, 0.000000, 0.000000)</string>
						<string>(0.000000, 0.000000, 0.000000)</string>
						<string>(0.000000, 0.000000, 0.000000)</string>
						<string>(0.000000, 0.000000, 0.000000)</string>
						<string>(0.000000, 0.000000, 0.000000)</string>
						<string>(0.000000, 0.000000, 0.000000)</string>
						<string>(0.000000, 0.000000, 0.000000)</string>
						<string>(0.000000, 0.000000, 0.000000)</string>
						<string>(0.000000, 0.000000, 0.000000)</string>
						<string>(0.000000, 0.000000, 0.000000)</string>
						<string>(0.000000, 0.000000, 0.000000)</string>
						<string>(0.000000, 0.000000, 0.000000)</string>
						<string>(0.000000, 0.000000, 0.000000)</string>
						<string>(0.000000, 0.000000, 0.000000)</string>
						<string>(0.000000, 0.000000, 0.000000)</string>
						<string>(0.000000, 0.000000, 0.000000)</string>
						<string>(0.000000, 0.000000, 0.000000)</string>
						<string>(0.000000, 0.000000, 0.000000)</string>
						<string>(0.000000, 0.000000, 0.000000)</string>
						<string>(0.000000, 0.000000, 0.000000)</string>
						<string>(0.000000, 0.000000, 0.000000)</string>
						<string>(0.000000, 0.000000, 0.000000)</string>
						<string>(0.000000, 0.000000, 0.000000)</string>
						<string>(0.000000, 0.000000, 0.000000)</string>
						<string>(0.000000, 0.000000, 0.000000)</string>
						<string>(0.000000, 0.000000, 0.000000)</string>
						<string>(0.000000, 0.000000, 0.000000)</string>
						<string>(0.000000, 0.000000, 0.000000)</string>
						<string>(0.000000, 0.000000, 0.000000)</string>
						<string>(0.000000, 0.000000, 0.000000)</string>
						<string>(0.000000, 0.000000, 0.000000)</string>
						<string>(0.000000, 0.000000, 0.000000)</string>
						<string>(0.000000, 0.000000, 0.000000)</string>
						<string>(0.000000, 0.000000, 0.000000)</string>
						<string>(0.000000, 0.000000, 0.000000)</string>
						<string>(0.000000, 0.000000, 0.000000)</string>
						<string>(0.000000, 0.000000, 0.000000)</string>
						<string>(0.000000, 0.000000, 0.000000)</string>
						<string>(0.000000, 0.000000, 0.000000)</string>
						<string>(0.000000, 0.000000, 0.000000)</string>
						<string>(0.000000, 0.000000, 0.000000)</string>
						<string>(0.000000, 0.000000, 0.000000)</string>
						<string>(0.000000, 0.000000, 0.000000)</string>
						<string>(0.000000, 0.000000, 0.000000)</string>
						<string>(0.000000, 0.000000, 0.000000)</string>
						<string>(0.000000, 0.000000, 0.000000)</string>
						<string>(0.000000, 0.000000, 0.000000)</string>
						<string>(0.000000, 0.000000, 0.000000)</string>
						<string>(0.000000, 0.000000, 0.000000)</string>
						<string>(0.000000, 0.000000, 0.000000)</string>
						<string>(0.000000, 0.000000, 0.000000)</string>
						<string>(0.000000, 0.000000, 0.000000)</string>
						<string>(0.000000, 0.000000, 0.000000)</string>
						<string>(0.000000, 0.000000, 0.000000)</string>
						<string>(0.000000, 0.000000, 0.000000)</string>
						<string>(0.000000, 0.000000, 0.000000)</string>
						<string>(0.000000, 0.000000, 0.000000)</string>
						<string>(0.000000, 0.000000, 0.000000)</string>
						<string>(0.000000, 0.000000, 0.000000)</string>
						<string>(0.000000, 0.000000, 0.000000)</string>
						<string>(0.000000, 0.000000, 0.000000)</string>
						<string>(0.000000, 0.000000, 0.000000)</string>
						<string>(0.000000, 0.000000, 0.000000)</string>
						<string>(0.000000, 0.000000, 0.000000)</string>
						<string>(0.000000, 0.000000, 0.000000)</string>
						<string>(0.000000, 0.000000, 0.000000)</string>
						<string>(0.000000, 0.000000, 0.000000)</string>
						<string>(0.000000, 0.000000, 0.000000)</string>
						<string>(0.000000, 0.000000, 0.000000)</string>
						<string>(0.000000, 0.000000, 0.000000)</string>
						<string>(0.000000, 0.000000, 0.000000)</string>
						<string>(0.000000, 0.000000, 0.000000)</string>
						<string>(0.000000, 0.000000, 0.000000)</string>
						<string>(0.000000, 0.000000, 0.000000)</string>
						<string>(0.000000, 0.000000, 0.000000)</string>
						<string>(0.000000, 0.000000, 0.000000)</string>
						<string>(0.000000, 0.000000, 0.000000)</string>
						<string>(0.000000, 0.000000, 0.000000)</string>
						<string>(0.000000, 0.000000, 0.000000)</string>
						<string>(0.000000, 0.000000, 0.000000)</string>
						<string>(0.000000, 0.000000, 0.000000)</string>
						<string>(0.000000, 0.000000, 0.000000)</string>
						<string>(0.000000, 0.000000, 0.000000)</string>
						<string>(0.000000, 0.000000, 0.000000)</string>
						<string>(0.000000, 0.000000, 0.000000)</string>
						<string>(0.000000, 0.000000, 0.000000)</string>
						<string>(0.000000, 0.000000, 0.000000)</string>
						<string>(0.000000, 0.000000, 0.000000)</string>
						<string>(0.000000, 0.000000, 0.000000)</string>
						<string>(0.000000, 0.000000, 0.000000)</string>
						<string>(0.000000, 0.000000, 0.000000)</string>
						<string>(0.000000, 0.000000, 0.000000)</string>
						<string>(0.000000, 0.000000, 0.000000)</string>
						<string>(0.000000, 0.000000, 0.000000)</string>
						<string>(0.000000, 0.000000, 0.000000)</string>
						<string>(0.000000, 0.000000, 0.000000)</string>
						<string>(0.000000, 0.000000, 0.000000)</string>
						<string>(0.000000, 0.000000, 0.000000)</string>
						<string>(0.000000, 0.000000, 0.000000)</string>
						<string>(0.000000, 0.000000, 0.000000)</string>
						<string>(0.000000, 0.000000, 0.000000)</string>
						<string>(0.000000, 0.000000, 0.000000)</string>
						<string>(0.000000, 0.000000, 0.000000)</string>
						<string>(0.000000, 0.000000, 0.000000)</string>
						<string>(0.000000, 0.000000, 0.000000)</string>
						<string>(0.000000, 0.000000, 0.000000)</string>
						<string>(0.000000, 0.000000, 0.000000)</string>
						<string>(0.000000, 0.000000, 0.000000)</string>
						<string>(0.000000, 0.000000, 0.000000)</string>
						<string>(0.000000, 0.000000, 0.000000)</string>
						<string>(0.000000, 0.000000, 0.000000)</string>
						<string>(0.000000, 0.000000, 0.000000)</string>
						<string>(0.000000, 0.000000, 0.000000)</string>
						<string>(0.000000, 0.000000, 0.000000)</string>
						<string>(0.000000, 0.000000, 0.000000)</string>
						<string>(0.000000, 0.000000, 0.000000)</string>
						<string>(0.000000, 0.000000, 0.000000)</string>
						<string>(0.000000, 0.000000, 0.000000)</string>
						<string>(0.000000, 0.000000, 0.000000)</string>
						<string>(0.000000, 0.000000, 0.000000)</string>
						<string>(0.000000, 0.000000, 0.000000)</string>
						<string>(0.000000, 0.000000, 0.000000)</string>
						<string>(0.000000, 0.000000, 0.000000)</string>
						<string>(0.000000, 0.000000, 0.000000)</string>
						<string>(0.000000, 0.000000, 0.000000)</string>
						<string>(0.000000, 0.000000, 0.000000)</string>
						<string>(0.000000, 0.000000, 0.000000)</string>
						<string>(0.000000, 0.000000, 0.000000)</string>
						<string>(0.000000, 0.000000, 0.000000)</string>
						<string>(0.000000, 0.000000, 0.000000)</string>
						<string>(0.000000, 0.000000, 0.000000)</string>
						<string>(0.000000, 0.000000, 0.000000)</string>
						<string>(0.000000, 0.000000, 0.000000)</string>
						<string>(0.000000, 0.000000, 0.000000)</string>
						<string>(0.000000, 0.000000, 0.000000)</string>
						<string>(0.000000, 0.000000, 0.000000)</string>
						<string>(0.000000, 0.000000, 0.000000)</string>
						<string>(0.000000, 0.000000, 0.000000)</string>
						<string>(0.000000, 0.000000, 0.000000)</string>
						<string>(0.000000, 0.000000, 0.000000)</string>
						<string>(0.000000, 0.000000, 0.000000)</string>
						<string>(0.000000, 0.000000, 0.000000)</string>
						<string>(0.000000, 0.000000, 0.000000)</string>
						<string>(0.000000, 0.000000, 0.000000)</string>
						<string>(0.000000, 0.000000, 0.000000)</string>
						<string>(0.000000, 0.000000, 0.000000)</string>
						<string>(0.000000, 0.000000, 0.000000)</string>
						<string>(0.000000, 0.000000, 0.000000)</string>
						<string>(0.000000, 0.000000, 0.000000)</string>
						<string>(0.000000, 0.000000, 0.000000)</string>
						<string>(0.000000, 0.000000, 0.000000)</string>
						<string>(0.000000, 0.000000, 0.000000)</string>
						<string>(0.000000, 0.000000, 0.000000)</string>
						<string>(0.000000, 0.000000, 0.000000)</string>
						<string>(0.000000, 0.000000, 0.000000)</string>
						<string>(0.000000, 0.000000, 0.000000)</string>
						<string>(0.000000, 0.000000, 0.000000)</string>
						<string>(0.000000, 0.000000, 0.000000)</string>
						<string>(0.000000, 0.000000, 0.000000)</string>
						<string>(0.000000, 0.000000, 0.000000)</string>
						<string>(0.000000, 0.000000, 0.000000)</string>
						<string>(0.000000, 0.000000, 0.000000)</string>
						<string>(0.000000, 0.000000, 0.000000)</string>
						<string>(0.000000, 0.000000, 0.000000)</string>
						<string>(0.000000, 0.000000, 0.000000)</string>
						<string>(0.000000, 0.000000, 0.000000)</string>
						<string>(0.000000, 0.000000, 0.000000)</string>
						<string>(0.000000, 0.000000, 0.000000)</string>
						<string>(0.000000, 0.000000, 0.000000)</string>
						<string>(0.000000, 0.000000, 0.000000)</string>
						<string>(0.000000, 0.000000, 0.000000)</string>
						<string>(0.000000, 0.000000, 0.000000)</string>
						<string>(0.000000, 0.000000, 0.000000)</string>
						<string>(0.000000, 0.000000, 0.000000)</string>
						<string>(0.000000, 0.000000, 0.000000)</string>
					</array>
					<key>Point_px</key>
					<array>
						<string>(2182.500000, 2190.389893)</string>
						<string>(2177.689941, 2194.879883)</string>
						<string>(2172.239990, 2200.010010)</string>
						<string>(2168.810059, 2203.669922)</string>
						<string>(2164.530029, 2207.389893)</string>
						<string>(2161.000000, 2209.000000)</string>
						<string>(2155.870117, 2211.250000)</string>
						<string>(2157.469971, 2206.750000)</string>
						<string>(2152.659912, 2205.469971)</string>
						<string>(2148.489990, 2202.580078)</string>
						<string>(2143.030029, 2203.540039)</string>
						<string>(2135.790039, 2201.199951)</string>
						<string>(2134.139893, 2205.320068)</string>
						<string>(2132.479980, 2209.449951)</string>
						<string>(2128.360107, 2211.100098)</string>
						<string>(2124.229980, 2207.800049)</string>
						<string>(2120.100098, 2211.100098)</string>
						<string>(2115.149902, 2214.409912)</string>
						<string>(2110.189941, 2216.060059)</string>
						<string>(2106.449951, 2217.340088)</string>
						<string>(2103.870117, 2217.169922)</string>
						<string>(2099.070068, 2218.949951)</string>
						<string>(2095.860107, 2219.270020)</string>
						<string>(2091.879883, 2221.520020)</string>
						<string>(2093.679932, 2216.060059)</string>
						<string>(2094.510010, 2211.929932)</string>
						<string>(2090.379883, 2208.629883)</string>
						<string>(2086.250000, 2208.629883)</string>
						<string>(2081.300049, 2210.280029)</string>
						<string>(2078.860107, 2213.489990)</string>
						<string>(2077.250000, 2215.739990)</string>
						<string>(2076.350098, 2220.179932)</string>
						<string>(2075.969971, 2221.510010)</string>
						<string>(2074.040039, 2223.120117)</string>
						<string>(2070.830078, 2221.510010)</string>
						<string>(2067.939941, 2220.550049)</string>
						<string>(2070.570068, 2217.709961)</string>
						<string>(2070.570068, 2213.580078)</string>
						<string>(2068.090088, 2208.629883)</string>
						<string>(2064.419922, 2205.469971)</string>
						<string>(2061.479980, 2202.850098)</string>
						<string>(2057.360107, 2203.669922)</string>
						<string>(2057.360107, 2207.800049)</string>
						<string>(2057.360107, 2211.929932)</string>
						<string>(2057.360107, 2216.060059)</string>
						<string>(2057.360107, 2220.179932)</string>
						<string>(2053.229980, 2223.489990)</string>
						<string>(2049.100098, 2223.489990)</string>
						<string>(2046.619995, 2219.360107)</string>
						<string>(2042.500000, 2216.060059)</string>
						<string>(2038.369995, 2220.179932)</string>
						<string>(2034.239990, 2223.489990)</string>
						<string>(2030.109985, 2222.659912)</string>
						<string>(2025.979980, 2220.179932)</string>
						<string>(2021.030029, 2219.360107)</string>
						<string>(2017.239990, 2223.760010)</string>
						<string>(2020.209961, 2227.610107)</string>
						<string>(2016.900024, 2231.739990)</string>
						<string>(2021.030029, 2234.219971)</string>
						<string>(2023.979980, 2235.949951)</string>
						<string>(2026.550049, 2237.879883)</string>
						<string>(2030.079956, 2239.810059)</string>
						<string>(2032.589966, 2242.469971)</string>
						<string>(2030.109985, 2246.600098)</string>
						<string>(2030.109985, 2250.729980)</string>
						<string>(2032.969971, 2253.280029)</string>
						<string>(2036.500000, 2255.530029)</string>
						<string>(2041.949951, 2252.320068)</string>
						<string>(2044.839966, 2251.360107)</string>
						<string>(2047.449951, 2254.030029)</string>
						<string>(2040.989990, 2256.169922)</string>
						<string>(2039.189941, 2261.459961)</string>
						<string>(2035.069946, 2264.770020)</string>
						<string>(2030.109985, 2265.590088)</string>
						<string>(2025.979980, 2266.419922)</string>
						<string>(2021.030029, 2266.419922)</string>
						<string>(2016.900024, 2265.590088)</string>
						<string>(2012.780029, 2265.590088)</string>
						<string>(2009.469971, 2269.719971)</string>
						<string>(2012.780029, 2273.850098)</string>
						<string>(2016.900024, 2273.850098)</string>
						<string>(2021.030029, 2273.850098)</string>
						<string>(2026.229980, 2271.899902)</string>
						<string>(2029.119995, 2270.290039)</string>
						<string>(2032.589966, 2276.320068)</string>
						<string>(2032.589966, 2280.449951)</string>
						<string>(2035.859985, 2283.449951)</string>
						<string>(2040.030029, 2281.199951)</string>
						<string>(2045.800049, 2279.629883)</string>
						<string>(2049.330078, 2277.350098)</string>
						<string>(2052.219971, 2279.280029)</string>
						<string>(2050.300049, 2282.479980)</string>
						<string>(2050.300049, 2287.300049)</string>
						<string>(2053.500000, 2289.540039)</string>
						<string>(2058.179932, 2292.010010)</string>
						<string>(2058.179932, 2296.139893)</string>
						<string>(2054.879883, 2300.270020)</string>
						<string>(2051.580078, 2303.020020)</string>
						<string>(2049.100098, 2306.870117)</string>
						<string>(2054.050049, 2307.699951)</string>
						<string>(2059.010010, 2307.699951)</string>
						<string>(2063.139893, 2308.520020)</string>
						<string>(2068.090088, 2309.350098)</string>
						<string>(2072.219971, 2307.699951)</string>
						<string>(2076.350098, 2306.870117)</string>
						<string>(2074.689941, 2311.000000)</string>
						<string>(2069.739990, 2314.300049)</string>
						<string>(2065.610107, 2318.429932)</string>
						<string>(2063.139893, 2322.560059)</string>
						<string>(2058.959961, 2327.729980)</string>
						<string>(2055.429932, 2330.939941)</string>
						<string>(2054.790039, 2335.750000)</string>
						<string>(2059.600098, 2341.209961)</string>
						<string>(2066.340088, 2336.399902)</string>
						<string>(2068.590088, 2329.659912)</string>
						<string>(2071.469971, 2327.090088)</string>
						<string>(2073.719971, 2323.239990)</string>
						<string>(2076.610107, 2319.389893)</string>
						<string>(2080.780029, 2318.100098)</string>
						<string>(2083.780029, 2314.300049)</string>
						<string>(2087.899902, 2313.469971)</string>
						<string>(2091.209961, 2308.520020)</string>
						<string>(2093.939941, 2308.159912)</string>
						<string>(2096.979980, 2307.699951)</string>
						<string>(2101.939941, 2308.520020)</string>
						<string>(2105.239990, 2312.649902)</string>
						<string>(2107.090088, 2317.780029)</string>
						<string>(2106.770020, 2324.199951)</string>
						<string>(2105.489990, 2330.300049)</string>
						<string>(2108.379883, 2332.540039)</string>
						<string>(2107.090088, 2335.429932)</string>
						<string>(2109.020020, 2338.959961)</string>
						<string>(2114.149902, 2335.110107)</string>
						<string>(2120.929932, 2332.459961)</string>
						<string>(2123.459961, 2329.010010)</string>
						<string>(2127.310059, 2326.449951)</string>
						<string>(2132.770020, 2323.560059)</string>
						<string>(2136.300049, 2321.629883)</string>
						<string>(2139.090088, 2318.429932)</string>
						<string>(2139.090088, 2314.300049)</string>
						<string>(2139.909912, 2310.169922)</string>
						<string>(2144.040039, 2306.870117)</string>
						<string>(2148.169922, 2300.270020)</string>
						<string>(2148.169922, 2296.139893)</string>
						<string>(2149.820068, 2292.010010)</string>
						<string>(2153.120117, 2287.879883)</string>
						<string>(2154.770020, 2283.750000)</string>
						<string>(2151.469971, 2279.629883)</string>
						<string>(2147.340088, 2279.629883)</string>
						<string>(2148.169922, 2275.750000)</string>
						<string>(2151.699951, 2273.500000)</string>
						<string>(2157.149902, 2271.570068)</string>
						<string>(2161.000000, 2269.649902)</string>
						<string>(2163.860107, 2268.070068)</string>
						<string>(2168.389893, 2267.399902)</string>
						<string>(2168.389893, 2263.550049)</string>
						<string>(2170.459961, 2258.989990)</string>
						<string>(2175.120117, 2257.129883)</string>
						<string>(2178.649902, 2253.280029)</string>
						<string>(2182.020020, 2250.729980)</string>
						<string>(2186.149902, 2249.899902)</string>
						<string>(2188.620117, 2245.780029)</string>
						<string>(2184.500000, 2244.949951)</string>
						<string>(2181.189941, 2240.820068)</string>
						<string>(2177.070068, 2240.000000)</string>
						<string>(2181.189941, 2238.350098)</string>
						<string>(2178.719971, 2234.219971)</string>
						<string>(2174.590088, 2231.739990)</string>
						<string>(2178.719971, 2230.090088)</string>
						<string>(2182.840088, 2227.610107)</string>
						<string>(2183.669922, 2223.489990)</string>
						<string>(2179.540039, 2221.010010)</string>
						<string>(2175.439941, 2219.590088)</string>
						<string>(2170.629883, 2217.979980)</string>
						<string>(2166.330078, 2219.360107)</string>
						<string>(2166.330078, 2215.229980)</string>
						<string>(2168.389893, 2211.250000)</string>
						<string>(2172.879883, 2207.389893)</string>
						<string>(2177.370117, 2203.540039)</string>
						<string>(2181.540039, 2197.770020)</string>
					</array>
					<key>Total</key>
					<real>21560200</real>
					<key>Type</key>
					<integer>15</integer>
				</dict>
				<dict>
					<key>Area</key>
					<real>5.5237531661987305</real>
					<key>Center</key>
					<string>(0.000000, 0.000000, 0.000000)</string>
					<key>Dev</key>
					<real>103.30914306640625</real>
					<key>IndexInImage</key>
					<integer>1</integer>
					<key>Max</key>
					<real>2069</real>
					<key>Mean</key>
					<real>1570.79638671875</real>
					<key>Min</key>
					<real>1255</real>
					<key>Name</key>
					<string>Spiculated Region</string>
					<key>NumberOfPoints</key>
					<integer>200</integer>
					<key>Point_mm</key>
					<array>
						<string>(0.000000, 0.000000, 0.000000)</string>
						<string>(0.000000, 0.000000, 0.000000)</string>
						<string>(0.000000, 0.000000, 0.000000)</string>
						<string>(0.000000, 0.000000, 0.000000)</string>
						<string>(0.000000, 0.000000, 0.000000)</string>
						<string>(0.000000, 0.000000, 0.000000)</string>
						<string>(0.000000, 0.000000, 0.000000)</string>
						<string>(0.000000, 0.000000, 0.000000)</string>
						<string>(0.000000, 0.000000, 0.000000)</string>
						<string>(0.000000, 0.000000, 0.000000)</string>
						<string>(0.000000, 0.000000, 0.000000)</string>
						<string>(0.000000, 0.000000, 0.000000)</string>
						<string>(0.000000, 0.000000, 0.000000)</string>
						<string>(0.000000, 0.000000, 0.000000)</string>
						<string>(0.000000, 0.000000, 0.000000)</string>
						<string>(0.000000, 0.000000, 0.000000)</string>
						<string>(0.000000, 0.000000, 0.000000)</string>
						<string>(0.000000, 0.000000, 0.000000)</string>
						<string>(0.000000, 0.000000, 0.000000)</string>
						<string>(0.000000, 0.000000, 0.000000)</string>
						<string>(0.000000, 0.000000, 0.000000)</string>
						<string>(0.000000, 0.000000, 0.000000)</string>
						<string>(0.000000, 0.000000, 0.000000)</string>
						<string>(0.000000, 0.000000, 0.000000)</string>
						<string>(0.000000, 0.000000, 0.000000)</string>
						<string>(0.000000, 0.000000, 0.000000)</string>
						<string>(0.000000, 0.000000, 0.000000)</string>
						<string>(0.000000, 0.000000, 0.000000)</string>
						<string>(0.000000, 0.000000, 0.000000)</string>
						<string>(0.000000, 0.000000, 0.000000)</string>
						<string>(0.000000, 0.000000, 0.000000)</string>
						<string>(0.000000, 0.000000, 0.000000)</string>
						<string>(0.000000, 0.000000, 0.000000)</string>
						<string>(0.000000, 0.000000, 0.000000)</string>
						<string>(0.000000, 0.000000, 0.000000)</string>
						<string>(0.000000, 0.000000, 0.000000)</string>
						<string>(0.000000, 0.000000, 0.000000)</string>
						<string>(0.000000, 0.000000, 0.000000)</string>
						<string>(0.000000, 0.000000, 0.000000)</string>
						<string>(0.000000, 0.000000, 0.000000)</string>
						<string>(0.000000, 0.000000, 0.000000)</string>
						<string>(0.000000, 0.000000, 0.000000)</string>
						<string>(0.000000, 0.000000, 0.000000)</string>
						<string>(0.000000, 0.000000, 0.000000)</string>
						<string>(0.000000, 0.000000, 0.000000)</string>
						<string>(0.000000, 0.000000, 0.000000)</string>
						<string>(0.000000, 0.000000, 0.000000)</string>
						<string>(0.000000, 0.000000, 0.000000)</string>
						<string>(0.000000, 0.000000, 0.000000)</string>
						<string>(0.000000, 0.000000, 0.000000)</string>
						<string>(0.000000, 0.000000, 0.000000)</string>
						<string>(0.000000, 0.000000, 0.000000)</string>
						<string>(0.000000, 0.000000, 0.000000)</string>
						<string>(0.000000, 0.000000, 0.000000)</string>
						<string>(0.000000, 0.000000, 0.000000)</string>
						<string>(0.000000, 0.000000, 0.000000)</string>
						<string>(0.000000, 0.000000, 0.000000)</string>
						<string>(0.000000, 0.000000, 0.000000)</string>
						<string>(0.000000, 0.000000, 0.000000)</string>
						<string>(0.000000, 0.000000, 0.000000)</string>
						<string>(0.000000, 0.000000, 0.000000)</string>
						<string>(0.000000, 0.000000, 0.000000)</string>
						<string>(0.000000, 0.000000, 0.000000)</string>
						<string>(0.000000, 0.000000, 0.000000)</string>
						<string>(0.000000, 0.000000, 0.000000)</string>
						<string>(0.000000, 0.000000, 0.000000)</string>
						<string>(0.000000, 0.000000, 0.000000)</string>
						<string>(0.000000, 0.000000, 0.000000)</string>
						<string>(0.000000, 0.000000, 0.000000)</string>
						<string>(0.000000, 0.000000, 0.000000)</string>
						<string>(0.000000, 0.000000, 0.000000)</string>
						<string>(0.000000, 0.000000, 0.000000)</string>
						<string>(0.000000, 0.000000, 0.000000)</string>
						<string>(0.000000, 0.000000, 0.000000)</string>
						<string>(0.000000, 0.000000, 0.000000)</string>
						<string>(0.000000, 0.000000, 0.000000)</string>
						<string>(0.000000, 0.000000, 0.000000)</string>
						<string>(0.000000, 0.000000, 0.000000)</string>
						<string>(0.000000, 0.000000, 0.000000)</string>
						<string>(0.000000, 0.000000, 0.000000)</string>
						<string>(0.000000, 0.000000, 0.000000)</string>
						<string>(0.000000, 0.000000, 0.000000)</string>
						<string>(0.000000, 0.000000, 0.000000)</string>
						<string>(0.000000, 0.000000, 0.000000)</string>
						<string>(0.000000, 0.000000, 0.000000)</string>
						<string>(0.000000, 0.000000, 0.000000)</string>
						<string>(0.000000, 0.000000, 0.000000)</string>
						<string>(0.000000, 0.000000, 0.000000)</string>
						<string>(0.000000, 0.000000, 0.000000)</string>
						<string>(0.000000, 0.000000, 0.000000)</string>
						<string>(0.000000, 0.000000, 0.000000)</string>
						<string>(0.000000, 0.000000, 0.000000)</string>
						<string>(0.000000, 0.000000, 0.000000)</string>
						<string>(0.000000, 0.000000, 0.000000)</string>
						<string>(0.000000, 0.000000, 0.000000)</string>
						<string>(0.000000, 0.000000, 0.000000)</string>
						<string>(0.000000, 0.000000, 0.000000)</string>
						<string>(0.000000, 0.000000, 0.000000)</string>
						<string>(0.000000, 0.000000, 0.000000)</string>
						<string>(0.000000, 0.000000, 0.000000)</string>
						<string>(0.000000, 0.000000, 0.000000)</string>
						<string>(0.000000, 0.000000, 0.000000)</string>
						<string>(0.000000, 0.000000, 0.000000)</string>
						<string>(0.000000, 0.000000, 0.000000)</string>
						<string>(0.000000, 0.000000, 0.000000)</string>
						<string>(0.000000, 0.000000, 0.000000)</string>
						<string>(0.000000, 0.000000, 0.000000)</string>
						<string>(0.000000, 0.000000, 0.000000)</string>
						<string>(0.000000, 0.000000, 0.000000)</string>
						<string>(0.000000, 0.000000, 0.000000)</string>
						<string>(0.000000, 0.000000, 0.000000)</string>
						<string>(0.000000, 0.000000, 0.000000)</string>
						<string>(0.000000, 0.000000, 0.000000)</string>
						<string>(0.000000, 0.000000, 0.000000)</string>
						<string>(0.000000, 0.000000, 0.000000)</string>
						<string>(0.000000, 0.000000, 0.000000)</string>
						<string>(0.000000, 0.000000, 0.000000)</string>
						<string>(0.000000, 0.000000, 0.000000)</string>
						<string>(0.000000, 0.000000, 0.000000)</string>
						<string>(0.000000, 0.000000, 0.000000)</string>
						<string>(0.000000, 0.000000, 0.000000)</string>
						<string>(0.000000, 0.000000, 0.000000)</string>
						<string>(0.000000, 0.000000, 0.000000)</string>
						<string>(0.000000, 0.000000, 0.000000)</string>
						<string>(0.000000, 0.000000, 0.000000)</string>
						<string>(0.000000, 0.000000, 0.000000)</string>
						<string>(0.000000, 0.000000, 0.000000)</string>
						<string>(0.000000, 0.000000, 0.000000)</string>
						<string>(0.000000, 0.000000, 0.000000)</string>
						<string>(0.000000, 0.000000, 0.000000)</string>
						<string>(0.000000, 0.000000, 0.000000)</string>
						<string>(0.000000, 0.000000, 0.000000)</string>
						<string>(0.000000, 0.000000, 0.000000)</string>
						<string>(0.000000, 0.000000, 0.000000)</string>
						<string>(0.000000, 0.000000, 0.000000)</string>
						<string>(0.000000, 0.000000, 0.000000)</string>
						<string>(0.000000, 0.000000, 0.000000)</string>
						<string>(0.000000, 0.000000, 0.000000)</string>
						<string>(0.000000, 0.000000, 0.000000)</string>
						<string>(0.000000, 0.000000, 0.000000)</string>
						<string>(0.000000, 0.000000, 0.000000)</string>
						<string>(0.000000, 0.000000, 0.000000)</string>
						<string>(0.000000, 0.000000, 0.000000)</string>
						<string>(0.000000, 0.000000, 0.000000)</string>
						<string>(0.000000, 0.000000, 0.000000)</string>
						<string>(0.000000, 0.000000, 0.000000)</string>
						<string>(0.000000, 0.000000, 0.000000)</string>
						<string>(0.000000, 0.000000, 0.000000)</string>
						<string>(0.000000, 0.000000, 0.000000)</string>
						<string>(0.000000, 0.000000, 0.000000)</string>
						<string>(0.000000, 0.000000, 0.000000)</string>
						<string>(0.000000, 0.000000, 0.000000)</string>
						<string>(0.000000, 0.000000, 0.000000)</string>
						<string>(0.000000, 0.000000, 0.000000)</string>
						<string>(0.000000, 0.000000, 0.000000)</string>
						<string>(0.000000, 0.000000, 0.000000)</string>
						<string>(0.000000, 0.000000, 0.000000)</string>
						<string>(0.000000, 0.000000, 0.000000)</string>
						<string>(0.000000, 0.000000, 0.000000)</string>
						<string>(0.000000, 0.000000, 0.000000)</string>
						<string>(0.000000, 0.000000, 0.000000)</string>
						<string>(0.000000, 0.000000, 0.000000)</string>
						<string>(0.000000, 0.000000, 0.000000)</string>
						<string>(0.000000, 0.000000, 0.000000)</string>
						<string>(0.000000, 0.000000, 0.000000)</string>
						<string>(0.000000, 0.000000, 0.000000)</string>
						<string>(0.000000, 0.000000, 0.000000)</string>
						<string>(0.000000, 0.000000, 0.000000)</string>
						<string>(0.000000, 0.000000, 0.000000)</string>
						<string>(0.000000, 0.000000, 0.000000)</string>
						<string>(0.000000, 0.000000, 0.000000)</string>
						<string>(0.000000, 0.000000, 0.000000)</string>
						<string>(0.000000, 0.000000, 0.000000)</string>
						<string>(0.000000, 0.000000, 0.000000)</string>
						<string>(0.000000, 0.000000, 0.000000)</string>
						<string>(0.000000, 0.000000, 0.000000)</string>
						<string>(0.000000, 0.000000, 0.000000)</string>
						<string>(0.000000, 0.000000, 0.000000)</string>
						<string>(0.000000, 0.000000, 0.000000)</string>
						<string>(0.000000, 0.000000, 0.000000)</string>
						<string>(0.000000, 0.000000, 0.000000)</string>
						<string>(0.000000, 0.000000, 0.000000)</string>
						<string>(0.000000, 0.000000, 0.000000)</string>
						<string>(0.000000, 0.000000, 0.000000)</string>
						<string>(0.000000, 0.000000, 0.000000)</string>
						<string>(0.000000, 0.000000, 0.000000)</string>
						<string>(0.000000, 0.000000, 0.000000)</string>
						<string>(0.000000, 0.000000, 0.000000)</string>
						<string>(0.000000, 0.000000, 0.000000)</string>
						<string>(0.000000, 0.000000, 0.000000)</string>
						<string>(0.000000, 0.000000, 0.000000)</string>
						<string>(0.000000, 0.000000, 0.000000)</string>
						<string>(0.000000, 0.000000, 0.000000)</string>
						<string>(0.000000, 0.000000, 0.000000)</string>
						<string>(0.000000, 0.000000, 0.000000)</string>
						<string>(0.000000, 0.000000, 0.000000)</string>
						<string>(0.000000, 0.000000, 0.000000)</string>
						<string>(0.000000, 0.000000, 0.000000)</string>
						<string>(0.000000, 0.000000, 0.000000)</string>
						<string>(0.000000, 0.000000, 0.000000)</string>
					</array>
					<key>Point_px</key>
					<array>
						<string>(2291.337891, 2259.250000)</string>
						<string>(2291.244385, 2265.200195)</string>
						<string>(2290.964111, 2271.144287)</string>
						<string>(2290.497314, 2277.076660)</string>
						<string>(2289.844238, 2282.991699)</string>
						<string>(2289.005615, 2288.883057)</string>
						<string>(2287.982666, 2294.745361)</string>
						<string>(2286.775879, 2300.572510)</string>
						<string>(2285.386719, 2306.358887)</string>
						<string>(2283.816406, 2312.098633)</string>
						<string>(2282.066650, 2317.786377)</string>
						<string>(2280.139160, 2323.416504)</string>
						<string>(2278.035645, 2328.983154)</string>
						<string>(2275.758301, 2334.480957)</string>
						<string>(2273.309570, 2339.904541)</string>
						<string>(2270.691406, 2345.248535)</string>
						<string>(2267.906982, 2350.507568)</string>
						<string>(2264.958496, 2355.676758)</string>
						<string>(2261.849365, 2360.750488)</string>
						<string>(2258.582031, 2365.724365)</string>
						<string>(2255.160400, 2370.593018)</string>
						<string>(2251.587402, 2375.351807)</string>
						<string>(2247.866699, 2379.995850)</string>
						<string>(2244.001953, 2384.520996)</string>
						<string>(2239.997070, 2388.922363)</string>
						<string>(2235.855713, 2393.195801)</string>
						<string>(2231.582275, 2397.337158)</string>
						<string>(2227.180908, 2401.342041)</string>
						<string>(2222.655762, 2405.206787)</string>
						<string>(2218.011719, 2408.927490)</string>
						<string>(2213.252930, 2412.500488)</string>
						<string>(2208.384277, 2415.922119)</string>
						<string>(2203.410400, 2419.189453)</string>
						<string>(2198.336670, 2422.298584)</string>
						<string>(2193.167480, 2425.247070)</string>
						<string>(2187.908447, 2428.031494)</string>
						<string>(2182.564453, 2430.649658)</string>
						<string>(2177.140869, 2433.098389)</string>
						<string>(2171.643066, 2435.375732)</string>
						<string>(2166.076416, 2437.479248)</string>
						<string>(2160.446289, 2439.406738)</string>
						<string>(2154.758545, 2441.156494)</string>
						<string>(2149.018799, 2442.726807)</string>
						<string>(2143.232422, 2444.115967)</string>
						<string>(2137.405273, 2445.322754)</string>
						<string>(2131.542969, 2446.345703)</string>
						<string>(2125.651611, 2447.184326)</string>
						<string>(2119.736572, 2447.837402)</string>
						<string>(2113.804199, 2448.304199)</string>
						<string>(2107.859863, 2448.584473)</string>
						<string>(2101.909912, 2448.677979)</string>
						<string>(2095.959717, 2448.584473)</string>
						<string>(2090.015625, 2448.304199)</string>
						<string>(2084.083252, 2447.837402)</string>
						<string>(2078.168213, 2447.184326)</string>
						<string>(2072.276855, 2446.345703)</string>
						<string>(2066.414551, 2445.322754)</string>
						<string>(2060.587402, 2444.115967)</string>
						<string>(2054.801025, 2442.726807)</string>
						<string>(2049.061279, 2441.156494)</string>
						<string>(2043.373413, 2439.406738)</string>
						<string>(2037.743530, 2437.479248)</string>
						<string>(2032.176880, 2435.375732)</string>
						<string>(2026.678955, 2433.098389)</string>
						<string>(2021.255371, 2430.649658)</string>
						<string>(2015.911377, 2428.031494)</string>
						<string>(2010.652344, 2425.247070)</string>
						<string>(2005.483276, 2422.298584)</string>
						<string>(2000.409302, 2419.189453)</string>
						<string>(1995.435547, 2415.922119)</string>
						<string>(1990.566895, 2412.500488)</string>
						<string>(1985.808105, 2408.927490)</string>
						<string>(1981.163940, 2405.206787)</string>
						<string>(1976.638916, 2401.342041)</string>
						<string>(1972.237549, 2397.337158)</string>
						<string>(1967.964111, 2393.195801)</string>
						<string>(1963.822876, 2388.922363)</string>
						<string>(1959.817871, 2384.520996)</string>
						<string>(1955.953125, 2379.995850)</string>
						<string>(1952.232422, 2375.351807)</string>
						<string>(1948.659424, 2370.593018)</string>
						<string>(1945.237671, 2365.724365)</string>
						<string>(1941.970581, 2360.750488)</string>
						<string>(1938.861206, 2355.676758)</string>
						<string>(1935.912964, 2350.507568)</string>
						<string>(1933.128296, 2345.248535)</string>
						<string>(1930.510376, 2339.904541)</string>
						<string>(1928.061523, 2334.480957)</string>
						<string>(1925.784180, 2328.983154)</string>
						<string>(1923.680786, 2323.416504)</string>
						<string>(1921.753174, 2317.786377)</string>
						<string>(1920.003418, 2312.098633)</string>
						<string>(1918.433105, 2306.358887)</string>
						<string>(1917.043945, 2300.572510)</string>
						<string>(1915.837158, 2294.745361)</string>
						<string>(1914.814087, 2288.883057)</string>
						<string>(1913.975586, 2282.991699)</string>
						<string>(1913.322632, 2277.076660)</string>
						<string>(1912.855713, 2271.144287)</string>
						<string>(1912.575439, 2265.199951)</string>
						<string>(1912.481934, 2259.250000)</string>
						<string>(1912.575439, 2253.299805)</string>
						<string>(1912.855713, 2247.355713)</string>
						<string>(1913.322632, 2241.423340)</string>
						<string>(1913.975586, 2235.508301)</string>
						<string>(1914.814087, 2229.616943)</string>
						<string>(1915.837158, 2223.754639)</string>
						<string>(1917.043945, 2217.927490)</string>
						<string>(1918.433105, 2212.141113)</string>
						<string>(1920.003418, 2206.401367)</string>
						<string>(1921.753174, 2200.713623)</string>
						<string>(1923.680786, 2195.083496)</string>
						<string>(1925.784180, 2189.516846)</string>
						<string>(1928.061523, 2184.019043)</string>
						<string>(1930.510376, 2178.595459)</string>
						<string>(1933.128296, 2173.251465)</string>
						<string>(1935.912842, 2167.992432)</string>
						<string>(1938.861328, 2162.823242)</string>
						<string>(1941.970581, 2157.749512)</string>
						<string>(1945.237671, 2152.775635)</string>
						<string>(1948.659424, 2147.906982)</string>
						<string>(1952.232422, 2143.148193)</string>
						<string>(1955.953125, 2138.504150)</string>
						<string>(1959.817871, 2133.979004)</string>
						<string>(1963.822876, 2129.577637)</string>
						<string>(1967.964111, 2125.304199)</string>
						<string>(1972.237549, 2121.162842)</string>
						<string>(1976.638916, 2117.157959)</string>
						<string>(1981.163940, 2113.293213)</string>
						<string>(1985.808228, 2109.572510)</string>
						<string>(1990.567017, 2105.999512)</string>
						<string>(1995.435547, 2102.577881)</string>
						<string>(2000.409302, 2099.310791)</string>
						<string>(2005.483154, 2096.201416)</string>
						<string>(2010.652222, 2093.252930)</string>
						<string>(2015.911377, 2090.468506)</string>
						<string>(2021.255371, 2087.850342)</string>
						<string>(2026.678955, 2085.401611)</string>
						<string>(2032.176758, 2083.124268)</string>
						<string>(2037.743408, 2081.020752)</string>
						<string>(2043.373413, 2079.093262)</string>
						<string>(2049.061279, 2077.343506)</string>
						<string>(2054.801025, 2075.773193)</string>
						<string>(2060.587402, 2074.384033)</string>
						<string>(2066.414551, 2073.177246)</string>
						<string>(2072.276855, 2072.154297)</string>
						<string>(2078.168213, 2071.315674)</string>
						<string>(2084.083252, 2070.662598)</string>
						<string>(2090.015625, 2070.195801)</string>
						<string>(2095.959717, 2069.915527)</string>
						<string>(2101.909912, 2069.822021)</string>
						<string>(2107.860107, 2069.915527)</string>
						<string>(2113.804199, 2070.195801)</string>
						<string>(2119.736572, 2070.662598)</string>
						<string>(2125.651611, 2071.315674)</string>
						<string>(2131.542969, 2072.154297)</string>
						<string>(2137.405273, 2073.177246)</string>
						<string>(2143.232422, 2074.384033)</string>
						<string>(2149.018799, 2075.773193)</string>
						<string>(2154.758545, 2077.343506)</string>
						<string>(2160.446289, 2079.093262)</string>
						<string>(2166.076416, 2081.020752)</string>
						<string>(2171.643066, 2083.124268)</string>
						<string>(2177.140869, 2085.401611)</string>
						<string>(2182.564453, 2087.850342)</string>
						<string>(2187.908447, 2090.468506)</string>
						<string>(2193.167480, 2093.252930)</string>
						<string>(2198.336670, 2096.201416)</string>
						<string>(2203.410400, 2099.310547)</string>
						<string>(2208.384277, 2102.577881)</string>
						<string>(2213.252930, 2105.999512)</string>
						<string>(2218.011719, 2109.572510)</string>
						<string>(2222.655762, 2113.293213)</string>
						<string>(2227.180908, 2117.157959)</string>
						<string>(2231.582275, 2121.162842)</string>
						<string>(2235.855713, 2125.304199)</string>
						<string>(2239.997070, 2129.577637)</string>
						<string>(2244.001953, 2133.979004)</string>
						<string>(2247.866699, 2138.504150)</string>
						<string>(2251.587402, 2143.148193)</string>
						<string>(2255.160400, 2147.906982)</string>
						<string>(2258.582031, 2152.775635)</string>
						<string>(2261.849365, 2157.749512)</string>
						<string>(2264.958496, 2162.823242)</string>
						<string>(2267.906982, 2167.992432)</string>
						<string>(2270.691406, 2173.251465)</string>
						<string>(2273.309570, 2178.595459)</string>
						<string>(2275.758301, 2184.019043)</string>
						<string>(2278.035645, 2189.516846)</string>
						<string>(2280.139160, 2195.083496)</string>
						<string>(2282.066650, 2200.713623)</string>
						<string>(2283.816406, 2206.401367)</string>
						<string>(2285.386719, 2212.141113)</string>
						<string>(2286.775879, 2217.927490)</string>
						<string>(2287.982666, 2223.754639)</string>
						<string>(2289.005615, 2229.616943)</string>
						<string>(2289.844238, 2235.508301)</string>
						<string>(2290.497314, 2241.423340)</string>
						<string>(2290.964111, 2247.355713)</string>
						<string>(2291.244385, 2253.300049)</string>
					</array>
					<key>Total</key>
					<real>177686912</real>
					<key>Type</key>
					<integer>9</integer>
				</dict>
				<dict>
					<key>Area</key>
					<real>0.0</real>
					<key>Center</key>
					<string>(0.000000, 0.000000, 0.000000)</string>
					<key>Dev</key>
					<real>0.0</real>
					<key>IndexInImage</key>
					<integer>2</integer>
					<key>Max</key>
					<real>0.0</real>
					<key>Mean</key>
					<real>0.0</real>
					<key>Min</key>
					<real>0.0</real>
					<key>Name</key>
					<string>Calcification</string>
					<key>NumberOfPoints</key>
					<integer>1</integer>
					<key>Point_mm</key>
					<array>
						<string>(0.000000, 0.000000, 0.000000)</string>
					</array>
					<key>Point_px</key>
					<array>
						<string>(1126.910034, 1845.890015)</string>
					</array>
					<key>Total</key>
					<real>0.0</real>
					<key>Type</key>
					<integer>19</integer>
				</dict>
			</array>
		</dict>
	</array>
</dict>
</plist>
