<?xml version="1.0" encoding="UTF-8"?>
<!DOCTYPE plist PUBLIC "-//Apple//DTD PLIST 1.0//EN" "http://www.apple.com/DTDs/PropertyList-1.0.dtd">
<plist version="1.0">
<dict>
	<key>Images</key>
	<array>
		<dict>
			<key>ImageIndex</key>
			<integer>0</integer>
			<key>NumberOfROIs</key>
			<integer>1</integer>
			<key>ROIs</key>
			<array>
				<dict>
					<key>Area</key>
					<real>3.90032958984375</real>
					<key>Center</key>
					<string>(0.000000, 0.000000, 0.000000)</string>
					<key>Dev</key>
					<real>0.0</real>
					<key>IndexInImage</key>
					<integer>0</integer>
					<key>Max</key>
					<real>0.0</real>
					<key>Mean</key>
					<real>0.0</real>
					<key>Min</key>
					<real>0.0</real>
					<key>Name</key>
					<string>Mass</string>
					<key>NumberOfPoints</key>
					<integer>135</integer>
					<key>Point_mm</key>
					<array>
						<string>(0.000000, 0.000000, 0.000000)</string>
						<string>(0.000000, 0.000000, 0.000000)</string>
						<string>(0.000000, 0.000000, 0.000000)</string>
						<string>(0.000000, 0.000000, 0.000000)</string>
						<string>(0.000000, 0.000000, 0.000000)</string>
						<string>(0.000000, 0.000000, 0.000000)</string>
						<string>(0.000000, 0.000000, 0.000000)</string>
						<string>(0.000000, 0.000000, 0.000000)</string>
						<string>(0.000000, 0.000000, 0.000000)</string>
						<string>(0.000000, 0.000000, 0.000000)</string>
						<string>(0.000000, 0.000000, 0.000000)</string>
						<string>(0.000000, 0.000000, 0.000000)</string>
						<string>(0.000000, 0.000000, 0.000000)</string>
						<string>(0.000000, 0.000000, 0.000000)</string>
						<string>(0.000000, 0.000000, 0.000000)</string>
						<string>(0.000000, 0.000000, 0.000000)</string>
						<string>(0.000000, 0.000000, 0.000000)</string>
						<string>(0.000000, 0.000000, 0.000000)</string>
						<string>(0.000000, 0.000000, 0.000000)</string>
						<string>(0.000000, 0.000000, 0.000000)</string>
						<string>(0.000000, 0.000000, 0.000000)</string>
						<string>(0.000000, 0.000000, 0.000000)</string>
						<string>(0.000000, 0.000000, 0.000000)</string>
						<string>(0.000000, 0.000000, 0.000000)</string>
						<string>(0.000000, 0.000000, 0.000000)</string>
						<string>(0.000000, 0.000000, 0.000000)</string>
						<string>(0.000000, 0.000000, 0.000000)</string>
						<string>(0.000000, 0.000000, 0.000000)</string>
						<string>(0.000000, 0.000000, 0.000000)</string>
						<string>(0.000000, 0.000000, 0.000000)</string>
						<string>(0.000000, 0.000000, 0.000000)</string>
						<string>(0.000000, 0.000000, 0.000000)</string>
						<string>(0.000000, 0.000000, 0.000000)</string>
						<string>(0.000000, 0.000000, 0.000000)</string>
						<string>(0.000000, 0.000000, 0.000000)</string>
						<string>(0.000000, 0.000000, 0.000000)</string>
						<string>(0.000000, 0.000000, 0.000000)</string>
						<string>(0.000000, 0.000000, 0.000000)</string>
						<string>(0.000000, 0.000000, 0.000000)</string>
						<string>(0.000000, 0.000000, 0.000000)</string>
						<string>(0.000000, 0.000000, 0.000000)</string>
						<string>(0.000000, 0.000000, 0.000000)</string>
						<string>(0.000000, 0.000000, 0.000000)</string>
						<string>(0.000000, 0.000000, 0.000000)</string>
						<string>(0.000000, 0.000000, 0.000000)</string>
						<string>(0.000000, 0.000000, 0.000000)</string>
						<string>(0.000000, 0.000000, 0.000000)</string>
						<string>(0.000000, 0.000000, 0.000000)</string>
						<string>(0.000000, 0.000000, 0.000000)</string>
						<string>(0.000000, 0.000000, 0.000000)</string>
						<string>(0.000000, 0.000000, 0.000000)</string>
						<string>(0.000000, 0.000000, 0.000000)</string>
						<string>(0.000000, 0.000000, 0.000000)</string>
						<string>(0.000000, 0.000000, 0.000000)</string>
						<string>(0.000000, 0.000000, 0.000000)</string>
						<string>(0.000000, 0.000000, 0.000000)</string>
						<string>(0.000000, 0.000000, 0.000000)</string>
						<string>(0.000000, 0.000000, 0.000000)</string>
						<string>(0.000000, 0.000000, 0.000000)</string>
						<string>(0.000000, 0.000000, 0.000000)</string>
						<string>(0.000000, 0.000000, 0.000000)</string>
						<string>(0.000000, 0.000000, 0.000000)</string>
						<string>(0.000000, 0.000000, 0.000000)</string>
						<string>(0.000000, 0.000000, 0.000000)</string>
						<string>(0.000000, 0.000000, 0.000000)</string>
						<string>(0.000000, 0.000000, 0.000000)</string>
						<string>(0.000000, 0.000000, 0.000000)</string>
						<string>(0.000000, 0.000000, 0.000000)</string>
						<string>(0.000000, 0.000000, 0.000000)</string>
						<string>(0.000000, 0.000000, 0.000000)</string>
						<string>(0.000000, 0.000000, 0.000000)</string>
						<string>(0.000000, 0.000000, 0.000000)</string>
						<string>(0.000000, 0.000000, 0.000000)</string>
						<string>(0.000000, 0.000000, 0.000000)</string>
						<string>(0.000000, 0.000000, 0.000000)</string>
						<string>(0.000000, 0.000000, 0.000000)</string>
						<string>(0.000000, 0.000000, 0.000000)</string>
						<string>(0.000000, 0.000000, 0.000000)</string>
						<string>(0.000000, 0.000000, 0.000000)</string>
						<string>(0.000000, 0.000000, 0.000000)</string>
						<string>(0.000000, 0.000000, 0.000000)</string>
						<string>(0.000000, 0.000000, 0.000000)</string>
						<string>(0.000000, 0.000000, 0.000000)</string>
						<string>(0.000000, 0.000000, 0.000000)</string>
						<string>(0.000000, 0.000000, 0.000000)</string>
						<string>(0.000000, 0.000000, 0.000000)</string>
						<string>(0.000000, 0.000000, 0.000000)</string>
						<string>(0.000000, 0.000000, 0.000000)</string>
						<string>(0.000000, 0.000000, 0.000000)</string>
						<string>(0.000000, 0.000000, 0.000000)</string>
						<string>(0.000000, 0.000000, 0.000000)</string>
						<string>(0.000000, 0.000000, 0.000000)</string>
						<string>(0.000000, 0.000000, 0.000000)</string>
						<string>(0.000000, 0.000000, 0.000000)</string>
						<string>(0.000000, 0.000000, 0.000000)</string>
						<string>(0.000000, 0.000000, 0.000000)</string>
						<string>(0.000000, 0.000000, 0.000000)</string>
						<string>(0.000000, 0.000000, 0.000000)</string>
						<string>(0.000000, 0.000000, 0.000000)</string>
						<string>(0.000000, 0.000000, 0.000000)</string>
						<string>(0.000000, 0.000000, 0.000000)</string>
						<string>(0.000000, 0.000000, 0.000000)</string>
						<string>(0.000000, 0.000000, 0.000000)</string>
						<string>(0.000000, 0.000000, 0.000000)</string>
						<string>(0.000000, 0.000000, 0.000000)</string>
						<string>(0.000000, 0.000000, 0.000000)</string>
						<string>(0.000000, 0.000000, 0.000000)</string>
						<string>(0.000000, 0.000000, 0.000000)</string>
						<string>(0.000000, 0.000000, 0.000000)</string>
						<string>(0.000000, 0.000000, 0.000000)</string>
						<string>(0.000000, 0.000000, 0.000000)</string>
						<string>(0.000000, 0.000000, 0.000000)</string>
						<string>(0.000000, 0.000000, 0.000000)</string>
						<string>(0.000000, 0.000000, 0.000000)</string>
						<string>(0.000000, 0.000000, 0.000000)</string>
						<string>(0.000000, 0.000000, 0.000000)</string>
						<string>(0.000000, 0.000000, 0.000000)</string>
						<string>(0.000000, 0.000000, 0.000000)</string>
						<string>(0.000000, 0.000000, 0.000000)</string>
						<string>(0.000000, 0.000000, 0.000000)</string>
						<string>(0.000000, 0.000000, 0.000000)</string>
						<string>(0.000000, 0.000000, 0.000000)</string>
						<string>(0.000000, 0.000000, 0.000000)</string>
						<string>(0.000000, 0.000000, 0.000000)</string>
						<string>(0.000000, 0.000000, 0.000000)</string>
						<string>(0.000000, 0.000000, 0.000000)</string>
						<string>(0.000000, 0.000000, 0.000000)</string>
						<string>(0.000000, 0.000000, 0.000000)</string>
						<string>(0.000000, 0.000000, 0.000000)</string>
						<string>(0.000000, 0.000000, 0.000000)</string>
						<string>(0.000000, 0.000000, 0.000000)</string>
						<string>(0.000000, 0.000000, 0.000000)</string>
						<string>(0.000000, 0.000000, 0.000000)</string>
						<string>(0.000000, 0.000000, 0.000000)</string>
						<string>(0.000000, 0.000000, 0.000000)</string>
					</array>
					<key>Point_px</key>
					<array>
						<string>(47.766602, 2134.870117)</string>
						<string>(44.381802, 2139.830078)</string>
						<string>(41.811298, 2146.459961)</string>
						<string>(39.339600, 2153.620117)</string>
						<string>(39.257099, 2161.100098)</string>
						<string>(39.174599, 2168.590088)</string>
						<string>(37.844002, 2176.070068)</string>
						<string>(34.017700, 2183.510010)</string>
						<string>(29.662201, 2191.280029)</string>
						<string>(24.631100, 2194.560059)</string>
						<string>(18.721800, 2201.989990)</string>
						<string>(16.974400, 2209.459961)</string>
						<string>(14.413000, 2215.260010)</string>
						<string>(11.814800, 2224.389893)</string>
						<string>(10.049100, 2233.530029)</string>
						<string>(8.301760, 2241.000000)</string>
						<string>(7.068120, 2250.610107)</string>
						<string>(6.985600, 2258.100098)</string>
						<string>(5.655150, 2265.570068)</string>
						<string>(5.572630, 2273.060059)</string>
						<string>(5.490110, 2280.550049)</string>
						<string>(6.655520, 2288.050049)</string>
						<string>(6.573000, 2295.540039)</string>
						<string>(7.752200, 2301.790039)</string>
						<string>(10.165500, 2309.310059)</string>
						<string>(11.344700, 2315.560059)</string>
						<string>(12.523800, 2321.810059)</string>
						<string>(13.702900, 2328.070068)</string>
						<string>(14.882100, 2334.320068)</string>
						<string>(17.216999, 2338.500000)</string>
						<string>(23.784401, 2346.899902)</string>
						<string>(32.885700, 2351.989990)</string>
						<string>(38.657600, 2357.050049)</string>
						<string>(46.084999, 2362.959961)</string>
						<string>(53.503101, 2369.699951)</string>
						<string>(60.125599, 2373.110107)</string>
						<string>(67.589600, 2375.689941)</string>
						<string>(74.301598, 2378.659912)</string>
						<string>(81.775497, 2379.989990)</string>
						<string>(89.263100, 2380.070068)</string>
						<string>(96.750702, 2380.149902)</string>
						<string>(104.237999, 2380.239990)</string>
						<string>(113.537003, 2379.969971)</string>
						<string>(123.535004, 2379.320068)</string>
						<string>(131.160004, 2384.780029)</string>
						<string>(137.272995, 2387.919922)</string>
						<string>(144.130005, 2393.379883)</string>
						<string>(149.466995, 2397.280029)</string>
						<string>(155.210999, 2398.270020)</string>
						<string>(162.684998, 2399.600098)</string>
						<string>(170.158997, 2400.929932)</string>
						<string>(177.632996, 2402.260010)</string>
						<string>(185.119995, 2402.350098)</string>
						<string>(192.608002, 2402.429932)</string>
						<string>(201.343994, 2402.520020)</string>
						<string>(208.830994, 2402.610107)</string>
						<string>(215.085007, 2401.429932)</string>
						<string>(222.585999, 2400.260010)</string>
						<string>(230.074005, 2400.350098)</string>
						<string>(237.561005, 2400.429932)</string>
						<string>(245.048996, 2400.510010)</string>
						<string>(251.315994, 2398.080078)</string>
						<string>(258.845001, 2394.419922)</string>
						<string>(265.112000, 2391.989990)</string>
						<string>(271.378998, 2389.570068)</string>
						<string>(276.467010, 2382.979980)</string>
						<string>(281.515991, 2378.040039)</string>
						<string>(285.733002, 2373.090088)</string>
						<string>(293.298004, 2366.520020)</string>
						<string>(301.645996, 2361.199951)</string>
						<string>(306.720001, 2353.760010)</string>
						<string>(311.821991, 2347.570068)</string>
						<string>(316.916992, 2338.469971)</string>
						<string>(321.947998, 2335.199951)</string>
						<string>(328.671997, 2329.449951)</string>
						<string>(336.218994, 2324.530029)</string>
						<string>(340.416992, 2321.250000)</string>
						<string>(345.804993, 2318.000000)</string>
						<string>(342.200989, 2310.449951)</string>
						<string>(337.270996, 2304.560059)</string>
						<string>(337.354004, 2297.070068)</string>
						<string>(336.595001, 2290.409912)</string>
						<string>(337.481995, 2285.419922)</string>
						<string>(332.570007, 2277.870117)</string>
						<string>(332.644012, 2271.209961)</string>
						<string>(331.071014, 2262.870117)</string>
						<string>(333.660004, 2254.580078)</string>
						<string>(340.391998, 2247.989990)</string>
						<string>(341.666992, 2240.570068)</string>
						<string>(341.748993, 2233.080078)</string>
						<string>(344.328003, 2225.620117)</string>
						<string>(345.657990, 2218.149902)</string>
						<string>(345.739990, 2210.659912)</string>
						<string>(345.822998, 2203.179932)</string>
						<string>(341.794006, 2196.389893)</string>
						<string>(335.963013, 2191.830078)</string>
						<string>(329.791992, 2185.530029)</string>
						<string>(324.869995, 2179.229980)</string>
						<string>(321.194000, 2172.949951)</string>
						<string>(317.519012, 2166.669922)</string>
						<string>(311.348999, 2160.360107)</string>
						<string>(303.902008, 2156.530029)</string>
						<string>(296.470001, 2151.459961)</string>
						<string>(287.406006, 2145.840088)</string>
						<string>(275.752014, 2145.709961)</string>
						<string>(266.614990, 2142.389893)</string>
						<string>(259.140991, 2141.060059)</string>
						<string>(251.667999, 2139.729980)</string>
						<string>(244.194000, 2138.399902)</string>
						<string>(236.733994, 2135.820068)</string>
						<string>(229.300995, 2130.750000)</string>
						<string>(221.854996, 2126.919922)</string>
						<string>(214.421997, 2121.850098)</string>
						<string>(206.962006, 2119.270020)</string>
						<string>(199.501999, 2116.689941)</string>
						<string>(192.028000, 2115.360107)</string>
						<string>(184.539993, 2115.280029)</string>
						<string>(177.052994, 2115.199951)</string>
						<string>(169.550995, 2116.360107)</string>
						<string>(162.063995, 2116.280029)</string>
						<string>(154.576004, 2116.199951)</string>
						<string>(147.089005, 2116.110107)</string>
						<string>(139.600998, 2116.030029)</string>
						<string>(132.113007, 2115.949951)</string>
						<string>(124.625999, 2115.870117)</string>
						<string>(117.138000, 2115.780029)</string>
						<string>(109.650002, 2115.699951)</string>
						<string>(102.163002, 2115.620117)</string>
						<string>(94.689003, 2114.290039)</string>
						<string>(87.201302, 2114.209961)</string>
						<string>(79.713699, 2114.120117)</string>
						<string>(73.460297, 2115.300049)</string>
						<string>(67.179298, 2118.979980)</string>
						<string>(60.898399, 2122.649902)</string>
						<string>(54.603802, 2127.580078)</string>
					</array>
					<key>Total</key>
					<real>0.0</real>
					<key>Type</key>
					<integer>15</integer>
				</dict>
			</array>
		</dict>
	</array>
</dict>
</plist>
