<?xml version="1.0" encoding="UTF-8"?>
<!DOCTYPE plist PUBLIC "-//Apple//DTD PLIST 1.0//EN" "http://www.apple.com/DTDs/PropertyList-1.0.dtd">
<plist version="1.0">
<dict>
	<key>Images</key>
	<array>
		<dict>
			<key>ImageIndex</key>
			<integer>0</integer>
			<key>NumberOfROIs</key>
			<integer>3</integer>
			<key>ROIs</key>
			<array>
				<dict>
					<key>Area</key>
					<real>0.88196247816085815</real>
					<key>Center</key>
					<string>(0.000000, 0.000000, 0.000000)</string>
					<key>Dev</key>
					<real>263.5458984375</real>
					<key>IndexInImage</key>
					<integer>0</integer>
					<key>Max</key>
					<real>3043</real>
					<key>Mean</key>
					<real>1600.509521484375</real>
					<key>Min</key>
					<real>1012</real>
					<key>Name</key>
					<string>Cluster</string>
					<key>NumberOfPoints</key>
					<integer>200</integer>
					<key>Point_mm</key>
					<array>
						<string>(0.000000, 0.000000, 0.000000)</string>
						<string>(0.000000, 0.000000, 0.000000)</string>
						<string>(0.000000, 0.000000, 0.000000)</string>
						<string>(0.000000, 0.000000, 0.000000)</string>
						<string>(0.000000, 0.000000, 0.000000)</string>
						<string>(0.000000, 0.000000, 0.000000)</string>
						<string>(0.000000, 0.000000, 0.000000)</string>
						<string>(0.000000, 0.000000, 0.000000)</string>
						<string>(0.000000, 0.000000, 0.000000)</string>
						<string>(0.000000, 0.000000, 0.000000)</string>
						<string>(0.000000, 0.000000, 0.000000)</string>
						<string>(0.000000, 0.000000, 0.000000)</string>
						<string>(0.000000, 0.000000, 0.000000)</string>
						<string>(0.000000, 0.000000, 0.000000)</string>
						<string>(0.000000, 0.000000, 0.000000)</string>
						<string>(0.000000, 0.000000, 0.000000)</string>
						<string>(0.000000, 0.000000, 0.000000)</string>
						<string>(0.000000, 0.000000, 0.000000)</string>
						<string>(0.000000, 0.000000, 0.000000)</string>
						<string>(0.000000, 0.000000, 0.000000)</string>
						<string>(0.000000, 0.000000, 0.000000)</string>
						<string>(0.000000, 0.000000, 0.000000)</string>
						<string>(0.000000, 0.000000, 0.000000)</string>
						<string>(0.000000, 0.000000, 0.000000)</string>
						<string>(0.000000, 0.000000, 0.000000)</string>
						<string>(0.000000, 0.000000, 0.000000)</string>
						<string>(0.000000, 0.000000, 0.000000)</string>
						<string>(0.000000, 0.000000, 0.000000)</string>
						<string>(0.000000, 0.000000, 0.000000)</string>
						<string>(0.000000, 0.000000, 0.000000)</string>
						<string>(0.000000, 0.000000, 0.000000)</string>
						<string>(0.000000, 0.000000, 0.000000)</string>
						<string>(0.000000, 0.000000, 0.000000)</string>
						<string>(0.000000, 0.000000, 0.000000)</string>
						<string>(0.000000, 0.000000, 0.000000)</string>
						<string>(0.000000, 0.000000, 0.000000)</string>
						<string>(0.000000, 0.000000, 0.000000)</string>
						<string>(0.000000, 0.000000, 0.000000)</string>
						<string>(0.000000, 0.000000, 0.000000)</string>
						<string>(0.000000, 0.000000, 0.000000)</string>
						<string>(0.000000, 0.000000, 0.000000)</string>
						<string>(0.000000, 0.000000, 0.000000)</string>
						<string>(0.000000, 0.000000, 0.000000)</string>
						<string>(0.000000, 0.000000, 0.000000)</string>
						<string>(0.000000, 0.000000, 0.000000)</string>
						<string>(0.000000, 0.000000, 0.000000)</string>
						<string>(0.000000, 0.000000, 0.000000)</string>
						<string>(0.000000, 0.000000, 0.000000)</string>
						<string>(0.000000, 0.000000, 0.000000)</string>
						<string>(0.000000, 0.000000, 0.000000)</string>
						<string>(0.000000, 0.000000, 0.000000)</string>
						<string>(0.000000, 0.000000, 0.000000)</string>
						<string>(0.000000, 0.000000, 0.000000)</string>
						<string>(0.000000, 0.000000, 0.000000)</string>
						<string>(0.000000, 0.000000, 0.000000)</string>
						<string>(0.000000, 0.000000, 0.000000)</string>
						<string>(0.000000, 0.000000, 0.000000)</string>
						<string>(0.000000, 0.000000, 0.000000)</string>
						<string>(0.000000, 0.000000, 0.000000)</string>
						<string>(0.000000, 0.000000, 0.000000)</string>
						<string>(0.000000, 0.000000, 0.000000)</string>
						<string>(0.000000, 0.000000, 0.000000)</string>
						<string>(0.000000, 0.000000, 0.000000)</string>
						<string>(0.000000, 0.000000, 0.000000)</string>
						<string>(0.000000, 0.000000, 0.000000)</string>
						<string>(0.000000, 0.000000, 0.000000)</string>
						<string>(0.000000, 0.000000, 0.000000)</string>
						<string>(0.000000, 0.000000, 0.000000)</string>
						<string>(0.000000, 0.000000, 0.000000)</string>
						<string>(0.000000, 0.000000, 0.000000)</string>
						<string>(0.000000, 0.000000, 0.000000)</string>
						<string>(0.000000, 0.000000, 0.000000)</string>
						<string>(0.000000, 0.000000, 0.000000)</string>
						<string>(0.000000, 0.000000, 0.000000)</string>
						<string>(0.000000, 0.000000, 0.000000)</string>
						<string>(0.000000, 0.000000, 0.000000)</string>
						<string>(0.000000, 0.000000, 0.000000)</string>
						<string>(0.000000, 0.000000, 0.000000)</string>
						<string>(0.000000, 0.000000, 0.000000)</string>
						<string>(0.000000, 0.000000, 0.000000)</string>
						<string>(0.000000, 0.000000, 0.000000)</string>
						<string>(0.000000, 0.000000, 0.000000)</string>
						<string>(0.000000, 0.000000, 0.000000)</string>
						<string>(0.000000, 0.000000, 0.000000)</string>
						<string>(0.000000, 0.000000, 0.000000)</string>
						<string>(0.000000, 0.000000, 0.000000)</string>
						<string>(0.000000, 0.000000, 0.000000)</string>
						<string>(0.000000, 0.000000, 0.000000)</string>
						<string>(0.000000, 0.000000, 0.000000)</string>
						<string>(0.000000, 0.000000, 0.000000)</string>
						<string>(0.000000, 0.000000, 0.000000)</string>
						<string>(0.000000, 0.000000, 0.000000)</string>
						<string>(0.000000, 0.000000, 0.000000)</string>
						<string>(0.000000, 0.000000, 0.000000)</string>
						<string>(0.000000, 0.000000, 0.000000)</string>
						<string>(0.000000, 0.000000, 0.000000)</string>
						<string>(0.000000, 0.000000, 0.000000)</string>
						<string>(0.000000, 0.000000, 0.000000)</string>
						<string>(0.000000, 0.000000, 0.000000)</string>
						<string>(0.000000, 0.000000, 0.000000)</string>
						<string>(0.000000, 0.000000, 0.000000)</string>
						<string>(0.000000, 0.000000, 0.000000)</string>
						<string>(0.000000, 0.000000, 0.000000)</string>
						<string>(0.000000, 0.000000, 0.000000)</string>
						<string>(0.000000, 0.000000, 0.000000)</string>
						<string>(0.000000, 0.000000, 0.000000)</string>
						<string>(0.000000, 0.000000, 0.000000)</string>
						<string>(0.000000, 0.000000, 0.000000)</string>
						<string>(0.000000, 0.000000, 0.000000)</string>
						<string>(0.000000, 0.000000, 0.000000)</string>
						<string>(0.000000, 0.000000, 0.000000)</string>
						<string>(0.000000, 0.000000, 0.000000)</string>
						<string>(0.000000, 0.000000, 0.000000)</string>
						<string>(0.000000, 0.000000, 0.000000)</string>
						<string>(0.000000, 0.000000, 0.000000)</string>
						<string>(0.000000, 0.000000, 0.000000)</string>
						<string>(0.000000, 0.000000, 0.000000)</string>
						<string>(0.000000, 0.000000, 0.000000)</string>
						<string>(0.000000, 0.000000, 0.000000)</string>
						<string>(0.000000, 0.000000, 0.000000)</string>
						<string>(0.000000, 0.000000, 0.000000)</string>
						<string>(0.000000, 0.000000, 0.000000)</string>
						<string>(0.000000, 0.000000, 0.000000)</string>
						<string>(0.000000, 0.000000, 0.000000)</string>
						<string>(0.000000, 0.000000, 0.000000)</string>
						<string>(0.000000, 0.000000, 0.000000)</string>
						<string>(0.000000, 0.000000, 0.000000)</string>
						<string>(0.000000, 0.000000, 0.000000)</string>
						<string>(0.000000, 0.000000, 0.000000)</string>
						<string>(0.000000, 0.000000, 0.000000)</string>
						<string>(0.000000, 0.000000, 0.000000)</string>
						<string>(0.000000, 0.000000, 0.000000)</string>
						<string>(0.000000, 0.000000, 0.000000)</string>
						<string>(0.000000, 0.000000, 0.000000)</string>
						<string>(0.000000, 0.000000, 0.000000)</string>
						<string>(0.000000, 0.000000, 0.000000)</string>
						<string>(0.000000, 0.000000, 0.000000)</string>
						<string>(0.000000, 0.000000, 0.000000)</string>
						<string>(0.000000, 0.000000, 0.000000)</string>
						<string>(0.000000, 0.000000, 0.000000)</string>
						<string>(0.000000, 0.000000, 0.000000)</string>
						<string>(0.000000, 0.000000, 0.000000)</string>
						<string>(0.000000, 0.000000, 0.000000)</string>
						<string>(0.000000, 0.000000, 0.000000)</string>
						<string>(0.000000, 0.000000, 0.000000)</string>
						<string>(0.000000, 0.000000, 0.000000)</string>
						<string>(0.000000, 0.000000, 0.000000)</string>
						<string>(0.000000, 0.000000, 0.000000)</string>
						<string>(0.000000, 0.000000, 0.000000)</string>
						<string>(0.000000, 0.000000, 0.000000)</string>
						<string>(0.000000, 0.000000, 0.000000)</string>
						<string>(0.000000, 0.000000, 0.000000)</string>
						<string>(0.000000, 0.000000, 0.000000)</string>
						<string>(0.000000, 0.000000, 0.000000)</string>
						<string>(0.000000, 0.000000, 0.000000)</string>
						<string>(0.000000, 0.000000, 0.000000)</string>
						<string>(0.000000, 0.000000, 0.000000)</string>
						<string>(0.000000, 0.000000, 0.000000)</string>
						<string>(0.000000, 0.000000, 0.000000)</string>
						<string>(0.000000, 0.000000, 0.000000)</string>
						<string>(0.000000, 0.000000, 0.000000)</string>
						<string>(0.000000, 0.000000, 0.000000)</string>
						<string>(0.000000, 0.000000, 0.000000)</string>
						<string>(0.000000, 0.000000, 0.000000)</string>
						<string>(0.000000, 0.000000, 0.000000)</string>
						<string>(0.000000, 0.000000, 0.000000)</string>
						<string>(0.000000, 0.000000, 0.000000)</string>
						<string>(0.000000, 0.000000, 0.000000)</string>
						<string>(0.000000, 0.000000, 0.000000)</string>
						<string>(0.000000, 0.000000, 0.000000)</string>
						<string>(0.000000, 0.000000, 0.000000)</string>
						<string>(0.000000, 0.000000, 0.000000)</string>
						<string>(0.000000, 0.000000, 0.000000)</string>
						<string>(0.000000, 0.000000, 0.000000)</string>
						<string>(0.000000, 0.000000, 0.000000)</string>
						<string>(0.000000, 0.000000, 0.000000)</string>
						<string>(0.000000, 0.000000, 0.000000)</string>
						<string>(0.000000, 0.000000, 0.000000)</string>
						<string>(0.000000, 0.000000, 0.000000)</string>
						<string>(0.000000, 0.000000, 0.000000)</string>
						<string>(0.000000, 0.000000, 0.000000)</string>
						<string>(0.000000, 0.000000, 0.000000)</string>
						<string>(0.000000, 0.000000, 0.000000)</string>
						<string>(0.000000, 0.000000, 0.000000)</string>
						<string>(0.000000, 0.000000, 0.000000)</string>
						<string>(0.000000, 0.000000, 0.000000)</string>
						<string>(0.000000, 0.000000, 0.000000)</string>
						<string>(0.000000, 0.000000, 0.000000)</string>
						<string>(0.000000, 0.000000, 0.000000)</string>
						<string>(0.000000, 0.000000, 0.000000)</string>
						<string>(0.000000, 0.000000, 0.000000)</string>
						<string>(0.000000, 0.000000, 0.000000)</string>
						<string>(0.000000, 0.000000, 0.000000)</string>
						<string>(0.000000, 0.000000, 0.000000)</string>
						<string>(0.000000, 0.000000, 0.000000)</string>
						<string>(0.000000, 0.000000, 0.000000)</string>
						<string>(0.000000, 0.000000, 0.000000)</string>
						<string>(0.000000, 0.000000, 0.000000)</string>
						<string>(0.000000, 0.000000, 0.000000)</string>
						<string>(0.000000, 0.000000, 0.000000)</string>
					</array>
					<key>Point_px</key>
					<array>
						<string>(2182.876953, 1235.829956)</string>
						<string>(2182.839844, 1238.219360)</string>
						<string>(2182.728271, 1240.606445)</string>
						<string>(2182.542725, 1242.988770)</string>
						<string>(2182.282959, 1245.364014)</string>
						<string>(2181.949707, 1247.729858)</string>
						<string>(2181.542969, 1250.083984)</string>
						<string>(2181.062988, 1252.424072)</string>
						<string>(2180.510742, 1254.747681)</string>
						<string>(2179.886475, 1257.052734)</string>
						<string>(2179.190674, 1259.336792)</string>
						<string>(2178.424316, 1261.597656)</string>
						<string>(2177.587891, 1263.833130)</string>
						<string>(2176.682373, 1266.040894)</string>
						<string>(2175.708740, 1268.218872)</string>
						<string>(2174.667969, 1270.364868)</string>
						<string>(2173.560791, 1272.476807)</string>
						<string>(2172.388428, 1274.552612)</string>
						<string>(2171.152344, 1276.590088)</string>
						<string>(2169.853271, 1278.587524)</string>
						<string>(2168.492676, 1280.542603)</string>
						<string>(2167.072021, 1282.453613)</string>
						<string>(2165.592773, 1284.318604)</string>
						<string>(2164.056152, 1286.135742)</string>
						<string>(2162.463623, 1287.903198)</string>
						<string>(2160.817139, 1289.619385)</string>
						<string>(2159.117920, 1291.282349)</string>
						<string>(2157.367920, 1292.890625)</string>
						<string>(2155.568848, 1294.442627)</string>
						<string>(2153.722412, 1295.936768)</string>
						<string>(2151.830322, 1297.371582)</string>
						<string>(2149.894531, 1298.745728)</string>
						<string>(2147.916748, 1300.057739)</string>
						<string>(2145.899414, 1301.306396)</string>
						<string>(2143.844238, 1302.490356)</string>
						<string>(2141.753174, 1303.608521)</string>
						<string>(2139.628418, 1304.659912)</string>
						<string>(2137.471924, 1305.643311)</string>
						<string>(2135.286133, 1306.557739)</string>
						<string>(2133.072754, 1307.402466)</string>
						<string>(2130.834229, 1308.176514)</string>
						<string>(2128.572754, 1308.879272)</string>
						<string>(2126.290527, 1309.509766)</string>
						<string>(2123.989990, 1310.067627)</string>
						<string>(2121.673096, 1310.552246)</string>
						<string>(2119.342285, 1310.963135)</string>
						<string>(2116.999756, 1311.299805)</string>
						<string>(2114.647949, 1311.562012)</string>
						<string>(2112.289307, 1311.749512)</string>
						<string>(2109.925781, 1311.862183)</string>
						<string>(2107.560059, 1311.899658)</string>
						<string>(2105.194336, 1311.862183)</string>
						<string>(2102.830811, 1311.749512)</string>
						<string>(2100.472168, 1311.562012)</string>
						<string>(2098.120361, 1311.299805)</string>
						<string>(2095.777832, 1310.963135)</string>
						<string>(2093.447021, 1310.552246)</string>
						<string>(2091.130127, 1310.067627)</string>
						<string>(2088.829590, 1309.509766)</string>
						<string>(2086.547363, 1308.879150)</string>
						<string>(2084.285889, 1308.176514)</string>
						<string>(2082.047363, 1307.402466)</string>
						<string>(2079.833984, 1306.557739)</string>
						<string>(2077.648193, 1305.643311)</string>
						<string>(2075.491699, 1304.659912)</string>
						<string>(2073.366943, 1303.608521)</string>
						<string>(2071.275879, 1302.490356)</string>
						<string>(2069.220703, 1301.306396)</string>
						<string>(2067.203369, 1300.057739)</string>
						<string>(2065.225586, 1298.745728)</string>
						<string>(2063.289795, 1297.371582)</string>
						<string>(2061.397705, 1295.936768)</string>
						<string>(2059.551270, 1294.442627)</string>
						<string>(2057.752197, 1292.890625)</string>
						<string>(2056.002197, 1291.282349)</string>
						<string>(2054.302979, 1289.619385)</string>
						<string>(2052.656494, 1287.903198)</string>
						<string>(2051.063965, 1286.135742)</string>
						<string>(2049.527344, 1284.318604)</string>
						<string>(2048.048096, 1282.453613)</string>
						<string>(2046.627441, 1280.542603)</string>
						<string>(2045.266968, 1278.587524)</string>
						<string>(2043.967896, 1276.590088)</string>
						<string>(2042.731689, 1274.552612)</string>
						<string>(2041.559326, 1272.476807)</string>
						<string>(2040.452271, 1270.364868)</string>
						<string>(2039.411255, 1268.218872)</string>
						<string>(2038.437622, 1266.040894)</string>
						<string>(2037.532227, 1263.833130)</string>
						<string>(2036.695801, 1261.597656)</string>
						<string>(2035.929443, 1259.336792)</string>
						<string>(2035.233765, 1257.052734)</string>
						<string>(2034.609375, 1254.747681)</string>
						<string>(2034.057007, 1252.424072)</string>
						<string>(2033.577271, 1250.083984)</string>
						<string>(2033.170410, 1247.729858)</string>
						<string>(2032.837036, 1245.364014)</string>
						<string>(2032.577393, 1242.988770)</string>
						<string>(2032.391724, 1240.606445)</string>
						<string>(2032.280273, 1238.219360)</string>
						<string>(2032.243164, 1235.829956)</string>
						<string>(2032.280273, 1233.440552)</string>
						<string>(2032.391724, 1231.053467)</string>
						<string>(2032.577393, 1228.671143)</string>
						<string>(2032.837036, 1226.295898)</string>
						<string>(2033.170410, 1223.930054)</string>
						<string>(2033.577271, 1221.575928)</string>
						<string>(2034.057007, 1219.235840)</string>
						<string>(2034.609375, 1216.912231)</string>
						<string>(2035.233765, 1214.607178)</string>
						<string>(2035.929443, 1212.323120)</string>
						<string>(2036.695801, 1210.062256)</string>
						<string>(2037.532227, 1207.826782)</string>
						<string>(2038.437622, 1205.619019)</string>
						<string>(2039.411255, 1203.441040)</string>
						<string>(2040.452148, 1201.295044)</string>
						<string>(2041.559326, 1199.183105)</string>
						<string>(2042.731689, 1197.107300)</string>
						<string>(2043.967896, 1195.069824)</string>
						<string>(2045.266968, 1193.072388)</string>
						<string>(2046.627441, 1191.117310)</string>
						<string>(2048.048096, 1189.206299)</string>
						<string>(2049.527344, 1187.341309)</string>
						<string>(2051.063965, 1185.524170)</string>
						<string>(2052.656494, 1183.756714)</string>
						<string>(2054.302979, 1182.040527)</string>
						<string>(2056.002197, 1180.377563)</string>
						<string>(2057.752197, 1178.769287)</string>
						<string>(2059.551270, 1177.217285)</string>
						<string>(2061.397705, 1175.723145)</string>
						<string>(2063.289795, 1174.288208)</string>
						<string>(2065.225586, 1172.914185)</string>
						<string>(2067.203125, 1171.602173)</string>
						<string>(2069.220703, 1170.353516)</string>
						<string>(2071.275879, 1169.169556)</string>
						<string>(2073.366943, 1168.051392)</string>
						<string>(2075.491699, 1167.000000)</string>
						<string>(2077.648193, 1166.016602)</string>
						<string>(2079.833984, 1165.102173)</string>
						<string>(2082.047363, 1164.257446)</string>
						<string>(2084.285889, 1163.483398)</string>
						<string>(2086.547363, 1162.780762)</string>
						<string>(2088.829590, 1162.150146)</string>
						<string>(2091.130127, 1161.592285)</string>
						<string>(2093.447021, 1161.107666)</string>
						<string>(2095.777832, 1160.696777)</string>
						<string>(2098.120361, 1160.360107)</string>
						<string>(2100.472168, 1160.097900)</string>
						<string>(2102.830811, 1159.910400)</string>
						<string>(2105.194336, 1159.797729)</string>
						<string>(2107.560059, 1159.760254)</string>
						<string>(2109.925781, 1159.797729)</string>
						<string>(2112.289307, 1159.910400)</string>
						<string>(2114.647949, 1160.097900)</string>
						<string>(2116.999756, 1160.360107)</string>
						<string>(2119.342285, 1160.696777)</string>
						<string>(2121.673096, 1161.107666)</string>
						<string>(2123.989990, 1161.592285)</string>
						<string>(2126.290527, 1162.150146)</string>
						<string>(2128.572754, 1162.780762)</string>
						<string>(2130.834229, 1163.483398)</string>
						<string>(2133.072754, 1164.257446)</string>
						<string>(2135.286133, 1165.102173)</string>
						<string>(2137.471924, 1166.016602)</string>
						<string>(2139.628418, 1167.000000)</string>
						<string>(2141.753174, 1168.051392)</string>
						<string>(2143.844238, 1169.169556)</string>
						<string>(2145.899414, 1170.353516)</string>
						<string>(2147.916748, 1171.602173)</string>
						<string>(2149.894531, 1172.914185)</string>
						<string>(2151.830322, 1174.288208)</string>
						<string>(2153.722412, 1175.723145)</string>
						<string>(2155.568848, 1177.217285)</string>
						<string>(2157.367920, 1178.769165)</string>
						<string>(2159.117920, 1180.377563)</string>
						<string>(2160.817139, 1182.040527)</string>
						<string>(2162.463623, 1183.756714)</string>
						<string>(2164.056152, 1185.524170)</string>
						<string>(2165.592773, 1187.341309)</string>
						<string>(2167.072021, 1189.206299)</string>
						<string>(2168.492676, 1191.117310)</string>
						<string>(2169.853271, 1193.072388)</string>
						<string>(2171.152100, 1195.069824)</string>
						<string>(2172.388428, 1197.107300)</string>
						<string>(2173.560791, 1199.183105)</string>
						<string>(2174.667969, 1201.295044)</string>
						<string>(2175.708740, 1203.441040)</string>
						<string>(2176.682373, 1205.619019)</string>
						<string>(2177.587891, 1207.826782)</string>
						<string>(2178.424316, 1210.062256)</string>
						<string>(2179.190674, 1212.323120)</string>
						<string>(2179.886475, 1214.607178)</string>
						<string>(2180.510742, 1216.912231)</string>
						<string>(2181.062988, 1219.235840)</string>
						<string>(2181.542969, 1221.575928)</string>
						<string>(2181.949707, 1223.930054)</string>
						<string>(2182.282959, 1226.295898)</string>
						<string>(2182.542725, 1228.671143)</string>
						<string>(2182.728271, 1231.053467)</string>
						<string>(2182.839844, 1233.440552)</string>
					</array>
					<key>Total</key>
					<real>29014036</real>
					<key>Type</key>
					<integer>9</integer>
				</dict>
				<dict>
					<key>Area</key>
					<real>0.23140537738800049</real>
					<key>Center</key>
					<string>(0.000000, 0.000000, 0.000000)</string>
					<key>Dev</key>
					<real>192.87910461425781</real>
					<key>IndexInImage</key>
					<integer>1</integer>
					<key>Max</key>
					<real>2670</real>
					<key>Mean</key>
					<real>1418.0308837890625</real>
					<key>Min</key>
					<real>990</real>
					<key>Name</key>
					<string>Cluster</string>
					<key>NumberOfPoints</key>
					<integer>200</integer>
					<key>Point_mm</key>
					<array>
						<string>(0.000000, 0.000000, 0.000000)</string>
						<string>(0.000000, 0.000000, 0.000000)</string>
						<string>(0.000000, 0.000000, 0.000000)</string>
						<string>(0.000000, 0.000000, 0.000000)</string>
						<string>(0.000000, 0.000000, 0.000000)</string>
						<string>(0.000000, 0.000000, 0.000000)</string>
						<string>(0.000000, 0.000000, 0.000000)</string>
						<string>(0.000000, 0.000000, 0.000000)</string>
						<string>(0.000000, 0.000000, 0.000000)</string>
						<string>(0.000000, 0.000000, 0.000000)</string>
						<string>(0.000000, 0.000000, 0.000000)</string>
						<string>(0.000000, 0.000000, 0.000000)</string>
						<string>(0.000000, 0.000000, 0.000000)</string>
						<string>(0.000000, 0.000000, 0.000000)</string>
						<string>(0.000000, 0.000000, 0.000000)</string>
						<string>(0.000000, 0.000000, 0.000000)</string>
						<string>(0.000000, 0.000000, 0.000000)</string>
						<string>(0.000000, 0.000000, 0.000000)</string>
						<string>(0.000000, 0.000000, 0.000000)</string>
						<string>(0.000000, 0.000000, 0.000000)</string>
						<string>(0.000000, 0.000000, 0.000000)</string>
						<string>(0.000000, 0.000000, 0.000000)</string>
						<string>(0.000000, 0.000000, 0.000000)</string>
						<string>(0.000000, 0.000000, 0.000000)</string>
						<string>(0.000000, 0.000000, 0.000000)</string>
						<string>(0.000000, 0.000000, 0.000000)</string>
						<string>(0.000000, 0.000000, 0.000000)</string>
						<string>(0.000000, 0.000000, 0.000000)</string>
						<string>(0.000000, 0.000000, 0.000000)</string>
						<string>(0.000000, 0.000000, 0.000000)</string>
						<string>(0.000000, 0.000000, 0.000000)</string>
						<string>(0.000000, 0.000000, 0.000000)</string>
						<string>(0.000000, 0.000000, 0.000000)</string>
						<string>(0.000000, 0.000000, 0.000000)</string>
						<string>(0.000000, 0.000000, 0.000000)</string>
						<string>(0.000000, 0.000000, 0.000000)</string>
						<string>(0.000000, 0.000000, 0.000000)</string>
						<string>(0.000000, 0.000000, 0.000000)</string>
						<string>(0.000000, 0.000000, 0.000000)</string>
						<string>(0.000000, 0.000000, 0.000000)</string>
						<string>(0.000000, 0.000000, 0.000000)</string>
						<string>(0.000000, 0.000000, 0.000000)</string>
						<string>(0.000000, 0.000000, 0.000000)</string>
						<string>(0.000000, 0.000000, 0.000000)</string>
						<string>(0.000000, 0.000000, 0.000000)</string>
						<string>(0.000000, 0.000000, 0.000000)</string>
						<string>(0.000000, 0.000000, 0.000000)</string>
						<string>(0.000000, 0.000000, 0.000000)</string>
						<string>(0.000000, 0.000000, 0.000000)</string>
						<string>(0.000000, 0.000000, 0.000000)</string>
						<string>(0.000000, 0.000000, 0.000000)</string>
						<string>(0.000000, 0.000000, 0.000000)</string>
						<string>(0.000000, 0.000000, 0.000000)</string>
						<string>(0.000000, 0.000000, 0.000000)</string>
						<string>(0.000000, 0.000000, 0.000000)</string>
						<string>(0.000000, 0.000000, 0.000000)</string>
						<string>(0.000000, 0.000000, 0.000000)</string>
						<string>(0.000000, 0.000000, 0.000000)</string>
						<string>(0.000000, 0.000000, 0.000000)</string>
						<string>(0.000000, 0.000000, 0.000000)</string>
						<string>(0.000000, 0.000000, 0.000000)</string>
						<string>(0.000000, 0.000000, 0.000000)</string>
						<string>(0.000000, 0.000000, 0.000000)</string>
						<string>(0.000000, 0.000000, 0.000000)</string>
						<string>(0.000000, 0.000000, 0.000000)</string>
						<string>(0.000000, 0.000000, 0.000000)</string>
						<string>(0.000000, 0.000000, 0.000000)</string>
						<string>(0.000000, 0.000000, 0.000000)</string>
						<string>(0.000000, 0.000000, 0.000000)</string>
						<string>(0.000000, 0.000000, 0.000000)</string>
						<string>(0.000000, 0.000000, 0.000000)</string>
						<string>(0.000000, 0.000000, 0.000000)</string>
						<string>(0.000000, 0.000000, 0.000000)</string>
						<string>(0.000000, 0.000000, 0.000000)</string>
						<string>(0.000000, 0.000000, 0.000000)</string>
						<string>(0.000000, 0.000000, 0.000000)</string>
						<string>(0.000000, 0.000000, 0.000000)</string>
						<string>(0.000000, 0.000000, 0.000000)</string>
						<string>(0.000000, 0.000000, 0.000000)</string>
						<string>(0.000000, 0.000000, 0.000000)</string>
						<string>(0.000000, 0.000000, 0.000000)</string>
						<string>(0.000000, 0.000000, 0.000000)</string>
						<string>(0.000000, 0.000000, 0.000000)</string>
						<string>(0.000000, 0.000000, 0.000000)</string>
						<string>(0.000000, 0.000000, 0.000000)</string>
						<string>(0.000000, 0.000000, 0.000000)</string>
						<string>(0.000000, 0.000000, 0.000000)</string>
						<string>(0.000000, 0.000000, 0.000000)</string>
						<string>(0.000000, 0.000000, 0.000000)</string>
						<string>(0.000000, 0.000000, 0.000000)</string>
						<string>(0.000000, 0.000000, 0.000000)</string>
						<string>(0.000000, 0.000000, 0.000000)</string>
						<string>(0.000000, 0.000000, 0.000000)</string>
						<string>(0.000000, 0.000000, 0.000000)</string>
						<string>(0.000000, 0.000000, 0.000000)</string>
						<string>(0.000000, 0.000000, 0.000000)</string>
						<string>(0.000000, 0.000000, 0.000000)</string>
						<string>(0.000000, 0.000000, 0.000000)</string>
						<string>(0.000000, 0.000000, 0.000000)</string>
						<string>(0.000000, 0.000000, 0.000000)</string>
						<string>(0.000000, 0.000000, 0.000000)</string>
						<string>(0.000000, 0.000000, 0.000000)</string>
						<string>(0.000000, 0.000000, 0.000000)</string>
						<string>(0.000000, 0.000000, 0.000000)</string>
						<string>(0.000000, 0.000000, 0.000000)</string>
						<string>(0.000000, 0.000000, 0.000000)</string>
						<string>(0.000000, 0.000000, 0.000000)</string>
						<string>(0.000000, 0.000000, 0.000000)</string>
						<string>(0.000000, 0.000000, 0.000000)</string>
						<string>(0.000000, 0.000000, 0.000000)</string>
						<string>(0.000000, 0.000000, 0.000000)</string>
						<string>(0.000000, 0.000000, 0.000000)</string>
						<string>(0.000000, 0.000000, 0.000000)</string>
						<string>(0.000000, 0.000000, 0.000000)</string>
						<string>(0.000000, 0.000000, 0.000000)</string>
						<string>(0.000000, 0.000000, 0.000000)</string>
						<string>(0.000000, 0.000000, 0.000000)</string>
						<string>(0.000000, 0.000000, 0.000000)</string>
						<string>(0.000000, 0.000000, 0.000000)</string>
						<string>(0.000000, 0.000000, 0.000000)</string>
						<string>(0.000000, 0.000000, 0.000000)</string>
						<string>(0.000000, 0.000000, 0.000000)</string>
						<string>(0.000000, 0.000000, 0.000000)</string>
						<string>(0.000000, 0.000000, 0.000000)</string>
						<string>(0.000000, 0.000000, 0.000000)</string>
						<string>(0.000000, 0.000000, 0.000000)</string>
						<string>(0.000000, 0.000000, 0.000000)</string>
						<string>(0.000000, 0.000000, 0.000000)</string>
						<string>(0.000000, 0.000000, 0.000000)</string>
						<string>(0.000000, 0.000000, 0.000000)</string>
						<string>(0.000000, 0.000000, 0.000000)</string>
						<string>(0.000000, 0.000000, 0.000000)</string>
						<string>(0.000000, 0.000000, 0.000000)</string>
						<string>(0.000000, 0.000000, 0.000000)</string>
						<string>(0.000000, 0.000000, 0.000000)</string>
						<string>(0.000000, 0.000000, 0.000000)</string>
						<string>(0.000000, 0.000000, 0.000000)</string>
						<string>(0.000000, 0.000000, 0.000000)</string>
						<string>(0.000000, 0.000000, 0.000000)</string>
						<string>(0.000000, 0.000000, 0.000000)</string>
						<string>(0.000000, 0.000000, 0.000000)</string>
						<string>(0.000000, 0.000000, 0.000000)</string>
						<string>(0.000000, 0.000000, 0.000000)</string>
						<string>(0.000000, 0.000000, 0.000000)</string>
						<string>(0.000000, 0.000000, 0.000000)</string>
						<string>(0.000000, 0.000000, 0.000000)</string>
						<string>(0.000000, 0.000000, 0.000000)</string>
						<string>(0.000000, 0.000000, 0.000000)</string>
						<string>(0.000000, 0.000000, 0.000000)</string>
						<string>(0.000000, 0.000000, 0.000000)</string>
						<string>(0.000000, 0.000000, 0.000000)</string>
						<string>(0.000000, 0.000000, 0.000000)</string>
						<string>(0.000000, 0.000000, 0.000000)</string>
						<string>(0.000000, 0.000000, 0.000000)</string>
						<string>(0.000000, 0.000000, 0.000000)</string>
						<string>(0.000000, 0.000000, 0.000000)</string>
						<string>(0.000000, 0.000000, 0.000000)</string>
						<string>(0.000000, 0.000000, 0.000000)</string>
						<string>(0.000000, 0.000000, 0.000000)</string>
						<string>(0.000000, 0.000000, 0.000000)</string>
						<string>(0.000000, 0.000000, 0.000000)</string>
						<string>(0.000000, 0.000000, 0.000000)</string>
						<string>(0.000000, 0.000000, 0.000000)</string>
						<string>(0.000000, 0.000000, 0.000000)</string>
						<string>(0.000000, 0.000000, 0.000000)</string>
						<string>(0.000000, 0.000000, 0.000000)</string>
						<string>(0.000000, 0.000000, 0.000000)</string>
						<string>(0.000000, 0.000000, 0.000000)</string>
						<string>(0.000000, 0.000000, 0.000000)</string>
						<string>(0.000000, 0.000000, 0.000000)</string>
						<string>(0.000000, 0.000000, 0.000000)</string>
						<string>(0.000000, 0.000000, 0.000000)</string>
						<string>(0.000000, 0.000000, 0.000000)</string>
						<string>(0.000000, 0.000000, 0.000000)</string>
						<string>(0.000000, 0.000000, 0.000000)</string>
						<string>(0.000000, 0.000000, 0.000000)</string>
						<string>(0.000000, 0.000000, 0.000000)</string>
						<string>(0.000000, 0.000000, 0.000000)</string>
						<string>(0.000000, 0.000000, 0.000000)</string>
						<string>(0.000000, 0.000000, 0.000000)</string>
						<string>(0.000000, 0.000000, 0.000000)</string>
						<string>(0.000000, 0.000000, 0.000000)</string>
						<string>(0.000000, 0.000000, 0.000000)</string>
						<string>(0.000000, 0.000000, 0.000000)</string>
						<string>(0.000000, 0.000000, 0.000000)</string>
						<string>(0.000000, 0.000000, 0.000000)</string>
						<string>(0.000000, 0.000000, 0.000000)</string>
						<string>(0.000000, 0.000000, 0.000000)</string>
						<string>(0.000000, 0.000000, 0.000000)</string>
						<string>(0.000000, 0.000000, 0.000000)</string>
						<string>(0.000000, 0.000000, 0.000000)</string>
						<string>(0.000000, 0.000000, 0.000000)</string>
						<string>(0.000000, 0.000000, 0.000000)</string>
						<string>(0.000000, 0.000000, 0.000000)</string>
						<string>(0.000000, 0.000000, 0.000000)</string>
						<string>(0.000000, 0.000000, 0.000000)</string>
						<string>(0.000000, 0.000000, 0.000000)</string>
						<string>(0.000000, 0.000000, 0.000000)</string>
						<string>(0.000000, 0.000000, 0.000000)</string>
						<string>(0.000000, 0.000000, 0.000000)</string>
					</array>
					<key>Point_px</key>
					<array>
						<string>(2033.748535, 1268.969971)</string>
						<string>(2033.729980, 1270.223755)</string>
						<string>(2033.674194, 1271.476440)</string>
						<string>(2033.581421, 1272.726562)</string>
						<string>(2033.451660, 1273.972900)</string>
						<string>(2033.284912, 1275.214478)</string>
						<string>(2033.081543, 1276.449707)</string>
						<string>(2032.841675, 1277.677734)</string>
						<string>(2032.565430, 1278.897095)</string>
						<string>(2032.253296, 1280.106567)</string>
						<string>(2031.905396, 1281.305176)</string>
						<string>(2031.522217, 1282.491577)</string>
						<string>(2031.104004, 1283.664551)</string>
						<string>(2030.651367, 1284.823120)</string>
						<string>(2030.164429, 1285.966064)</string>
						<string>(2029.644043, 1287.092163)</string>
						<string>(2029.090454, 1288.200317)</string>
						<string>(2028.504272, 1289.289673)</string>
						<string>(2027.886230, 1290.358887)</string>
						<string>(2027.236694, 1291.406982)</string>
						<string>(2026.556396, 1292.432861)</string>
						<string>(2025.846069, 1293.435669)</string>
						<string>(2025.106445, 1294.414307)</string>
						<string>(2024.338135, 1295.367920)</string>
						<string>(2023.541870, 1296.295410)</string>
						<string>(2022.718628, 1297.195923)</string>
						<string>(2021.869019, 1298.068604)</string>
						<string>(2020.994019, 1298.912476)</string>
						<string>(2020.094482, 1299.726929)</string>
						<string>(2019.171143, 1300.510986)</string>
						<string>(2018.225098, 1301.263916)</string>
						<string>(2017.257202, 1301.984985)</string>
						<string>(2016.268433, 1302.673462)</string>
						<string>(2015.259766, 1303.328613)</string>
						<string>(2014.232178, 1303.949951)</string>
						<string>(2013.186646, 1304.536743)</string>
						<string>(2012.124268, 1305.088379)</string>
						<string>(2011.046021, 1305.604492)</string>
						<string>(2009.953003, 1306.084351)</string>
						<string>(2008.846313, 1306.527588)</string>
						<string>(2007.727173, 1306.933716)</string>
						<string>(2006.596436, 1307.302490)</string>
						<string>(2005.455322, 1307.633423)</string>
						<string>(2004.304932, 1307.926147)</string>
						<string>(2003.146484, 1308.180420)</string>
						<string>(2001.981079, 1308.395996)</string>
						<string>(2000.809814, 1308.572754)</string>
						<string>(1999.633911, 1308.710327)</string>
						<string>(1998.454590, 1308.808716)</string>
						<string>(1997.272827, 1308.867798)</string>
						<string>(1996.089966, 1308.887451)</string>
						<string>(1994.907104, 1308.867798)</string>
						<string>(1993.725342, 1308.808716)</string>
						<string>(1992.546021, 1308.710327)</string>
						<string>(1991.370117, 1308.572754)</string>
						<string>(1990.198853, 1308.395996)</string>
						<string>(1989.033447, 1308.180420)</string>
						<string>(1987.875000, 1307.926147)</string>
						<string>(1986.724609, 1307.633423)</string>
						<string>(1985.583496, 1307.302490)</string>
						<string>(1984.452759, 1306.933716)</string>
						<string>(1983.333618, 1306.527588)</string>
						<string>(1982.226929, 1306.084351)</string>
						<string>(1981.133911, 1305.604492)</string>
						<string>(1980.055664, 1305.088379)</string>
						<string>(1978.993286, 1304.536743)</string>
						<string>(1977.947754, 1303.949951)</string>
						<string>(1976.920166, 1303.328613)</string>
						<string>(1975.911499, 1302.673462)</string>
						<string>(1974.922729, 1301.984985)</string>
						<string>(1973.954834, 1301.263916)</string>
						<string>(1973.008789, 1300.510986)</string>
						<string>(1972.085449, 1299.726929)</string>
						<string>(1971.185913, 1298.912476)</string>
						<string>(1970.310913, 1298.068604)</string>
						<string>(1969.461304, 1297.195923)</string>
						<string>(1968.638062, 1296.295410)</string>
						<string>(1967.841797, 1295.367920)</string>
						<string>(1967.073486, 1294.414307)</string>
						<string>(1966.333862, 1293.435669)</string>
						<string>(1965.623535, 1292.432861)</string>
						<string>(1964.943237, 1291.406982)</string>
						<string>(1964.293701, 1290.358887)</string>
						<string>(1963.675659, 1289.289673)</string>
						<string>(1963.089478, 1288.200317)</string>
						<string>(1962.535889, 1287.092163)</string>
						<string>(1962.015503, 1285.966064)</string>
						<string>(1961.528564, 1284.823120)</string>
						<string>(1961.075928, 1283.664551)</string>
						<string>(1960.657715, 1282.491577)</string>
						<string>(1960.274536, 1281.305176)</string>
						<string>(1959.926636, 1280.106567)</string>
						<string>(1959.614502, 1278.897095)</string>
						<string>(1959.338257, 1277.677734)</string>
						<string>(1959.098389, 1276.449707)</string>
						<string>(1958.895020, 1275.214478)</string>
						<string>(1958.728271, 1273.972900)</string>
						<string>(1958.598511, 1272.726562)</string>
						<string>(1958.505737, 1271.476440)</string>
						<string>(1958.449951, 1270.223755)</string>
						<string>(1958.431396, 1268.969971)</string>
						<string>(1958.449951, 1267.716187)</string>
						<string>(1958.505737, 1266.463501)</string>
						<string>(1958.598511, 1265.213379)</string>
						<string>(1958.728271, 1263.967041)</string>
						<string>(1958.895020, 1262.725464)</string>
						<string>(1959.098389, 1261.490234)</string>
						<string>(1959.338257, 1260.262207)</string>
						<string>(1959.614502, 1259.042847)</string>
						<string>(1959.926636, 1257.833374)</string>
						<string>(1960.274536, 1256.634766)</string>
						<string>(1960.657715, 1255.448364)</string>
						<string>(1961.075928, 1254.275391)</string>
						<string>(1961.528564, 1253.116821)</string>
						<string>(1962.015503, 1251.973877)</string>
						<string>(1962.535889, 1250.847778)</string>
						<string>(1963.089478, 1249.739624)</string>
						<string>(1963.675659, 1248.650269)</string>
						<string>(1964.293701, 1247.581055)</string>
						<string>(1964.943237, 1246.532959)</string>
						<string>(1965.623535, 1245.507080)</string>
						<string>(1966.333862, 1244.504272)</string>
						<string>(1967.073486, 1243.525635)</string>
						<string>(1967.841797, 1242.572021)</string>
						<string>(1968.638062, 1241.644531)</string>
						<string>(1969.461304, 1240.744019)</string>
						<string>(1970.310913, 1239.871338)</string>
						<string>(1971.185913, 1239.027466)</string>
						<string>(1972.085449, 1238.213013)</string>
						<string>(1973.008789, 1237.428955)</string>
						<string>(1973.954834, 1236.676025)</string>
						<string>(1974.922729, 1235.954956)</string>
						<string>(1975.911499, 1235.266479)</string>
						<string>(1976.920166, 1234.611328)</string>
						<string>(1977.947754, 1233.989990)</string>
						<string>(1978.993286, 1233.403198)</string>
						<string>(1980.055664, 1232.851562)</string>
						<string>(1981.133911, 1232.335449)</string>
						<string>(1982.226929, 1231.855591)</string>
						<string>(1983.333618, 1231.412354)</string>
						<string>(1984.452759, 1231.006226)</string>
						<string>(1985.583496, 1230.637451)</string>
						<string>(1986.724609, 1230.306519)</string>
						<string>(1987.875000, 1230.013794)</string>
						<string>(1989.033447, 1229.759521)</string>
						<string>(1990.198853, 1229.543945)</string>
						<string>(1991.370117, 1229.367188)</string>
						<string>(1992.546021, 1229.229614)</string>
						<string>(1993.725342, 1229.131226)</string>
						<string>(1994.907104, 1229.072144)</string>
						<string>(1996.089966, 1229.052490)</string>
						<string>(1997.272827, 1229.072144)</string>
						<string>(1998.454590, 1229.131226)</string>
						<string>(1999.633911, 1229.229614)</string>
						<string>(2000.809814, 1229.367188)</string>
						<string>(2001.981079, 1229.543945)</string>
						<string>(2003.146484, 1229.759521)</string>
						<string>(2004.304932, 1230.013794)</string>
						<string>(2005.455322, 1230.306519)</string>
						<string>(2006.596436, 1230.637451)</string>
						<string>(2007.727173, 1231.006226)</string>
						<string>(2008.846313, 1231.412354)</string>
						<string>(2009.953003, 1231.855591)</string>
						<string>(2011.046021, 1232.335449)</string>
						<string>(2012.124268, 1232.851562)</string>
						<string>(2013.186646, 1233.403198)</string>
						<string>(2014.232178, 1233.989990)</string>
						<string>(2015.259766, 1234.611328)</string>
						<string>(2016.268433, 1235.266479)</string>
						<string>(2017.257202, 1235.954956)</string>
						<string>(2018.225098, 1236.676025)</string>
						<string>(2019.171143, 1237.428955)</string>
						<string>(2020.094482, 1238.213013)</string>
						<string>(2020.994019, 1239.027466)</string>
						<string>(2021.869019, 1239.871338)</string>
						<string>(2022.718628, 1240.744019)</string>
						<string>(2023.541870, 1241.644531)</string>
						<string>(2024.338135, 1242.572021)</string>
						<string>(2025.106445, 1243.525635)</string>
						<string>(2025.846069, 1244.504272)</string>
						<string>(2026.556396, 1245.507080)</string>
						<string>(2027.236694, 1246.532959)</string>
						<string>(2027.886230, 1247.581055)</string>
						<string>(2028.504272, 1248.650269)</string>
						<string>(2029.090454, 1249.739624)</string>
						<string>(2029.644043, 1250.847778)</string>
						<string>(2030.164429, 1251.973877)</string>
						<string>(2030.651367, 1253.116821)</string>
						<string>(2031.104004, 1254.275391)</string>
						<string>(2031.522217, 1255.448364)</string>
						<string>(2031.905396, 1256.634766)</string>
						<string>(2032.253296, 1257.833374)</string>
						<string>(2032.565430, 1259.042847)</string>
						<string>(2032.841675, 1260.262207)</string>
						<string>(2033.081543, 1261.490234)</string>
						<string>(2033.284912, 1262.725464)</string>
						<string>(2033.451660, 1263.967041)</string>
						<string>(2033.581421, 1265.213379)</string>
						<string>(2033.674316, 1266.463501)</string>
						<string>(2033.729980, 1267.716187)</string>
					</array>
					<key>Total</key>
					<real>6829237</real>
					<key>Type</key>
					<integer>9</integer>
				</dict>
				<dict>
					<key>Area</key>
					<real>0.2948455810546875</real>
					<key>Center</key>
					<string>(0.000000, 0.000000, 0.000000)</string>
					<key>Dev</key>
					<real>233.92079162597656</real>
					<key>IndexInImage</key>
					<integer>2</integer>
					<key>Max</key>
					<real>3686</real>
					<key>Mean</key>
					<real>2217.1123046875</real>
					<key>Min</key>
					<real>1611</real>
					<key>Name</key>
					<string>Cluster</string>
					<key>NumberOfPoints</key>
					<integer>200</integer>
					<key>Point_mm</key>
					<array>
						<string>(0.000000, 0.000000, 0.000000)</string>
						<string>(0.000000, 0.000000, 0.000000)</string>
						<string>(0.000000, 0.000000, 0.000000)</string>
						<string>(0.000000, 0.000000, 0.000000)</string>
						<string>(0.000000, 0.000000, 0.000000)</string>
						<string>(0.000000, 0.000000, 0.000000)</string>
						<string>(0.000000, 0.000000, 0.000000)</string>
						<string>(0.000000, 0.000000, 0.000000)</string>
						<string>(0.000000, 0.000000, 0.000000)</string>
						<string>(0.000000, 0.000000, 0.000000)</string>
						<string>(0.000000, 0.000000, 0.000000)</string>
						<string>(0.000000, 0.000000, 0.000000)</string>
						<string>(0.000000, 0.000000, 0.000000)</string>
						<string>(0.000000, 0.000000, 0.000000)</string>
						<string>(0.000000, 0.000000, 0.000000)</string>
						<string>(0.000000, 0.000000, 0.000000)</string>
						<string>(0.000000, 0.000000, 0.000000)</string>
						<string>(0.000000, 0.000000, 0.000000)</string>
						<string>(0.000000, 0.000000, 0.000000)</string>
						<string>(0.000000, 0.000000, 0.000000)</string>
						<string>(0.000000, 0.000000, 0.000000)</string>
						<string>(0.000000, 0.000000, 0.000000)</string>
						<string>(0.000000, 0.000000, 0.000000)</string>
						<string>(0.000000, 0.000000, 0.000000)</string>
						<string>(0.000000, 0.000000, 0.000000)</string>
						<string>(0.000000, 0.000000, 0.000000)</string>
						<string>(0.000000, 0.000000, 0.000000)</string>
						<string>(0.000000, 0.000000, 0.000000)</string>
						<string>(0.000000, 0.000000, 0.000000)</string>
						<string>(0.000000, 0.000000, 0.000000)</string>
						<string>(0.000000, 0.000000, 0.000000)</string>
						<string>(0.000000, 0.000000, 0.000000)</string>
						<string>(0.000000, 0.000000, 0.000000)</string>
						<string>(0.000000, 0.000000, 0.000000)</string>
						<string>(0.000000, 0.000000, 0.000000)</string>
						<string>(0.000000, 0.000000, 0.000000)</string>
						<string>(0.000000, 0.000000, 0.000000)</string>
						<string>(0.000000, 0.000000, 0.000000)</string>
						<string>(0.000000, 0.000000, 0.000000)</string>
						<string>(0.000000, 0.000000, 0.000000)</string>
						<string>(0.000000, 0.000000, 0.000000)</string>
						<string>(0.000000, 0.000000, 0.000000)</string>
						<string>(0.000000, 0.000000, 0.000000)</string>
						<string>(0.000000, 0.000000, 0.000000)</string>
						<string>(0.000000, 0.000000, 0.000000)</string>
						<string>(0.000000, 0.000000, 0.000000)</string>
						<string>(0.000000, 0.000000, 0.000000)</string>
						<string>(0.000000, 0.000000, 0.000000)</string>
						<string>(0.000000, 0.000000, 0.000000)</string>
						<string>(0.000000, 0.000000, 0.000000)</string>
						<string>(0.000000, 0.000000, 0.000000)</string>
						<string>(0.000000, 0.000000, 0.000000)</string>
						<string>(0.000000, 0.000000, 0.000000)</string>
						<string>(0.000000, 0.000000, 0.000000)</string>
						<string>(0.000000, 0.000000, 0.000000)</string>
						<string>(0.000000, 0.000000, 0.000000)</string>
						<string>(0.000000, 0.000000, 0.000000)</string>
						<string>(0.000000, 0.000000, 0.000000)</string>
						<string>(0.000000, 0.000000, 0.000000)</string>
						<string>(0.000000, 0.000000, 0.000000)</string>
						<string>(0.000000, 0.000000, 0.000000)</string>
						<string>(0.000000, 0.000000, 0.000000)</string>
						<string>(0.000000, 0.000000, 0.000000)</string>
						<string>(0.000000, 0.000000, 0.000000)</string>
						<string>(0.000000, 0.000000, 0.000000)</string>
						<string>(0.000000, 0.000000, 0.000000)</string>
						<string>(0.000000, 0.000000, 0.000000)</string>
						<string>(0.000000, 0.000000, 0.000000)</string>
						<string>(0.000000, 0.000000, 0.000000)</string>
						<string>(0.000000, 0.000000, 0.000000)</string>
						<string>(0.000000, 0.000000, 0.000000)</string>
						<string>(0.000000, 0.000000, 0.000000)</string>
						<string>(0.000000, 0.000000, 0.000000)</string>
						<string>(0.000000, 0.000000, 0.000000)</string>
						<string>(0.000000, 0.000000, 0.000000)</string>
						<string>(0.000000, 0.000000, 0.000000)</string>
						<string>(0.000000, 0.000000, 0.000000)</string>
						<string>(0.000000, 0.000000, 0.000000)</string>
						<string>(0.000000, 0.000000, 0.000000)</string>
						<string>(0.000000, 0.000000, 0.000000)</string>
						<string>(0.000000, 0.000000, 0.000000)</string>
						<string>(0.000000, 0.000000, 0.000000)</string>
						<string>(0.000000, 0.000000, 0.000000)</string>
						<string>(0.000000, 0.000000, 0.000000)</string>
						<string>(0.000000, 0.000000, 0.000000)</string>
						<string>(0.000000, 0.000000, 0.000000)</string>
						<string>(0.000000, 0.000000, 0.000000)</string>
						<string>(0.000000, 0.000000, 0.000000)</string>
						<string>(0.000000, 0.000000, 0.000000)</string>
						<string>(0.000000, 0.000000, 0.000000)</string>
						<string>(0.000000, 0.000000, 0.000000)</string>
						<string>(0.000000, 0.000000, 0.000000)</string>
						<string>(0.000000, 0.000000, 0.000000)</string>
						<string>(0.000000, 0.000000, 0.000000)</string>
						<string>(0.000000, 0.000000, 0.000000)</string>
						<string>(0.000000, 0.000000, 0.000000)</string>
						<string>(0.000000, 0.000000, 0.000000)</string>
						<string>(0.000000, 0.000000, 0.000000)</string>
						<string>(0.000000, 0.000000, 0.000000)</string>
						<string>(0.000000, 0.000000, 0.000000)</string>
						<string>(0.000000, 0.000000, 0.000000)</string>
						<string>(0.000000, 0.000000, 0.000000)</string>
						<string>(0.000000, 0.000000, 0.000000)</string>
						<string>(0.000000, 0.000000, 0.000000)</string>
						<string>(0.000000, 0.000000, 0.000000)</string>
						<string>(0.000000, 0.000000, 0.000000)</string>
						<string>(0.000000, 0.000000, 0.000000)</string>
						<string>(0.000000, 0.000000, 0.000000)</string>
						<string>(0.000000, 0.000000, 0.000000)</string>
						<string>(0.000000, 0.000000, 0.000000)</string>
						<string>(0.000000, 0.000000, 0.000000)</string>
						<string>(0.000000, 0.000000, 0.000000)</string>
						<string>(0.000000, 0.000000, 0.000000)</string>
						<string>(0.000000, 0.000000, 0.000000)</string>
						<string>(0.000000, 0.000000, 0.000000)</string>
						<string>(0.000000, 0.000000, 0.000000)</string>
						<string>(0.000000, 0.000000, 0.000000)</string>
						<string>(0.000000, 0.000000, 0.000000)</string>
						<string>(0.000000, 0.000000, 0.000000)</string>
						<string>(0.000000, 0.000000, 0.000000)</string>
						<string>(0.000000, 0.000000, 0.000000)</string>
						<string>(0.000000, 0.000000, 0.000000)</string>
						<string>(0.000000, 0.000000, 0.000000)</string>
						<string>(0.000000, 0.000000, 0.000000)</string>
						<string>(0.000000, 0.000000, 0.000000)</string>
						<string>(0.000000, 0.000000, 0.000000)</string>
						<string>(0.000000, 0.000000, 0.000000)</string>
						<string>(0.000000, 0.000000, 0.000000)</string>
						<string>(0.000000, 0.000000, 0.000000)</string>
						<string>(0.000000, 0.000000, 0.000000)</string>
						<string>(0.000000, 0.000000, 0.000000)</string>
						<string>(0.000000, 0.000000, 0.000000)</string>
						<string>(0.000000, 0.000000, 0.000000)</string>
						<string>(0.000000, 0.000000, 0.000000)</string>
						<string>(0.000000, 0.000000, 0.000000)</string>
						<string>(0.000000, 0.000000, 0.000000)</string>
						<string>(0.000000, 0.000000, 0.000000)</string>
						<string>(0.000000, 0.000000, 0.000000)</string>
						<string>(0.000000, 0.000000, 0.000000)</string>
						<string>(0.000000, 0.000000, 0.000000)</string>
						<string>(0.000000, 0.000000, 0.000000)</string>
						<string>(0.000000, 0.000000, 0.000000)</string>
						<string>(0.000000, 0.000000, 0.000000)</string>
						<string>(0.000000, 0.000000, 0.000000)</string>
						<string>(0.000000, 0.000000, 0.000000)</string>
						<string>(0.000000, 0.000000, 0.000000)</string>
						<string>(0.000000, 0.000000, 0.000000)</string>
						<string>(0.000000, 0.000000, 0.000000)</string>
						<string>(0.000000, 0.000000, 0.000000)</string>
						<string>(0.000000, 0.000000, 0.000000)</string>
						<string>(0.000000, 0.000000, 0.000000)</string>
						<string>(0.000000, 0.000000, 0.000000)</string>
						<string>(0.000000, 0.000000, 0.000000)</string>
						<string>(0.000000, 0.000000, 0.000000)</string>
						<string>(0.000000, 0.000000, 0.000000)</string>
						<string>(0.000000, 0.000000, 0.000000)</string>
						<string>(0.000000, 0.000000, 0.000000)</string>
						<string>(0.000000, 0.000000, 0.000000)</string>
						<string>(0.000000, 0.000000, 0.000000)</string>
						<string>(0.000000, 0.000000, 0.000000)</string>
						<string>(0.000000, 0.000000, 0.000000)</string>
						<string>(0.000000, 0.000000, 0.000000)</string>
						<string>(0.000000, 0.000000, 0.000000)</string>
						<string>(0.000000, 0.000000, 0.000000)</string>
						<string>(0.000000, 0.000000, 0.000000)</string>
						<string>(0.000000, 0.000000, 0.000000)</string>
						<string>(0.000000, 0.000000, 0.000000)</string>
						<string>(0.000000, 0.000000, 0.000000)</string>
						<string>(0.000000, 0.000000, 0.000000)</string>
						<string>(0.000000, 0.000000, 0.000000)</string>
						<string>(0.000000, 0.000000, 0.000000)</string>
						<string>(0.000000, 0.000000, 0.000000)</string>
						<string>(0.000000, 0.000000, 0.000000)</string>
						<string>(0.000000, 0.000000, 0.000000)</string>
						<string>(0.000000, 0.000000, 0.000000)</string>
						<string>(0.000000, 0.000000, 0.000000)</string>
						<string>(0.000000, 0.000000, 0.000000)</string>
						<string>(0.000000, 0.000000, 0.000000)</string>
						<string>(0.000000, 0.000000, 0.000000)</string>
						<string>(0.000000, 0.000000, 0.000000)</string>
						<string>(0.000000, 0.000000, 0.000000)</string>
						<string>(0.000000, 0.000000, 0.000000)</string>
						<string>(0.000000, 0.000000, 0.000000)</string>
						<string>(0.000000, 0.000000, 0.000000)</string>
						<string>(0.000000, 0.000000, 0.000000)</string>
						<string>(0.000000, 0.000000, 0.000000)</string>
						<string>(0.000000, 0.000000, 0.000000)</string>
						<string>(0.000000, 0.000000, 0.000000)</string>
						<string>(0.000000, 0.000000, 0.000000)</string>
						<string>(0.000000, 0.000000, 0.000000)</string>
						<string>(0.000000, 0.000000, 0.000000)</string>
						<string>(0.000000, 0.000000, 0.000000)</string>
						<string>(0.000000, 0.000000, 0.000000)</string>
						<string>(0.000000, 0.000000, 0.000000)</string>
						<string>(0.000000, 0.000000, 0.000000)</string>
						<string>(0.000000, 0.000000, 0.000000)</string>
						<string>(0.000000, 0.000000, 0.000000)</string>
						<string>(0.000000, 0.000000, 0.000000)</string>
						<string>(0.000000, 0.000000, 0.000000)</string>
						<string>(0.000000, 0.000000, 0.000000)</string>
					</array>
					<key>Point_px</key>
					<array>
						<string>(2323.839111, 1212.239990)</string>
						<string>(2323.818359, 1213.665283)</string>
						<string>(2323.755859, 1215.089233)</string>
						<string>(2323.651855, 1216.510376)</string>
						<string>(2323.506348, 1217.927368)</string>
						<string>(2323.319336, 1219.338623)</string>
						<string>(2323.091553, 1220.742920)</string>
						<string>(2322.822510, 1222.138794)</string>
						<string>(2322.512939, 1223.524902)</string>
						<string>(2322.163086, 1224.899902)</string>
						<string>(2321.773193, 1226.262451)</string>
						<string>(2321.343750, 1227.611084)</string>
						<string>(2320.875000, 1228.944580)</string>
						<string>(2320.367676, 1230.261597)</string>
						<string>(2319.822021, 1231.560791)</string>
						<string>(2319.238525, 1232.840942)</string>
						<string>(2318.618164, 1234.100830)</string>
						<string>(2317.961182, 1235.339111)</string>
						<string>(2317.268311, 1236.554565)</string>
						<string>(2316.540283, 1237.745972)</string>
						<string>(2315.777832, 1238.912231)</string>
						<string>(2314.981689, 1240.052246)</string>
						<string>(2314.152588, 1241.164795)</string>
						<string>(2313.291504, 1242.248779)</string>
						<string>(2312.399170, 1243.303101)</string>
						<string>(2311.476318, 1244.326782)</string>
						<string>(2310.524170, 1245.318848)</string>
						<string>(2309.543213, 1246.278198)</string>
						<string>(2308.535156, 1247.203979)</string>
						<string>(2307.500244, 1248.095337)</string>
						<string>(2306.439941, 1248.951294)</string>
						<string>(2305.354980, 1249.770874)</string>
						<string>(2304.246582, 1250.553589)</string>
						<string>(2303.116211, 1251.298340)</string>
						<string>(2301.964355, 1252.004639)</string>
						<string>(2300.792480, 1252.671753)</string>
						<string>(2299.601807, 1253.298828)</string>
						<string>(2298.393066, 1253.885498)</string>
						<string>(2297.168213, 1254.431030)</string>
						<string>(2295.927734, 1254.934937)</string>
						<string>(2294.673340, 1255.396606)</string>
						<string>(2293.405762, 1255.815796)</string>
						<string>(2292.126953, 1256.192017)</string>
						<string>(2290.837646, 1256.524780)</string>
						<string>(2289.539062, 1256.813843)</string>
						<string>(2288.232910, 1257.058960)</string>
						<string>(2286.920166, 1257.259766)</string>
						<string>(2285.602051, 1257.416260)</string>
						<string>(2284.280273, 1257.528076)</string>
						<string>(2282.955811, 1257.595215)</string>
						<string>(2281.629883, 1257.617554)</string>
						<string>(2280.303955, 1257.595215)</string>
						<string>(2278.979492, 1257.528076)</string>
						<string>(2277.657715, 1257.416260)</string>
						<string>(2276.339600, 1257.259766)</string>
						<string>(2275.026855, 1257.058960)</string>
						<string>(2273.720703, 1256.813843)</string>
						<string>(2272.422119, 1256.524780)</string>
						<string>(2271.132812, 1256.192017)</string>
						<string>(2269.854004, 1255.815796)</string>
						<string>(2268.586426, 1255.396606)</string>
						<string>(2267.332031, 1254.934937)</string>
						<string>(2266.091553, 1254.431030)</string>
						<string>(2264.866699, 1253.885498)</string>
						<string>(2263.657959, 1253.298828)</string>
						<string>(2262.467285, 1252.671753)</string>
						<string>(2261.295410, 1252.004639)</string>
						<string>(2260.143555, 1251.298462)</string>
						<string>(2259.013184, 1250.553589)</string>
						<string>(2257.904785, 1249.770874)</string>
						<string>(2256.819824, 1248.951294)</string>
						<string>(2255.759521, 1248.095337)</string>
						<string>(2254.724609, 1247.203979)</string>
						<string>(2253.716553, 1246.278198)</string>
						<string>(2252.735596, 1245.318848)</string>
						<string>(2251.783447, 1244.326782)</string>
						<string>(2250.860596, 1243.303101)</string>
						<string>(2249.968262, 1242.248779)</string>
						<string>(2249.107178, 1241.164795)</string>
						<string>(2248.278076, 1240.052246)</string>
						<string>(2247.481934, 1238.912231)</string>
						<string>(2246.719482, 1237.745972)</string>
						<string>(2245.991455, 1236.554565)</string>
						<string>(2245.298584, 1235.339111)</string>
						<string>(2244.641602, 1234.100830)</string>
						<string>(2244.021240, 1232.840942)</string>
						<string>(2243.437744, 1231.560791)</string>
						<string>(2242.892090, 1230.261597)</string>
						<string>(2242.384766, 1228.944580)</string>
						<string>(2241.916016, 1227.611084)</string>
						<string>(2241.486572, 1226.262451)</string>
						<string>(2241.096680, 1224.899902)</string>
						<string>(2240.746826, 1223.524902)</string>
						<string>(2240.437256, 1222.138794)</string>
						<string>(2240.168213, 1220.742920)</string>
						<string>(2239.940430, 1219.338623)</string>
						<string>(2239.753418, 1217.927368)</string>
						<string>(2239.607910, 1216.510376)</string>
						<string>(2239.503906, 1215.089233)</string>
						<string>(2239.441406, 1213.665283)</string>
						<string>(2239.420654, 1212.239990)</string>
						<string>(2239.441406, 1210.814697)</string>
						<string>(2239.503906, 1209.390747)</string>
						<string>(2239.607910, 1207.969604)</string>
						<string>(2239.753418, 1206.552612)</string>
						<string>(2239.940430, 1205.141357)</string>
						<string>(2240.168213, 1203.737061)</string>
						<string>(2240.437256, 1202.341187)</string>
						<string>(2240.746826, 1200.955078)</string>
						<string>(2241.096680, 1199.580078)</string>
						<string>(2241.486572, 1198.217529)</string>
						<string>(2241.916016, 1196.868896)</string>
						<string>(2242.384766, 1195.535400)</string>
						<string>(2242.892090, 1194.218384)</string>
						<string>(2243.437744, 1192.919189)</string>
						<string>(2244.021240, 1191.639038)</string>
						<string>(2244.641602, 1190.379150)</string>
						<string>(2245.298584, 1189.140869)</string>
						<string>(2245.991455, 1187.925415)</string>
						<string>(2246.719482, 1186.734009)</string>
						<string>(2247.481934, 1185.567749)</string>
						<string>(2248.278076, 1184.427734)</string>
						<string>(2249.107178, 1183.315186)</string>
						<string>(2249.968262, 1182.231201)</string>
						<string>(2250.860596, 1181.176880)</string>
						<string>(2251.783447, 1180.153198)</string>
						<string>(2252.735596, 1179.161133)</string>
						<string>(2253.716553, 1178.201782)</string>
						<string>(2254.724854, 1177.276001)</string>
						<string>(2255.759521, 1176.384644)</string>
						<string>(2256.819824, 1175.528687)</string>
						<string>(2257.904785, 1174.709106)</string>
						<string>(2259.012939, 1173.926392)</string>
						<string>(2260.143555, 1173.181641)</string>
						<string>(2261.295410, 1172.475342)</string>
						<string>(2262.467285, 1171.808228)</string>
						<string>(2263.657959, 1171.181152)</string>
						<string>(2264.866699, 1170.594482)</string>
						<string>(2266.091553, 1170.048950)</string>
						<string>(2267.332031, 1169.545044)</string>
						<string>(2268.586426, 1169.083374)</string>
						<string>(2269.854004, 1168.664185)</string>
						<string>(2271.132812, 1168.287964)</string>
						<string>(2272.422119, 1167.955200)</string>
						<string>(2273.720703, 1167.666138)</string>
						<string>(2275.026855, 1167.421021)</string>
						<string>(2276.339600, 1167.220215)</string>
						<string>(2277.657715, 1167.063721)</string>
						<string>(2278.979492, 1166.951904)</string>
						<string>(2280.303955, 1166.884766)</string>
						<string>(2281.629883, 1166.862427)</string>
						<string>(2282.955811, 1166.884766)</string>
						<string>(2284.280273, 1166.951904)</string>
						<string>(2285.602051, 1167.063721)</string>
						<string>(2286.920166, 1167.220215)</string>
						<string>(2288.232910, 1167.421021)</string>
						<string>(2289.539062, 1167.666138)</string>
						<string>(2290.837646, 1167.955200)</string>
						<string>(2292.126953, 1168.287964)</string>
						<string>(2293.405762, 1168.664185)</string>
						<string>(2294.673340, 1169.083374)</string>
						<string>(2295.927734, 1169.545044)</string>
						<string>(2297.168213, 1170.048950)</string>
						<string>(2298.393066, 1170.594482)</string>
						<string>(2299.601807, 1171.181152)</string>
						<string>(2300.792480, 1171.808228)</string>
						<string>(2301.964355, 1172.475342)</string>
						<string>(2303.116211, 1173.181641)</string>
						<string>(2304.246582, 1173.926392)</string>
						<string>(2305.354980, 1174.709106)</string>
						<string>(2306.439941, 1175.528687)</string>
						<string>(2307.500244, 1176.384644)</string>
						<string>(2308.535156, 1177.276001)</string>
						<string>(2309.543213, 1178.201782)</string>
						<string>(2310.524170, 1179.161133)</string>
						<string>(2311.476318, 1180.153198)</string>
						<string>(2312.399170, 1181.176880)</string>
						<string>(2313.291504, 1182.231201)</string>
						<string>(2314.152588, 1183.315186)</string>
						<string>(2314.981689, 1184.427734)</string>
						<string>(2315.777832, 1185.567749)</string>
						<string>(2316.540283, 1186.734009)</string>
						<string>(2317.268311, 1187.925415)</string>
						<string>(2317.961182, 1189.140869)</string>
						<string>(2318.618164, 1190.379150)</string>
						<string>(2319.238525, 1191.639038)</string>
						<string>(2319.822021, 1192.919189)</string>
						<string>(2320.367676, 1194.218384)</string>
						<string>(2320.875000, 1195.535400)</string>
						<string>(2321.343750, 1196.868896)</string>
						<string>(2321.773193, 1198.217529)</string>
						<string>(2322.163086, 1199.580078)</string>
						<string>(2322.512939, 1200.955078)</string>
						<string>(2322.822510, 1202.341187)</string>
						<string>(2323.091553, 1203.737061)</string>
						<string>(2323.319336, 1205.141357)</string>
						<string>(2323.506348, 1206.552734)</string>
						<string>(2323.651855, 1207.969604)</string>
						<string>(2323.755859, 1209.390747)</string>
						<string>(2323.818359, 1210.814697)</string>
					</array>
					<key>Total</key>
					<real>13562076</real>
					<key>Type</key>
					<integer>9</integer>
				</dict>
			</array>
		</dict>
	</array>
</dict>
</plist>
