<?xml version="1.0" encoding="UTF-8"?>
<!DOCTYPE plist PUBLIC "-//Apple//DTD PLIST 1.0//EN" "http://www.apple.com/DTDs/PropertyList-1.0.dtd">
<plist version="1.0">
<dict>
	<key>Images</key>
	<array>
		<dict>
			<key>ImageIndex</key>
			<integer>0</integer>
			<key>NumberOfROIs</key>
			<integer>62</integer>
			<key>ROIs</key>
			<array>
				<dict>
					<key>Area</key>
					<real>0.0</real>
					<key>Center</key>
					<string>(0.000000, 0.000000, 0.000000)</string>
					<key>Dev</key>
					<real>0.0</real>
					<key>IndexInImage</key>
					<integer>0</integer>
					<key>Max</key>
					<real>1020</real>
					<key>Mean</key>
					<real>1020</real>
					<key>Min</key>
					<real>1020</real>
					<key>Name</key>
					<string>Calcification</string>
					<key>NumberOfPoints</key>
					<integer>1</integer>
					<key>Point_mm</key>
					<array>
						<string>(0.000000, 0.000000, 0.000000)</string>
					</array>
					<key>Point_px</key>
					<array>
						<string>(1283.670044, 3110.159912)</string>
					</array>
					<key>Total</key>
					<real>1020</real>
					<key>Type</key>
					<integer>19</integer>
				</dict>
				<dict>
					<key>Area</key>
					<real>0.0</real>
					<key>Center</key>
					<string>(0.000000, 0.000000, 0.000000)</string>
					<key>Dev</key>
					<real>0.0</real>
					<key>IndexInImage</key>
					<integer>1</integer>
					<key>Max</key>
					<real>1554</real>
					<key>Mean</key>
					<real>1554</real>
					<key>Min</key>
					<real>1554</real>
					<key>Name</key>
					<string>Calcification</string>
					<key>NumberOfPoints</key>
					<integer>1</integer>
					<key>Point_mm</key>
					<array>
						<string>(0.000000, 0.000000, 0.000000)</string>
					</array>
					<key>Point_px</key>
					<array>
						<string>(134.914001, 3299.449951)</string>
					</array>
					<key>Total</key>
					<real>1554</real>
					<key>Type</key>
					<integer>19</integer>
				</dict>
				<dict>
					<key>Area</key>
					<real>0.0</real>
					<key>Center</key>
					<string>(0.000000, 0.000000, 0.000000)</string>
					<key>Dev</key>
					<real>0.0</real>
					<key>IndexInImage</key>
					<integer>2</integer>
					<key>Max</key>
					<real>1957</real>
					<key>Mean</key>
					<real>1957</real>
					<key>Min</key>
					<real>1957</real>
					<key>Name</key>
					<string>Calcification</string>
					<key>NumberOfPoints</key>
					<integer>1</integer>
					<key>Point_mm</key>
					<array>
						<string>(0.000000, 0.000000, 0.000000)</string>
					</array>
					<key>Point_px</key>
					<array>
						<string>(308.411743, 3230.169922)</string>
					</array>
					<key>Total</key>
					<real>1957</real>
					<key>Type</key>
					<integer>19</integer>
				</dict>
				<dict>
					<key>Area</key>
					<real>0.0017793125007301569</real>
					<key>Center</key>
					<string>(0.000000, 0.000000, 0.000000)</string>
					<key>Dev</key>
					<real>189.33390808105469</real>
					<key>IndexInImage</key>
					<integer>3</integer>
					<key>Max</key>
					<real>2220</real>
					<key>Mean</key>
					<real>1886.5882568359375</real>
					<key>Min</key>
					<real>1523</real>
					<key>Name</key>
					<string>Calcification</string>
					<key>NumberOfPoints</key>
					<integer>6</integer>
					<key>Point_mm</key>
					<array>
						<string>(0.000000, 0.000000, 0.000000)</string>
						<string>(0.000000, 0.000000, 0.000000)</string>
						<string>(0.000000, 0.000000, 0.000000)</string>
						<string>(0.000000, 0.000000, 0.000000)</string>
						<string>(0.000000, 0.000000, 0.000000)</string>
						<string>(0.000000, 0.000000, 0.000000)</string>
					</array>
					<key>Point_px</key>
					<array>
						<string>(397.313965, 3200.269531)</string>
						<string>(401.122681, 3202.474609)</string>
						<string>(402.525879, 3205.682129)</string>
						<string>(403.327759, 3208.889404)</string>
						<string>(400.120361, 3208.488281)</string>
						<string>(397.113403, 3204.078369)</string>
					</array>
					<key>Total</key>
					<real>96216</real>
					<key>Type</key>
					<integer>15</integer>
				</dict>
				<dict>
					<key>Area</key>
					<real>0.0</real>
					<key>Center</key>
					<string>(0.000000, 0.000000, 0.000000)</string>
					<key>Dev</key>
					<real>0.0</real>
					<key>IndexInImage</key>
					<integer>4</integer>
					<key>Max</key>
					<real>1820</real>
					<key>Mean</key>
					<real>1820</real>
					<key>Min</key>
					<real>1820</real>
					<key>Name</key>
					<string>Calcification</string>
					<key>NumberOfPoints</key>
					<integer>1</integer>
					<key>Point_mm</key>
					<array>
						<string>(0.000000, 0.000000, 0.000000)</string>
					</array>
					<key>Point_px</key>
					<array>
						<string>(367.811829, 3299.251465)</string>
					</array>
					<key>Total</key>
					<real>1820</real>
					<key>Type</key>
					<integer>19</integer>
				</dict>
				<dict>
					<key>Area</key>
					<real>0.0</real>
					<key>Center</key>
					<string>(0.000000, 0.000000, 0.000000)</string>
					<key>Dev</key>
					<real>0.0</real>
					<key>IndexInImage</key>
					<integer>5</integer>
					<key>Max</key>
					<real>1782</real>
					<key>Mean</key>
					<real>1782</real>
					<key>Min</key>
					<real>1782</real>
					<key>Name</key>
					<string>Calcification</string>
					<key>NumberOfPoints</key>
					<integer>1</integer>
					<key>Point_mm</key>
					<array>
						<string>(0.000000, 0.000000, 0.000000)</string>
					</array>
					<key>Point_px</key>
					<array>
						<string>(391.573578, 3304.863770)</string>
					</array>
					<key>Total</key>
					<real>1782</real>
					<key>Type</key>
					<integer>19</integer>
				</dict>
				<dict>
					<key>Area</key>
					<real>0.0</real>
					<key>Center</key>
					<string>(0.000000, 0.000000, 0.000000)</string>
					<key>Dev</key>
					<real>0.0</real>
					<key>IndexInImage</key>
					<integer>6</integer>
					<key>Max</key>
					<real>1766</real>
					<key>Mean</key>
					<real>1766</real>
					<key>Min</key>
					<real>1766</real>
					<key>Name</key>
					<string>Calcification</string>
					<key>NumberOfPoints</key>
					<integer>1</integer>
					<key>Point_mm</key>
					<array>
						<string>(0.000000, 0.000000, 0.000000)</string>
					</array>
					<key>Point_px</key>
					<array>
						<string>(437.973541, 3272.427734)</string>
					</array>
					<key>Total</key>
					<real>1766</real>
					<key>Type</key>
					<integer>19</integer>
				</dict>
				<dict>
					<key>Area</key>
					<real>0.0</real>
					<key>Center</key>
					<string>(0.000000, 0.000000, 0.000000)</string>
					<key>Dev</key>
					<real>0.0</real>
					<key>IndexInImage</key>
					<integer>7</integer>
					<key>Max</key>
					<real>1569</real>
					<key>Mean</key>
					<real>1569</real>
					<key>Min</key>
					<real>1569</real>
					<key>Name</key>
					<string>Calcification</string>
					<key>NumberOfPoints</key>
					<integer>1</integer>
					<key>Point_mm</key>
					<array>
						<string>(0.000000, 0.000000, 0.000000)</string>
					</array>
					<key>Point_px</key>
					<array>
						<string>(199.976257, 2933.841553)</string>
					</array>
					<key>Total</key>
					<real>1569</real>
					<key>Type</key>
					<integer>19</integer>
				</dict>
				<dict>
					<key>Area</key>
					<real>0.0013788905926048756</real>
					<key>Center</key>
					<string>(0.000000, 0.000000, 0.000000)</string>
					<key>Dev</key>
					<real>268.0579833984375</real>
					<key>IndexInImage</key>
					<integer>8</integer>
					<key>Max</key>
					<real>2504</real>
					<key>Mean</key>
					<real>1863.567626953125</real>
					<key>Min</key>
					<real>1417</real>
					<key>Name</key>
					<string>Calcification</string>
					<key>NumberOfPoints</key>
					<integer>6</integer>
					<key>Point_mm</key>
					<array>
						<string>(0.000000, 0.000000, 0.000000)</string>
						<string>(0.000000, 0.000000, 0.000000)</string>
						<string>(0.000000, 0.000000, 0.000000)</string>
						<string>(0.000000, 0.000000, 0.000000)</string>
						<string>(0.000000, 0.000000, 0.000000)</string>
						<string>(0.000000, 0.000000, 0.000000)</string>
					</array>
					<key>Point_px</key>
					<array>
						<string>(203.438477, 1248.374634)</string>
						<string>(205.845825, 1248.593506)</string>
						<string>(207.815430, 1251.438599)</string>
						<string>(205.189209, 1253.408203)</string>
						<string>(201.687622, 1252.751709)</string>
						<string>(201.031006, 1250.563232)</string>
					</array>
					<key>Total</key>
					<real>68952</real>
					<key>Type</key>
					<integer>15</integer>
				</dict>
				<dict>
					<key>Area</key>
					<real>0.0</real>
					<key>Center</key>
					<string>(0.000000, 0.000000, 0.000000)</string>
					<key>Dev</key>
					<real>0.0</real>
					<key>IndexInImage</key>
					<integer>9</integer>
					<key>Max</key>
					<real>1877</real>
					<key>Mean</key>
					<real>1877</real>
					<key>Min</key>
					<real>1877</real>
					<key>Name</key>
					<string>Calcification</string>
					<key>NumberOfPoints</key>
					<integer>1</integer>
					<key>Point_mm</key>
					<array>
						<string>(0.000000, 0.000000, 0.000000)</string>
					</array>
					<key>Point_px</key>
					<array>
						<string>(111.196831, 2460.870117)</string>
					</array>
					<key>Total</key>
					<real>1877</real>
					<key>Type</key>
					<integer>19</integer>
				</dict>
				<dict>
					<key>Area</key>
					<real>0.0</real>
					<key>Center</key>
					<string>(0.000000, 0.000000, 0.000000)</string>
					<key>Dev</key>
					<real>0.0</real>
					<key>IndexInImage</key>
					<integer>10</integer>
					<key>Max</key>
					<real>1818</real>
					<key>Mean</key>
					<real>1818</real>
					<key>Min</key>
					<real>1818</real>
					<key>Name</key>
					<string>Calcification</string>
					<key>NumberOfPoints</key>
					<integer>1</integer>
					<key>Point_mm</key>
					<array>
						<string>(0.000000, 0.000000, 0.000000)</string>
					</array>
					<key>Point_px</key>
					<array>
						<string>(113.342911, 2437.081543)</string>
					</array>
					<key>Total</key>
					<real>1818</real>
					<key>Type</key>
					<integer>19</integer>
				</dict>
				<dict>
					<key>Area</key>
					<real>0.0</real>
					<key>Center</key>
					<string>(0.000000, 0.000000, 0.000000)</string>
					<key>Dev</key>
					<real>0.0</real>
					<key>IndexInImage</key>
					<integer>11</integer>
					<key>Max</key>
					<real>1965</real>
					<key>Mean</key>
					<real>1965</real>
					<key>Min</key>
					<real>1965</real>
					<key>Name</key>
					<string>Calcification</string>
					<key>NumberOfPoints</key>
					<integer>1</integer>
					<key>Point_mm</key>
					<array>
						<string>(0.000000, 0.000000, 0.000000)</string>
					</array>
					<key>Point_px</key>
					<array>
						<string>(38.345554, 2419.655762)</string>
					</array>
					<key>Total</key>
					<real>1965</real>
					<key>Type</key>
					<integer>19</integer>
				</dict>
				<dict>
					<key>Area</key>
					<real>0.0093467496335506439</real>
					<key>Center</key>
					<string>(0.000000, 0.000000, 0.000000)</string>
					<key>Dev</key>
					<real>262.3822021484375</real>
					<key>IndexInImage</key>
					<integer>12</integer>
					<key>Max</key>
					<real>2366</real>
					<key>Mean</key>
					<real>1880.6497802734375</real>
					<key>Min</key>
					<real>1354</real>
					<key>Name</key>
					<string>Calcification</string>
					<key>NumberOfPoints</key>
					<integer>6</integer>
					<key>Point_mm</key>
					<array>
						<string>(0.000000, 0.000000, 0.000000)</string>
						<string>(0.000000, 0.000000, 0.000000)</string>
						<string>(0.000000, 0.000000, 0.000000)</string>
						<string>(0.000000, 0.000000, 0.000000)</string>
						<string>(0.000000, 0.000000, 0.000000)</string>
						<string>(0.000000, 0.000000, 0.000000)</string>
					</array>
					<key>Point_px</key>
					<array>
						<string>(364.415558, 2466.578125)</string>
						<string>(364.776550, 2459.617920)</string>
						<string>(360.504547, 2447.798096)</string>
						<string>(353.142548, 2454.187988)</string>
						<string>(353.917542, 2461.947998)</string>
						<string>(358.157562, 2467.357910)</string>
					</array>
					<key>Total</key>
					<real>408101</real>
					<key>Type</key>
					<integer>15</integer>
				</dict>
				<dict>
					<key>Area</key>
					<real>0.0030609688255935907</real>
					<key>Center</key>
					<string>(0.000000, 0.000000, 0.000000)</string>
					<key>Dev</key>
					<real>167.29562377929688</real>
					<key>IndexInImage</key>
					<integer>13</integer>
					<key>Max</key>
					<real>2150</real>
					<key>Mean</key>
					<real>1876.8289794921875</real>
					<key>Min</key>
					<real>1500</real>
					<key>Name</key>
					<string>Calcification</string>
					<key>NumberOfPoints</key>
					<integer>7</integer>
					<key>Point_mm</key>
					<array>
						<string>(0.000000, 0.000000, 0.000000)</string>
						<string>(0.000000, 0.000000, 0.000000)</string>
						<string>(0.000000, 0.000000, 0.000000)</string>
						<string>(0.000000, 0.000000, 0.000000)</string>
						<string>(0.000000, 0.000000, 0.000000)</string>
						<string>(0.000000, 0.000000, 0.000000)</string>
						<string>(0.000000, 0.000000, 0.000000)</string>
					</array>
					<key>Point_px</key>
					<array>
						<string>(311.148895, 1993.559570)</string>
						<string>(314.451508, 1992.137329)</string>
						<string>(315.987915, 1989.749512)</string>
						<string>(315.987915, 1985.949463)</string>
						<string>(312.531921, 1983.529541)</string>
						<string>(308.729919, 1986.299561)</string>
						<string>(308.383911, 1990.099487)</string>
					</array>
					<key>Total</key>
					<real>142639</real>
					<key>Type</key>
					<integer>15</integer>
				</dict>
				<dict>
					<key>Area</key>
					<real>0.0010167500004172325</real>
					<key>Center</key>
					<string>(0.000000, 0.000000, 0.000000)</string>
					<key>Dev</key>
					<real>211.01899719238281</real>
					<key>IndexInImage</key>
					<integer>14</integer>
					<key>Max</key>
					<real>2300</real>
					<key>Mean</key>
					<real>1879.5926513671875</real>
					<key>Min</key>
					<real>1588</real>
					<key>Name</key>
					<string>Calcification</string>
					<key>NumberOfPoints</key>
					<integer>5</integer>
					<key>Point_mm</key>
					<array>
						<string>(0.000000, 0.000000, 0.000000)</string>
						<string>(0.000000, 0.000000, 0.000000)</string>
						<string>(0.000000, 0.000000, 0.000000)</string>
						<string>(0.000000, 0.000000, 0.000000)</string>
						<string>(0.000000, 0.000000, 0.000000)</string>
					</array>
					<key>Point_px</key>
					<array>
						<string>(652.319092, 1048.090576)</string>
						<string>(654.949768, 1046.862915)</string>
						<string>(656.878967, 1049.493652)</string>
						<string>(655.651306, 1052.299561)</string>
						<string>(653.020630, 1051.422729)</string>
					</array>
					<key>Total</key>
					<real>50749</real>
					<key>Type</key>
					<integer>15</integer>
				</dict>
				<dict>
					<key>Area</key>
					<real>0.0072918124496936798</real>
					<key>Center</key>
					<string>(0.000000, 0.000000, 0.000000)</string>
					<key>Dev</key>
					<real>631.032958984375</real>
					<key>IndexInImage</key>
					<integer>15</integer>
					<key>Max</key>
					<real>3823</real>
					<key>Mean</key>
					<real>2802.615478515625</real>
					<key>Min</key>
					<real>1378</real>
					<key>Name</key>
					<string>Calcification</string>
					<key>NumberOfPoints</key>
					<integer>10</integer>
					<key>Point_mm</key>
					<array>
						<string>(0.000000, 0.000000, 0.000000)</string>
						<string>(0.000000, 0.000000, 0.000000)</string>
						<string>(0.000000, 0.000000, 0.000000)</string>
						<string>(0.000000, 0.000000, 0.000000)</string>
						<string>(0.000000, 0.000000, 0.000000)</string>
						<string>(0.000000, 0.000000, 0.000000)</string>
						<string>(0.000000, 0.000000, 0.000000)</string>
						<string>(0.000000, 0.000000, 0.000000)</string>
						<string>(0.000000, 0.000000, 0.000000)</string>
						<string>(0.000000, 0.000000, 0.000000)</string>
					</array>
					<key>Point_px</key>
					<array>
						<string>(882.251648, 1584.169067)</string>
						<string>(877.965637, 1582.219116)</string>
						<string>(875.626648, 1578.719116)</string>
						<string>(875.626648, 1574.429077)</string>
						<string>(878.744629, 1570.919067)</string>
						<string>(882.641663, 1570.529053)</string>
						<string>(886.927673, 1572.479126)</string>
						<string>(888.875671, 1576.769043)</string>
						<string>(888.486633, 1580.279053)</string>
						<string>(885.548645, 1583.706787)</string>
					</array>
					<key>Total</key>
					<real>473642</real>
					<key>Type</key>
					<integer>15</integer>
				</dict>
				<dict>
					<key>Area</key>
					<real>0.0</real>
					<key>Center</key>
					<string>(0.000000, 0.000000, 0.000000)</string>
					<key>Dev</key>
					<real>0.0</real>
					<key>IndexInImage</key>
					<integer>16</integer>
					<key>Max</key>
					<real>2106</real>
					<key>Mean</key>
					<real>2106</real>
					<key>Min</key>
					<real>2106</real>
					<key>Name</key>
					<string>Calcification</string>
					<key>NumberOfPoints</key>
					<integer>1</integer>
					<key>Point_mm</key>
					<array>
						<string>(0.000000, 0.000000, 0.000000)</string>
					</array>
					<key>Point_px</key>
					<array>
						<string>(265.431152, 3533.191406)</string>
					</array>
					<key>Total</key>
					<real>2106</real>
					<key>Type</key>
					<integer>19</integer>
				</dict>
				<dict>
					<key>Area</key>
					<real>0.0</real>
					<key>Center</key>
					<string>(0.000000, 0.000000, 0.000000)</string>
					<key>Dev</key>
					<real>0.0</real>
					<key>IndexInImage</key>
					<integer>17</integer>
					<key>Max</key>
					<real>2041</real>
					<key>Mean</key>
					<real>2041</real>
					<key>Min</key>
					<real>2041</real>
					<key>Name</key>
					<string>Calcification</string>
					<key>NumberOfPoints</key>
					<integer>1</integer>
					<key>Point_mm</key>
					<array>
						<string>(0.000000, 0.000000, 0.000000)</string>
					</array>
					<key>Point_px</key>
					<array>
						<string>(276.130035, 3534.611816)</string>
					</array>
					<key>Total</key>
					<real>2041</real>
					<key>Type</key>
					<integer>19</integer>
				</dict>
				<dict>
					<key>Area</key>
					<real>0.0</real>
					<key>Center</key>
					<string>(0.000000, 0.000000, 0.000000)</string>
					<key>Dev</key>
					<real>0.0</real>
					<key>IndexInImage</key>
					<integer>18</integer>
					<key>Max</key>
					<real>1721</real>
					<key>Mean</key>
					<real>1721</real>
					<key>Min</key>
					<real>1721</real>
					<key>Name</key>
					<string>Calcification</string>
					<key>NumberOfPoints</key>
					<integer>1</integer>
					<key>Point_mm</key>
					<array>
						<string>(0.000000, 0.000000, 0.000000)</string>
					</array>
					<key>Point_px</key>
					<array>
						<string>(288.214447, 3531.357910)</string>
					</array>
					<key>Total</key>
					<real>1721</real>
					<key>Type</key>
					<integer>19</integer>
				</dict>
				<dict>
					<key>Area</key>
					<real>0.0</real>
					<key>Center</key>
					<string>(0.000000, 0.000000, 0.000000)</string>
					<key>Dev</key>
					<real>0.0</real>
					<key>IndexInImage</key>
					<integer>19</integer>
					<key>Max</key>
					<real>2060</real>
					<key>Mean</key>
					<real>2060</real>
					<key>Min</key>
					<real>2060</real>
					<key>Name</key>
					<string>Calcification</string>
					<key>NumberOfPoints</key>
					<integer>1</integer>
					<key>Point_mm</key>
					<array>
						<string>(0.000000, 0.000000, 0.000000)</string>
					</array>
					<key>Point_px</key>
					<array>
						<string>(323.212646, 3529.328369)</string>
					</array>
					<key>Total</key>
					<real>2060</real>
					<key>Type</key>
					<integer>19</integer>
				</dict>
				<dict>
					<key>Area</key>
					<real>0.0</real>
					<key>Center</key>
					<string>(0.000000, 0.000000, 0.000000)</string>
					<key>Dev</key>
					<real>0.0</real>
					<key>IndexInImage</key>
					<integer>20</integer>
					<key>Max</key>
					<real>1729</real>
					<key>Mean</key>
					<real>1729</real>
					<key>Min</key>
					<real>1729</real>
					<key>Name</key>
					<string>Calcification</string>
					<key>NumberOfPoints</key>
					<integer>1</integer>
					<key>Point_mm</key>
					<array>
						<string>(0.000000, 0.000000, 0.000000)</string>
					</array>
					<key>Point_px</key>
					<array>
						<string>(199.909958, 3399.260742)</string>
					</array>
					<key>Total</key>
					<real>1729</real>
					<key>Type</key>
					<integer>19</integer>
				</dict>
				<dict>
					<key>Area</key>
					<real>0.0</real>
					<key>Center</key>
					<string>(0.000000, 0.000000, 0.000000)</string>
					<key>Dev</key>
					<real>0.0</real>
					<key>IndexInImage</key>
					<integer>21</integer>
					<key>Max</key>
					<real>1562</real>
					<key>Mean</key>
					<real>1562</real>
					<key>Min</key>
					<real>1562</real>
					<key>Name</key>
					<string>Calcification</string>
					<key>NumberOfPoints</key>
					<integer>1</integer>
					<key>Point_mm</key>
					<array>
						<string>(0.000000, 0.000000, 0.000000)</string>
					</array>
					<key>Point_px</key>
					<array>
						<string>(222.126907, 3410.949707)</string>
					</array>
					<key>Total</key>
					<real>1562</real>
					<key>Type</key>
					<integer>19</integer>
				</dict>
				<dict>
					<key>Area</key>
					<real>0.0</real>
					<key>Center</key>
					<string>(0.000000, 0.000000, 0.000000)</string>
					<key>Dev</key>
					<real>0.0</real>
					<key>IndexInImage</key>
					<integer>22</integer>
					<key>Max</key>
					<real>1492</real>
					<key>Mean</key>
					<real>1492</real>
					<key>Min</key>
					<real>1492</real>
					<key>Name</key>
					<string>Calcification</string>
					<key>NumberOfPoints</key>
					<integer>1</integer>
					<key>Point_mm</key>
					<array>
						<string>(0.000000, 0.000000, 0.000000)</string>
					</array>
					<key>Point_px</key>
					<array>
						<string>(237.166992, 3433.705566)</string>
					</array>
					<key>Total</key>
					<real>1492</real>
					<key>Type</key>
					<integer>19</integer>
				</dict>
				<dict>
					<key>Area</key>
					<real>0.0</real>
					<key>Center</key>
					<string>(0.000000, 0.000000, 0.000000)</string>
					<key>Dev</key>
					<real>0.0</real>
					<key>IndexInImage</key>
					<integer>23</integer>
					<key>Max</key>
					<real>1569</real>
					<key>Mean</key>
					<real>1569</real>
					<key>Min</key>
					<real>1569</real>
					<key>Name</key>
					<string>Calcification</string>
					<key>NumberOfPoints</key>
					<integer>1</integer>
					<key>Point_mm</key>
					<array>
						<string>(0.000000, 0.000000, 0.000000)</string>
					</array>
					<key>Point_px</key>
					<array>
						<string>(242.199219, 3445.447266)</string>
					</array>
					<key>Total</key>
					<real>1569</real>
					<key>Type</key>
					<integer>19</integer>
				</dict>
				<dict>
					<key>Area</key>
					<real>0.0</real>
					<key>Center</key>
					<string>(0.000000, 0.000000, 0.000000)</string>
					<key>Dev</key>
					<real>0.0</real>
					<key>IndexInImage</key>
					<integer>24</integer>
					<key>Max</key>
					<real>1502</real>
					<key>Mean</key>
					<real>1502</real>
					<key>Min</key>
					<real>1502</real>
					<key>Name</key>
					<string>Calcification</string>
					<key>NumberOfPoints</key>
					<integer>1</integer>
					<key>Point_mm</key>
					<array>
						<string>(0.000000, 0.000000, 0.000000)</string>
					</array>
					<key>Point_px</key>
					<array>
						<string>(233.812256, 3480.672363)</string>
					</array>
					<key>Total</key>
					<real>1502</real>
					<key>Type</key>
					<integer>19</integer>
				</dict>
				<dict>
					<key>Area</key>
					<real>0.0</real>
					<key>Center</key>
					<string>(0.000000, 0.000000, 0.000000)</string>
					<key>Dev</key>
					<real>0.0</real>
					<key>IndexInImage</key>
					<integer>25</integer>
					<key>Max</key>
					<real>1929</real>
					<key>Mean</key>
					<real>1929</real>
					<key>Min</key>
					<real>1929</real>
					<key>Name</key>
					<string>Calcification</string>
					<key>NumberOfPoints</key>
					<integer>1</integer>
					<key>Point_mm</key>
					<array>
						<string>(0.000000, 0.000000, 0.000000)</string>
					</array>
					<key>Point_px</key>
					<array>
						<string>(231.328949, 3380.923828)</string>
					</array>
					<key>Total</key>
					<real>1929</real>
					<key>Type</key>
					<integer>19</integer>
				</dict>
				<dict>
					<key>Area</key>
					<real>0.0</real>
					<key>Center</key>
					<string>(0.000000, 0.000000, 0.000000)</string>
					<key>Dev</key>
					<real>0.0</real>
					<key>IndexInImage</key>
					<integer>26</integer>
					<key>Max</key>
					<real>1774</real>
					<key>Mean</key>
					<real>1774</real>
					<key>Min</key>
					<real>1774</real>
					<key>Name</key>
					<string>Calcification</string>
					<key>NumberOfPoints</key>
					<integer>1</integer>
					<key>Point_mm</key>
					<array>
						<string>(0.000000, 0.000000, 0.000000)</string>
					</array>
					<key>Point_px</key>
					<array>
						<string>(216.765244, 3378.101318)</string>
					</array>
					<key>Total</key>
					<real>1774</real>
					<key>Type</key>
					<integer>19</integer>
				</dict>
				<dict>
					<key>Area</key>
					<real>0.003342718817293644</real>
					<key>Center</key>
					<string>(0.000000, 0.000000, 0.000000)</string>
					<key>Dev</key>
					<real>209.26414489746094</real>
					<key>IndexInImage</key>
					<integer>27</integer>
					<key>Max</key>
					<real>2043</real>
					<key>Mean</key>
					<real>1694.62353515625</real>
					<key>Min</key>
					<real>1211</real>
					<key>Name</key>
					<string>Calcification</string>
					<key>NumberOfPoints</key>
					<integer>5</integer>
					<key>Point_mm</key>
					<array>
						<string>(0.000000, 0.000000, 0.000000)</string>
						<string>(0.000000, 0.000000, 0.000000)</string>
						<string>(0.000000, 0.000000, 0.000000)</string>
						<string>(0.000000, 0.000000, 0.000000)</string>
						<string>(0.000000, 0.000000, 0.000000)</string>
					</array>
					<key>Point_px</key>
					<array>
						<string>(254.147095, 3382.051270)</string>
						<string>(259.563599, 3378.801270)</string>
						<string>(259.924805, 3384.217773)</string>
						<string>(259.563599, 3389.995605)</string>
						<string>(253.786011, 3388.912109)</string>
					</array>
					<key>Total</key>
					<real>144043</real>
					<key>Type</key>
					<integer>15</integer>
				</dict>
				<dict>
					<key>Area</key>
					<real>0.0</real>
					<key>Center</key>
					<string>(0.000000, 0.000000, 0.000000)</string>
					<key>Dev</key>
					<real>0.0</real>
					<key>IndexInImage</key>
					<integer>28</integer>
					<key>Max</key>
					<real>1826</real>
					<key>Mean</key>
					<real>1826</real>
					<key>Min</key>
					<real>1826</real>
					<key>Name</key>
					<string>Calcification</string>
					<key>NumberOfPoints</key>
					<integer>1</integer>
					<key>Point_mm</key>
					<array>
						<string>(0.000000, 0.000000, 0.000000)</string>
					</array>
					<key>Point_px</key>
					<array>
						<string>(229.938797, 3372.036621)</string>
					</array>
					<key>Total</key>
					<real>1826</real>
					<key>Type</key>
					<integer>19</integer>
				</dict>
				<dict>
					<key>Area</key>
					<real>0.0021207812242209911</real>
					<key>Center</key>
					<string>(0.000000, 0.000000, 0.000000)</string>
					<key>Dev</key>
					<real>305.1458740234375</real>
					<key>IndexInImage</key>
					<integer>29</integer>
					<key>Max</key>
					<real>2041</real>
					<key>Mean</key>
					<real>1456.107177734375</real>
					<key>Min</key>
					<real>822</real>
					<key>Name</key>
					<string>Calcification</string>
					<key>NumberOfPoints</key>
					<integer>7</integer>
					<key>Point_mm</key>
					<array>
						<string>(0.000000, 0.000000, 0.000000)</string>
						<string>(0.000000, 0.000000, 0.000000)</string>
						<string>(0.000000, 0.000000, 0.000000)</string>
						<string>(0.000000, 0.000000, 0.000000)</string>
						<string>(0.000000, 0.000000, 0.000000)</string>
						<string>(0.000000, 0.000000, 0.000000)</string>
						<string>(0.000000, 0.000000, 0.000000)</string>
					</array>
					<key>Point_px</key>
					<array>
						<string>(214.821533, 3515.588379)</string>
						<string>(217.939941, 3515.588379)</string>
						<string>(221.837936, 3515.588623)</string>
						<string>(223.656982, 3512.989502)</string>
						<string>(220.138092, 3510.630371)</string>
						<string>(215.200089, 3511.620361)</string>
						<string>(213.262329, 3513.769043)</string>
					</array>
					<key>Total</key>
					<real>81542</real>
					<key>Type</key>
					<integer>15</integer>
				</dict>
				<dict>
					<key>Area</key>
					<real>0.0</real>
					<key>Center</key>
					<string>(0.000000, 0.000000, 0.000000)</string>
					<key>Dev</key>
					<real>0.0</real>
					<key>IndexInImage</key>
					<integer>30</integer>
					<key>Max</key>
					<real>1676</real>
					<key>Mean</key>
					<real>1676</real>
					<key>Min</key>
					<real>1676</real>
					<key>Name</key>
					<string>Calcification</string>
					<key>NumberOfPoints</key>
					<integer>1</integer>
					<key>Point_mm</key>
					<array>
						<string>(0.000000, 0.000000, 0.000000)</string>
					</array>
					<key>Point_px</key>
					<array>
						<string>(67.548141, 3409.630371)</string>
					</array>
					<key>Total</key>
					<real>1676</real>
					<key>Type</key>
					<integer>19</integer>
				</dict>
				<dict>
					<key>Area</key>
					<real>0.0</real>
					<key>Center</key>
					<string>(0.000000, 0.000000, 0.000000)</string>
					<key>Dev</key>
					<real>0.0</real>
					<key>IndexInImage</key>
					<integer>31</integer>
					<key>Max</key>
					<real>1614</real>
					<key>Mean</key>
					<real>1614</real>
					<key>Min</key>
					<real>1614</real>
					<key>Name</key>
					<string>Calcification</string>
					<key>NumberOfPoints</key>
					<integer>1</integer>
					<key>Point_mm</key>
					<array>
						<string>(0.000000, 0.000000, 0.000000)</string>
					</array>
					<key>Point_px</key>
					<array>
						<string>(80.977203, 3422.659912)</string>
					</array>
					<key>Total</key>
					<real>1614</real>
					<key>Type</key>
					<integer>19</integer>
				</dict>
				<dict>
					<key>Area</key>
					<real>0.0016047500539571047</real>
					<key>Center</key>
					<string>(0.000000, 0.000000, 0.000000)</string>
					<key>Dev</key>
					<real>458.42108154296875</real>
					<key>IndexInImage</key>
					<integer>32</integer>
					<key>Max</key>
					<real>3045</real>
					<key>Mean</key>
					<real>2113.720947265625</real>
					<key>Min</key>
					<real>1495</real>
					<key>Name</key>
					<string>Calcification</string>
					<key>NumberOfPoints</key>
					<integer>5</integer>
					<key>Point_mm</key>
					<array>
						<string>(0.000000, 0.000000, 0.000000)</string>
						<string>(0.000000, 0.000000, 0.000000)</string>
						<string>(0.000000, 0.000000, 0.000000)</string>
						<string>(0.000000, 0.000000, 0.000000)</string>
						<string>(0.000000, 0.000000, 0.000000)</string>
					</array>
					<key>Point_px</key>
					<array>
						<string>(78.131592, 3360.447754)</string>
						<string>(81.250000, 3360.967529)</string>
						<string>(83.069092, 3364.345703)</string>
						<string>(79.171143, 3366.684570)</string>
						<string>(76.572510, 3364.085938)</string>
					</array>
					<key>Total</key>
					<real>90890</real>
					<key>Type</key>
					<integer>15</integer>
				</dict>
				<dict>
					<key>Area</key>
					<real>0.00116221874486655</real>
					<key>Center</key>
					<string>(0.000000, 0.000000, 0.000000)</string>
					<key>Dev</key>
					<real>164.06195068359375</real>
					<key>IndexInImage</key>
					<integer>33</integer>
					<key>Max</key>
					<real>1518</real>
					<key>Mean</key>
					<real>1251.59375</real>
					<key>Min</key>
					<real>885</real>
					<key>Name</key>
					<string>Calcification</string>
					<key>NumberOfPoints</key>
					<integer>5</integer>
					<key>Point_mm</key>
					<array>
						<string>(0.000000, 0.000000, 0.000000)</string>
						<string>(0.000000, 0.000000, 0.000000)</string>
						<string>(0.000000, 0.000000, 0.000000)</string>
						<string>(0.000000, 0.000000, 0.000000)</string>
						<string>(0.000000, 0.000000, 0.000000)</string>
					</array>
					<key>Point_px</key>
					<array>
						<string>(109.897537, 3451.510742)</string>
						<string>(112.202538, 3454.470703)</string>
						<string>(115.494537, 3455.460693)</string>
						<string>(117.469536, 3452.170654)</string>
						<string>(114.513008, 3451.401367)</string>
					</array>
					<key>Total</key>
					<real>40051</real>
					<key>Type</key>
					<integer>15</integer>
				</dict>
				<dict>
					<key>Area</key>
					<real>0.0028557812329381704</real>
					<key>Center</key>
					<string>(0.000000, 0.000000, 0.000000)</string>
					<key>Dev</key>
					<real>139.04896545410156</real>
					<key>IndexInImage</key>
					<integer>34</integer>
					<key>Max</key>
					<real>1440</real>
					<key>Mean</key>
					<real>1213.357177734375</real>
					<key>Min</key>
					<real>937</real>
					<key>Name</key>
					<string>Calcification</string>
					<key>NumberOfPoints</key>
					<integer>7</integer>
					<key>Point_mm</key>
					<array>
						<string>(0.000000, 0.000000, 0.000000)</string>
						<string>(0.000000, 0.000000, 0.000000)</string>
						<string>(0.000000, 0.000000, 0.000000)</string>
						<string>(0.000000, 0.000000, 0.000000)</string>
						<string>(0.000000, 0.000000, 0.000000)</string>
						<string>(0.000000, 0.000000, 0.000000)</string>
						<string>(0.000000, 0.000000, 0.000000)</string>
					</array>
					<key>Point_px</key>
					<array>
						<string>(98.271111, 3451.581055)</string>
						<string>(97.612511, 3455.200928)</string>
						<string>(99.258812, 3458.821045)</string>
						<string>(95.966415, 3459.811035)</string>
						<string>(92.345009, 3458.821045)</string>
						<string>(89.381813, 3455.531006)</string>
						<string>(92.674210, 3452.561035)</string>
					</array>
					<key>Total</key>
					<real>84935</real>
					<key>Type</key>
					<integer>15</integer>
				</dict>
				<dict>
					<key>Area</key>
					<real>0.0024599530734121799</real>
					<key>Center</key>
					<string>(0.000000, 0.000000, 0.000000)</string>
					<key>Dev</key>
					<real>155.96791076660156</real>
					<key>IndexInImage</key>
					<integer>35</integer>
					<key>Max</key>
					<real>1634</real>
					<key>Mean</key>
					<real>1334.2923583984375</real>
					<key>Min</key>
					<real>992</real>
					<key>Name</key>
					<string>Calcification</string>
					<key>NumberOfPoints</key>
					<integer>7</integer>
					<key>Point_mm</key>
					<array>
						<string>(0.000000, 0.000000, 0.000000)</string>
						<string>(0.000000, 0.000000, 0.000000)</string>
						<string>(0.000000, 0.000000, 0.000000)</string>
						<string>(0.000000, 0.000000, 0.000000)</string>
						<string>(0.000000, 0.000000, 0.000000)</string>
						<string>(0.000000, 0.000000, 0.000000)</string>
						<string>(0.000000, 0.000000, 0.000000)</string>
					</array>
					<key>Point_px</key>
					<array>
						<string>(95.567879, 3443.470215)</string>
						<string>(91.946274, 3440.830322)</string>
						<string>(88.324776, 3440.830322)</string>
						<string>(85.032478, 3441.820312)</string>
						<string>(82.727875, 3445.440186)</string>
						<string>(87.007874, 3446.430176)</string>
						<string>(90.085548, 3445.164551)</string>
					</array>
					<key>Total</key>
					<real>86729</real>
					<key>Type</key>
					<integer>15</integer>
				</dict>
				<dict>
					<key>Area</key>
					<real>0.0</real>
					<key>Center</key>
					<string>(0.000000, 0.000000, 0.000000)</string>
					<key>Dev</key>
					<real>0.0</real>
					<key>IndexInImage</key>
					<integer>36</integer>
					<key>Max</key>
					<real>1254</real>
					<key>Mean</key>
					<real>1254</real>
					<key>Min</key>
					<real>1254</real>
					<key>Name</key>
					<string>Calcification</string>
					<key>NumberOfPoints</key>
					<integer>1</integer>
					<key>Point_mm</key>
					<array>
						<string>(0.000000, 0.000000, 0.000000)</string>
					</array>
					<key>Point_px</key>
					<array>
						<string>(38.716084, 3505.589600)</string>
					</array>
					<key>Total</key>
					<real>1254</real>
					<key>Type</key>
					<integer>19</integer>
				</dict>
				<dict>
					<key>Area</key>
					<real>0.0</real>
					<key>Center</key>
					<string>(0.000000, 0.000000, 0.000000)</string>
					<key>Dev</key>
					<real>0.0</real>
					<key>IndexInImage</key>
					<integer>37</integer>
					<key>Max</key>
					<real>1345</real>
					<key>Mean</key>
					<real>1345</real>
					<key>Min</key>
					<real>1345</real>
					<key>Name</key>
					<string>Calcification</string>
					<key>NumberOfPoints</key>
					<integer>1</integer>
					<key>Point_mm</key>
					<array>
						<string>(0.000000, 0.000000, 0.000000)</string>
					</array>
					<key>Point_px</key>
					<array>
						<string>(40.487335, 3496.999756)</string>
					</array>
					<key>Total</key>
					<real>1345</real>
					<key>Type</key>
					<integer>19</integer>
				</dict>
				<dict>
					<key>Area</key>
					<real>0.0</real>
					<key>Center</key>
					<string>(0.000000, 0.000000, 0.000000)</string>
					<key>Dev</key>
					<real>0.0</real>
					<key>IndexInImage</key>
					<integer>38</integer>
					<key>Max</key>
					<real>1572</real>
					<key>Mean</key>
					<real>1572</real>
					<key>Min</key>
					<real>1572</real>
					<key>Name</key>
					<string>Calcification</string>
					<key>NumberOfPoints</key>
					<integer>1</integer>
					<key>Point_mm</key>
					<array>
						<string>(0.000000, 0.000000, 0.000000)</string>
					</array>
					<key>Point_px</key>
					<array>
						<string>(39.073666, 3474.360107)</string>
					</array>
					<key>Total</key>
					<real>1572</real>
					<key>Type</key>
					<integer>19</integer>
				</dict>
				<dict>
					<key>Area</key>
					<real>0.0</real>
					<key>Center</key>
					<string>(0.000000, 0.000000, 0.000000)</string>
					<key>Dev</key>
					<real>0.0</real>
					<key>IndexInImage</key>
					<integer>39</integer>
					<key>Max</key>
					<real>1470</real>
					<key>Mean</key>
					<real>1470</real>
					<key>Min</key>
					<real>1470</real>
					<key>Name</key>
					<string>Calcification</string>
					<key>NumberOfPoints</key>
					<integer>1</integer>
					<key>Point_mm</key>
					<array>
						<string>(0.000000, 0.000000, 0.000000)</string>
					</array>
					<key>Point_px</key>
					<array>
						<string>(48.464291, 3475.939697)</string>
					</array>
					<key>Total</key>
					<real>1470</real>
					<key>Type</key>
					<integer>19</integer>
				</dict>
				<dict>
					<key>Area</key>
					<real>0.009020976722240448</real>
					<key>Center</key>
					<string>(0.000000, 0.000000, 0.000000)</string>
					<key>Dev</key>
					<real>800.4815673828125</real>
					<key>IndexInImage</key>
					<integer>40</integer>
					<key>Max</key>
					<real>3672</real>
					<key>Mean</key>
					<real>2324.42333984375</real>
					<key>Min</key>
					<real>916</real>
					<key>Name</key>
					<string>Calcification</string>
					<key>NumberOfPoints</key>
					<integer>14</integer>
					<key>Point_mm</key>
					<array>
						<string>(0.000000, 0.000000, 0.000000)</string>
						<string>(0.000000, 0.000000, 0.000000)</string>
						<string>(0.000000, 0.000000, 0.000000)</string>
						<string>(0.000000, 0.000000, 0.000000)</string>
						<string>(0.000000, 0.000000, 0.000000)</string>
						<string>(0.000000, 0.000000, 0.000000)</string>
						<string>(0.000000, 0.000000, 0.000000)</string>
						<string>(0.000000, 0.000000, 0.000000)</string>
						<string>(0.000000, 0.000000, 0.000000)</string>
						<string>(0.000000, 0.000000, 0.000000)</string>
						<string>(0.000000, 0.000000, 0.000000)</string>
						<string>(0.000000, 0.000000, 0.000000)</string>
						<string>(0.000000, 0.000000, 0.000000)</string>
						<string>(0.000000, 0.000000, 0.000000)</string>
					</array>
					<key>Point_px</key>
					<array>
						<string>(65.723267, 3532.989502)</string>
						<string>(60.556580, 3533.499512)</string>
						<string>(55.389778, 3533.499512)</string>
						<string>(50.223080, 3532.469482)</string>
						<string>(44.539680, 3531.959473)</string>
						<string>(39.372978, 3531.959473)</string>
						<string>(36.272980, 3532.469482)</string>
						<string>(38.856380, 3536.089600)</string>
						<string>(44.023079, 3537.639648)</string>
						<string>(49.706478, 3537.639648)</string>
						<string>(54.873180, 3540.739502)</string>
						<string>(60.556580, 3540.219482)</string>
						<string>(65.723267, 3538.159424)</string>
						<string>(69.856567, 3535.049561)</string>
					</array>
					<key>Total</key>
					<real>439316</real>
					<key>Type</key>
					<integer>15</integer>
				</dict>
				<dict>
					<key>Area</key>
					<real>0.003446078160777688</real>
					<key>Center</key>
					<string>(0.000000, 0.000000, 0.000000)</string>
					<key>Dev</key>
					<real>201.2440185546875</real>
					<key>IndexInImage</key>
					<integer>41</integer>
					<key>Max</key>
					<real>1708</real>
					<key>Mean</key>
					<real>1289.4705810546875</real>
					<key>Min</key>
					<real>937</real>
					<key>Name</key>
					<string>Calcification</string>
					<key>NumberOfPoints</key>
					<integer>8</integer>
					<key>Point_mm</key>
					<array>
						<string>(0.000000, 0.000000, 0.000000)</string>
						<string>(0.000000, 0.000000, 0.000000)</string>
						<string>(0.000000, 0.000000, 0.000000)</string>
						<string>(0.000000, 0.000000, 0.000000)</string>
						<string>(0.000000, 0.000000, 0.000000)</string>
						<string>(0.000000, 0.000000, 0.000000)</string>
						<string>(0.000000, 0.000000, 0.000000)</string>
						<string>(0.000000, 0.000000, 0.000000)</string>
					</array>
					<key>Point_px</key>
					<array>
						<string>(103.035606, 3432.621338)</string>
						<string>(106.657104, 3432.291504)</string>
						<string>(110.874741, 3434.510254)</string>
						<string>(113.571007, 3435.911377)</string>
						<string>(110.937004, 3439.531494)</string>
						<string>(107.315506, 3442.171387)</string>
						<string>(103.694107, 3440.851318)</string>
						<string>(104.352509, 3437.561523)</string>
					</array>
					<key>Total</key>
					<real>109605</real>
					<key>Type</key>
					<integer>15</integer>
				</dict>
				<dict>
					<key>Area</key>
					<real>0.0020426874980330467</real>
					<key>Center</key>
					<string>(0.000000, 0.000000, 0.000000)</string>
					<key>Dev</key>
					<real>210.36581420898438</real>
					<key>IndexInImage</key>
					<integer>42</integer>
					<key>Max</key>
					<real>2355</real>
					<key>Mean</key>
					<real>1920.5882568359375</real>
					<key>Min</key>
					<real>1505</real>
					<key>Name</key>
					<string>Calcification</string>
					<key>NumberOfPoints</key>
					<integer>6</integer>
					<key>Point_mm</key>
					<array>
						<string>(0.000000, 0.000000, 0.000000)</string>
						<string>(0.000000, 0.000000, 0.000000)</string>
						<string>(0.000000, 0.000000, 0.000000)</string>
						<string>(0.000000, 0.000000, 0.000000)</string>
						<string>(0.000000, 0.000000, 0.000000)</string>
						<string>(0.000000, 0.000000, 0.000000)</string>
					</array>
					<key>Point_px</key>
					<array>
						<string>(115.494537, 3415.880371)</string>
						<string>(119.445541, 3418.840576)</string>
						<string>(123.066536, 3419.170410)</string>
						<string>(124.383537, 3415.550537)</string>
						<string>(120.762535, 3413.580566)</string>
						<string>(117.469536, 3413.250488)</string>
					</array>
					<key>Total</key>
					<real>97950</real>
					<key>Type</key>
					<integer>15</integer>
				</dict>
				<dict>
					<key>Area</key>
					<real>0.0</real>
					<key>Center</key>
					<string>(0.000000, 0.000000, 0.000000)</string>
					<key>Dev</key>
					<real>0.0</real>
					<key>IndexInImage</key>
					<integer>43</integer>
					<key>Max</key>
					<real>1976</real>
					<key>Mean</key>
					<real>1976</real>
					<key>Min</key>
					<real>1976</real>
					<key>Name</key>
					<string>Calcification</string>
					<key>NumberOfPoints</key>
					<integer>1</integer>
					<key>Point_mm</key>
					<array>
						<string>(0.000000, 0.000000, 0.000000)</string>
					</array>
					<key>Point_px</key>
					<array>
						<string>(140.516571, 3404.290283)</string>
					</array>
					<key>Total</key>
					<real>1976</real>
					<key>Type</key>
					<integer>19</integer>
				</dict>
				<dict>
					<key>Area</key>
					<real>0.0025694374926388264</real>
					<key>Center</key>
					<string>(0.000000, 0.000000, 0.000000)</string>
					<key>Dev</key>
					<real>210.5262451171875</real>
					<key>IndexInImage</key>
					<integer>44</integer>
					<key>Max</key>
					<real>2136</real>
					<key>Mean</key>
					<real>1703.306396484375</real>
					<key>Min</key>
					<real>1248</real>
					<key>Name</key>
					<string>Calcification</string>
					<key>NumberOfPoints</key>
					<integer>6</integer>
					<key>Point_mm</key>
					<array>
						<string>(0.000000, 0.000000, 0.000000)</string>
						<string>(0.000000, 0.000000, 0.000000)</string>
						<string>(0.000000, 0.000000, 0.000000)</string>
						<string>(0.000000, 0.000000, 0.000000)</string>
						<string>(0.000000, 0.000000, 0.000000)</string>
						<string>(0.000000, 0.000000, 0.000000)</string>
					</array>
					<key>Point_px</key>
					<array>
						<string>(137.154434, 3419.040039)</string>
						<string>(140.446426, 3422.000000)</string>
						<string>(143.739441, 3420.679932)</string>
						<string>(145.056427, 3417.060059)</string>
						<string>(142.318680, 3414.759766)</string>
						<string>(138.142441, 3413.770020)</string>
					</array>
					<key>Total</key>
					<real>105605</real>
					<key>Type</key>
					<integer>15</integer>
				</dict>
				<dict>
					<key>Area</key>
					<real>0.0</real>
					<key>Center</key>
					<string>(0.000000, 0.000000, 0.000000)</string>
					<key>Dev</key>
					<real>0.0</real>
					<key>IndexInImage</key>
					<integer>45</integer>
					<key>Max</key>
					<real>1321</real>
					<key>Mean</key>
					<real>1321</real>
					<key>Min</key>
					<real>1321</real>
					<key>Name</key>
					<string>Calcification</string>
					<key>NumberOfPoints</key>
					<integer>1</integer>
					<key>Point_mm</key>
					<array>
						<string>(0.000000, 0.000000, 0.000000)</string>
					</array>
					<key>Point_px</key>
					<array>
						<string>(151.588928, 3459.080811)</string>
					</array>
					<key>Total</key>
					<real>1321</real>
					<key>Type</key>
					<integer>19</integer>
				</dict>
				<dict>
					<key>Area</key>
					<real>0.0</real>
					<key>Center</key>
					<string>(0.000000, 0.000000, 0.000000)</string>
					<key>Dev</key>
					<real>0.0</real>
					<key>IndexInImage</key>
					<integer>46</integer>
					<key>Max</key>
					<real>1383</real>
					<key>Mean</key>
					<real>1383</real>
					<key>Min</key>
					<real>1383</real>
					<key>Name</key>
					<string>Calcification</string>
					<key>NumberOfPoints</key>
					<integer>1</integer>
					<key>Point_mm</key>
					<array>
						<string>(0.000000, 0.000000, 0.000000)</string>
					</array>
					<key>Point_px</key>
					<array>
						<string>(156.162689, 3456.078369)</string>
					</array>
					<key>Total</key>
					<real>1383</real>
					<key>Type</key>
					<integer>19</integer>
				</dict>
				<dict>
					<key>Area</key>
					<real>0.0</real>
					<key>Center</key>
					<string>(0.000000, 0.000000, 0.000000)</string>
					<key>Dev</key>
					<real>0.0</real>
					<key>IndexInImage</key>
					<integer>47</integer>
					<key>Max</key>
					<real>1642</real>
					<key>Mean</key>
					<real>1642</real>
					<key>Min</key>
					<real>1642</real>
					<key>Name</key>
					<string>Calcification</string>
					<key>NumberOfPoints</key>
					<integer>1</integer>
					<key>Point_mm</key>
					<array>
						<string>(0.000000, 0.000000, 0.000000)</string>
					</array>
					<key>Point_px</key>
					<array>
						<string>(154.811890, 3448.859619)</string>
					</array>
					<key>Total</key>
					<real>1642</real>
					<key>Type</key>
					<integer>19</integer>
				</dict>
				<dict>
					<key>Area</key>
					<real>0.0</real>
					<key>Center</key>
					<string>(0.000000, 0.000000, 0.000000)</string>
					<key>Dev</key>
					<real>0.0</real>
					<key>IndexInImage</key>
					<integer>48</integer>
					<key>Max</key>
					<real>1381</real>
					<key>Mean</key>
					<real>1381</real>
					<key>Min</key>
					<real>1381</real>
					<key>Name</key>
					<string>Calcification</string>
					<key>NumberOfPoints</key>
					<integer>1</integer>
					<key>Point_mm</key>
					<array>
						<string>(0.000000, 0.000000, 0.000000)</string>
					</array>
					<key>Point_px</key>
					<array>
						<string>(164.082291, 3453.600098)</string>
					</array>
					<key>Total</key>
					<real>1381</real>
					<key>Type</key>
					<integer>19</integer>
				</dict>
				<dict>
					<key>Area</key>
					<real>0.0</real>
					<key>Center</key>
					<string>(0.000000, 0.000000, 0.000000)</string>
					<key>Dev</key>
					<real>0.0</real>
					<key>IndexInImage</key>
					<integer>49</integer>
					<key>Max</key>
					<real>1390</real>
					<key>Mean</key>
					<real>1390</real>
					<key>Min</key>
					<real>1390</real>
					<key>Name</key>
					<string>Calcification</string>
					<key>NumberOfPoints</key>
					<integer>1</integer>
					<key>Point_mm</key>
					<array>
						<string>(0.000000, 0.000000, 0.000000)</string>
					</array>
					<key>Point_px</key>
					<array>
						<string>(148.417572, 3478.959961)</string>
					</array>
					<key>Total</key>
					<real>1390</real>
					<key>Type</key>
					<integer>19</integer>
				</dict>
				<dict>
					<key>Area</key>
					<real>0.0</real>
					<key>Center</key>
					<string>(0.000000, 0.000000, 0.000000)</string>
					<key>Dev</key>
					<real>0.0</real>
					<key>IndexInImage</key>
					<integer>50</integer>
					<key>Max</key>
					<real>1533</real>
					<key>Mean</key>
					<real>1533</real>
					<key>Min</key>
					<real>1533</real>
					<key>Name</key>
					<string>Calcification</string>
					<key>NumberOfPoints</key>
					<integer>1</integer>
					<key>Point_mm</key>
					<array>
						<string>(0.000000, 0.000000, 0.000000)</string>
					</array>
					<key>Point_px</key>
					<array>
						<string>(161.586609, 3468.300781)</string>
					</array>
					<key>Total</key>
					<real>1533</real>
					<key>Type</key>
					<integer>19</integer>
				</dict>
				<dict>
					<key>Area</key>
					<real>0.0014654062688350677</real>
					<key>Center</key>
					<string>(0.000000, 0.000000, 0.000000)</string>
					<key>Dev</key>
					<real>164.051513671875</real>
					<key>IndexInImage</key>
					<integer>51</integer>
					<key>Max</key>
					<real>1676</real>
					<key>Mean</key>
					<real>1326.625</real>
					<key>Min</key>
					<real>1077</real>
					<key>Name</key>
					<string>Calcification</string>
					<key>NumberOfPoints</key>
					<integer>5</integer>
					<key>Point_mm</key>
					<array>
						<string>(0.000000, 0.000000, 0.000000)</string>
						<string>(0.000000, 0.000000, 0.000000)</string>
						<string>(0.000000, 0.000000, 0.000000)</string>
						<string>(0.000000, 0.000000, 0.000000)</string>
						<string>(0.000000, 0.000000, 0.000000)</string>
					</array>
					<key>Point_px</key>
					<array>
						<string>(207.939423, 3490.339600)</string>
						<string>(204.317413, 3489.019531)</string>
						<string>(202.012421, 3485.399414)</string>
						<string>(206.292419, 3484.409424)</string>
						<string>(208.597412, 3487.379639)</string>
					</array>
					<key>Total</key>
					<real>53065</real>
					<key>Type</key>
					<integer>15</integer>
				</dict>
				<dict>
					<key>Area</key>
					<real>0.0046580624766647816</real>
					<key>Center</key>
					<string>(0.000000, 0.000000, 0.000000)</string>
					<key>Dev</key>
					<real>145.55192565917969</real>
					<key>IndexInImage</key>
					<integer>52</integer>
					<key>Max</key>
					<real>1655</real>
					<key>Mean</key>
					<real>1327.3426513671875</real>
					<key>Min</key>
					<real>1024</real>
					<key>Name</key>
					<string>Calcification</string>
					<key>NumberOfPoints</key>
					<integer>13</integer>
					<key>Point_mm</key>
					<array>
						<string>(0.000000, 0.000000, 0.000000)</string>
						<string>(0.000000, 0.000000, 0.000000)</string>
						<string>(0.000000, 0.000000, 0.000000)</string>
						<string>(0.000000, 0.000000, 0.000000)</string>
						<string>(0.000000, 0.000000, 0.000000)</string>
						<string>(0.000000, 0.000000, 0.000000)</string>
						<string>(0.000000, 0.000000, 0.000000)</string>
						<string>(0.000000, 0.000000, 0.000000)</string>
						<string>(0.000000, 0.000000, 0.000000)</string>
						<string>(0.000000, 0.000000, 0.000000)</string>
						<string>(0.000000, 0.000000, 0.000000)</string>
						<string>(0.000000, 0.000000, 0.000000)</string>
						<string>(0.000000, 0.000000, 0.000000)</string>
					</array>
					<key>Point_px</key>
					<array>
						<string>(169.604614, 3448.542480)</string>
						<string>(172.982910, 3450.101807)</string>
						<string>(177.140747, 3450.361572)</string>
						<string>(179.452347, 3452.170654)</string>
						<string>(183.637451, 3451.401123)</string>
						<string>(186.755859, 3451.401123)</string>
						<string>(189.987335, 3450.850586)</string>
						<string>(185.716431, 3448.542480)</string>
						<string>(182.744339, 3446.570801)</string>
						<string>(179.123337, 3444.590820)</string>
						<string>(175.830338, 3443.610596)</string>
						<string>(173.762451, 3445.164307)</string>
						<string>(169.864502, 3445.943848)</string>
					</array>
					<key>Total</key>
					<real>143353</real>
					<key>Type</key>
					<integer>15</integer>
				</dict>
				<dict>
					<key>Area</key>
					<real>0.0038618126418441534</real>
					<key>Center</key>
					<string>(0.000000, 0.000000, 0.000000)</string>
					<key>Dev</key>
					<real>162.25332641601562</real>
					<key>IndexInImage</key>
					<integer>53</integer>
					<key>Max</key>
					<real>1796</real>
					<key>Mean</key>
					<real>1471.3170166015625</real>
					<key>Min</key>
					<real>1053</real>
					<key>Name</key>
					<string>Calcification</string>
					<key>NumberOfPoints</key>
					<integer>11</integer>
					<key>Point_mm</key>
					<array>
						<string>(0.000000, 0.000000, 0.000000)</string>
						<string>(0.000000, 0.000000, 0.000000)</string>
						<string>(0.000000, 0.000000, 0.000000)</string>
						<string>(0.000000, 0.000000, 0.000000)</string>
						<string>(0.000000, 0.000000, 0.000000)</string>
						<string>(0.000000, 0.000000, 0.000000)</string>
						<string>(0.000000, 0.000000, 0.000000)</string>
						<string>(0.000000, 0.000000, 0.000000)</string>
						<string>(0.000000, 0.000000, 0.000000)</string>
						<string>(0.000000, 0.000000, 0.000000)</string>
						<string>(0.000000, 0.000000, 0.000000)</string>
					</array>
					<key>Point_px</key>
					<array>
						<string>(204.404251, 3449.909668)</string>
						<string>(206.380249, 3450.239746)</string>
						<string>(210.001251, 3450.239746)</string>
						<string>(210.001251, 3446.949707)</string>
						<string>(206.380249, 3445.959717)</string>
						<string>(203.087250, 3444.649658)</string>
						<string>(199.466248, 3443.989746)</string>
						<string>(196.173248, 3443.329834)</string>
						<string>(193.869247, 3446.619873)</string>
						<string>(197.490250, 3449.259766)</string>
						<string>(201.441238, 3449.579834)</string>
					</array>
					<key>Total</key>
					<real>120648</real>
					<key>Type</key>
					<integer>15</integer>
				</dict>
				<dict>
					<key>Area</key>
					<real>0.0044176564551889896</real>
					<key>Center</key>
					<string>(0.000000, 0.000000, 0.000000)</string>
					<key>Dev</key>
					<real>256.514404296875</real>
					<key>IndexInImage</key>
					<integer>54</integer>
					<key>Max</key>
					<real>2097</real>
					<key>Mean</key>
					<real>1569.339599609375</real>
					<key>Min</key>
					<real>1016</real>
					<key>Name</key>
					<string>Calcification</string>
					<key>NumberOfPoints</key>
					<integer>17</integer>
					<key>Point_mm</key>
					<array>
						<string>(0.000000, 0.000000, 0.000000)</string>
						<string>(0.000000, 0.000000, 0.000000)</string>
						<string>(0.000000, 0.000000, 0.000000)</string>
						<string>(0.000000, 0.000000, 0.000000)</string>
						<string>(0.000000, 0.000000, 0.000000)</string>
						<string>(0.000000, 0.000000, 0.000000)</string>
						<string>(0.000000, 0.000000, 0.000000)</string>
						<string>(0.000000, 0.000000, 0.000000)</string>
						<string>(0.000000, 0.000000, 0.000000)</string>
						<string>(0.000000, 0.000000, 0.000000)</string>
						<string>(0.000000, 0.000000, 0.000000)</string>
						<string>(0.000000, 0.000000, 0.000000)</string>
						<string>(0.000000, 0.000000, 0.000000)</string>
						<string>(0.000000, 0.000000, 0.000000)</string>
						<string>(0.000000, 0.000000, 0.000000)</string>
						<string>(0.000000, 0.000000, 0.000000)</string>
						<string>(0.000000, 0.000000, 0.000000)</string>
					</array>
					<key>Point_px</key>
					<array>
						<string>(211.962891, 3454.779297)</string>
						<string>(214.592514, 3455.061035)</string>
						<string>(218.214508, 3455.061035)</string>
						<string>(221.058228, 3454.259766)</string>
						<string>(224.799515, 3455.061035)</string>
						<string>(228.594360, 3455.818848)</string>
						<string>(230.933228, 3453.479980)</string>
						<string>(233.791748, 3452.700439)</string>
						<string>(234.311523, 3450.101807)</string>
						<string>(231.452881, 3449.322266)</string>
						<string>(227.295044, 3450.621582)</string>
						<string>(224.176682, 3451.142090)</string>
						<string>(221.506516, 3452.101074)</string>
						<string>(218.214508, 3452.101074)</string>
						<string>(214.592514, 3451.440918)</string>
						<string>(211.300522, 3451.110840)</string>
						<string>(209.104370, 3452.960449)</string>
					</array>
					<key>Total</key>
					<real>166350</real>
					<key>Type</key>
					<integer>15</integer>
				</dict>
				<dict>
					<key>Area</key>
					<real>0.0030747500713914633</real>
					<key>Center</key>
					<string>(0.000000, 0.000000, 0.000000)</string>
					<key>Dev</key>
					<real>148.218017578125</real>
					<key>IndexInImage</key>
					<integer>55</integer>
					<key>Max</key>
					<real>1979</real>
					<key>Mean</key>
					<real>1732.82666015625</real>
					<key>Min</key>
					<real>1304</real>
					<key>Name</key>
					<string>Calcification</string>
					<key>NumberOfPoints</key>
					<integer>6</integer>
					<key>Point_mm</key>
					<array>
						<string>(0.000000, 0.000000, 0.000000)</string>
						<string>(0.000000, 0.000000, 0.000000)</string>
						<string>(0.000000, 0.000000, 0.000000)</string>
						<string>(0.000000, 0.000000, 0.000000)</string>
						<string>(0.000000, 0.000000, 0.000000)</string>
						<string>(0.000000, 0.000000, 0.000000)</string>
					</array>
					<key>Point_px</key>
					<array>
						<string>(467.456665, 3336.484131)</string>
						<string>(472.454590, 3336.362061)</string>
						<string>(474.717682, 3333.073975)</string>
						<string>(470.019684, 3328.374023)</string>
						<string>(466.329834, 3330.237305)</string>
						<string>(465.320679, 3333.073975)</string>
					</array>
					<key>Total</key>
					<real>129962</real>
					<key>Type</key>
					<integer>15</integer>
				</dict>
				<dict>
					<key>Area</key>
					<real>0.0</real>
					<key>Center</key>
					<string>(0.000000, 0.000000, 0.000000)</string>
					<key>Dev</key>
					<real>0.0</real>
					<key>IndexInImage</key>
					<integer>56</integer>
					<key>Max</key>
					<real>1318</real>
					<key>Mean</key>
					<real>1318</real>
					<key>Min</key>
					<real>1318</real>
					<key>Name</key>
					<string>Calcification</string>
					<key>NumberOfPoints</key>
					<integer>1</integer>
					<key>Point_mm</key>
					<array>
						<string>(0.000000, 0.000000, 0.000000)</string>
					</array>
					<key>Point_px</key>
					<array>
						<string>(159.714996, 3404.330078)</string>
					</array>
					<key>Total</key>
					<real>1318</real>
					<key>Type</key>
					<integer>19</integer>
				</dict>
				<dict>
					<key>Area</key>
					<real>0.0</real>
					<key>Center</key>
					<string>(0.000000, 0.000000, 0.000000)</string>
					<key>Dev</key>
					<real>0.0</real>
					<key>IndexInImage</key>
					<integer>57</integer>
					<key>Max</key>
					<real>1515</real>
					<key>Mean</key>
					<real>1515</real>
					<key>Min</key>
					<real>1515</real>
					<key>Name</key>
					<string>Calcification</string>
					<key>NumberOfPoints</key>
					<integer>1</integer>
					<key>Point_mm</key>
					<array>
						<string>(0.000000, 0.000000, 0.000000)</string>
					</array>
					<key>Point_px</key>
					<array>
						<string>(148.348007, 3398.129883)</string>
					</array>
					<key>Total</key>
					<real>1515</real>
					<key>Type</key>
					<integer>19</integer>
				</dict>
				<dict>
					<key>Area</key>
					<real>0.0</real>
					<key>Center</key>
					<string>(0.000000, 0.000000, 0.000000)</string>
					<key>Dev</key>
					<real>0.0</real>
					<key>IndexInImage</key>
					<integer>58</integer>
					<key>Max</key>
					<real>1128</real>
					<key>Mean</key>
					<real>1128</real>
					<key>Min</key>
					<real>1128</real>
					<key>Name</key>
					<string>Calcification</string>
					<key>NumberOfPoints</key>
					<integer>1</integer>
					<key>Point_mm</key>
					<array>
						<string>(0.000000, 0.000000, 0.000000)</string>
					</array>
					<key>Point_px</key>
					<array>
						<string>(156.098007, 3417.250000)</string>
					</array>
					<key>Total</key>
					<real>1128</real>
					<key>Type</key>
					<integer>19</integer>
				</dict>
				<dict>
					<key>Area</key>
					<real>0.0</real>
					<key>Center</key>
					<string>(0.000000, 0.000000, 0.000000)</string>
					<key>Dev</key>
					<real>0.0</real>
					<key>IndexInImage</key>
					<integer>59</integer>
					<key>Max</key>
					<real>1200</real>
					<key>Mean</key>
					<real>1200</real>
					<key>Min</key>
					<real>1200</real>
					<key>Name</key>
					<string>Calcification</string>
					<key>NumberOfPoints</key>
					<integer>1</integer>
					<key>Point_mm</key>
					<array>
						<string>(0.000000, 0.000000, 0.000000)</string>
					</array>
					<key>Point_px</key>
					<array>
						<string>(148.865005, 3410.020020)</string>
					</array>
					<key>Total</key>
					<real>1200</real>
					<key>Type</key>
					<integer>19</integer>
				</dict>
				<dict>
					<key>Area</key>
					<real>0.0</real>
					<key>Center</key>
					<string>(0.000000, 0.000000, 0.000000)</string>
					<key>Dev</key>
					<real>0.0</real>
					<key>IndexInImage</key>
					<integer>60</integer>
					<key>Max</key>
					<real>1395</real>
					<key>Mean</key>
					<real>1395</real>
					<key>Min</key>
					<real>1395</real>
					<key>Name</key>
					<string>Calcification</string>
					<key>NumberOfPoints</key>
					<integer>1</integer>
					<key>Point_mm</key>
					<array>
						<string>(0.000000, 0.000000, 0.000000)</string>
					</array>
					<key>Point_px</key>
					<array>
						<string>(117.348000, 3324.770020)</string>
					</array>
					<key>Total</key>
					<real>1395</real>
					<key>Type</key>
					<integer>19</integer>
				</dict>
				<dict>
					<key>Area</key>
					<real>0.0</real>
					<key>Center</key>
					<string>(0.000000, 0.000000, 0.000000)</string>
					<key>Dev</key>
					<real>0.0</real>
					<key>IndexInImage</key>
					<integer>61</integer>
					<key>Max</key>
					<real>1077</real>
					<key>Mean</key>
					<real>1077</real>
					<key>Min</key>
					<real>1077</real>
					<key>Name</key>
					<string>Calcification</string>
					<key>NumberOfPoints</key>
					<integer>1</integer>
					<key>Point_mm</key>
					<array>
						<string>(0.000000, 0.000000, 0.000000)</string>
					</array>
					<key>Point_px</key>
					<array>
						<string>(122.566002, 3446.689941)</string>
					</array>
					<key>Total</key>
					<real>1077</real>
					<key>Type</key>
					<integer>19</integer>
				</dict>
			</array>
		</dict>
	</array>
</dict>
</plist>
