<?xml version="1.0" encoding="UTF-8"?>
<!DOCTYPE plist PUBLIC "-//Apple//DTD PLIST 1.0//EN" "http://www.apple.com/DTDs/PropertyList-1.0.dtd">
<plist version="1.0">
<dict>
	<key>Images</key>
	<array>
		<dict>
			<key>ImageIndex</key>
			<integer>0</integer>
			<key>NumberOfROIs</key>
			<integer>2</integer>
			<key>ROIs</key>
			<array>
				<dict>
					<key>Area</key>
					<real>15.035503387451172</real>
					<key>Center</key>
					<string>(0.000000, 0.000000, 0.000000)</string>
					<key>Dev</key>
					<real>218.98933410644531</real>
					<key>IndexInImage</key>
					<integer>0</integer>
					<key>Max</key>
					<real>2056</real>
					<key>Mean</key>
					<real>1574.716796875</real>
					<key>Min</key>
					<real>820</real>
					<key>Name</key>
					<string>Mass</string>
					<key>NumberOfPoints</key>
					<integer>144</integer>
					<key>Point_mm</key>
					<array>
						<string>(0.000000, 0.000000, 0.000000)</string>
						<string>(0.000000, 0.000000, 0.000000)</string>
						<string>(0.000000, 0.000000, 0.000000)</string>
						<string>(0.000000, 0.000000, 0.000000)</string>
						<string>(0.000000, 0.000000, 0.000000)</string>
						<string>(0.000000, 0.000000, 0.000000)</string>
						<string>(0.000000, 0.000000, 0.000000)</string>
						<string>(0.000000, 0.000000, 0.000000)</string>
						<string>(0.000000, 0.000000, 0.000000)</string>
						<string>(0.000000, 0.000000, 0.000000)</string>
						<string>(0.000000, 0.000000, 0.000000)</string>
						<string>(0.000000, 0.000000, 0.000000)</string>
						<string>(0.000000, 0.000000, 0.000000)</string>
						<string>(0.000000, 0.000000, 0.000000)</string>
						<string>(0.000000, 0.000000, 0.000000)</string>
						<string>(0.000000, 0.000000, 0.000000)</string>
						<string>(0.000000, 0.000000, 0.000000)</string>
						<string>(0.000000, 0.000000, 0.000000)</string>
						<string>(0.000000, 0.000000, 0.000000)</string>
						<string>(0.000000, 0.000000, 0.000000)</string>
						<string>(0.000000, 0.000000, 0.000000)</string>
						<string>(0.000000, 0.000000, 0.000000)</string>
						<string>(0.000000, 0.000000, 0.000000)</string>
						<string>(0.000000, 0.000000, 0.000000)</string>
						<string>(0.000000, 0.000000, 0.000000)</string>
						<string>(0.000000, 0.000000, 0.000000)</string>
						<string>(0.000000, 0.000000, 0.000000)</string>
						<string>(0.000000, 0.000000, 0.000000)</string>
						<string>(0.000000, 0.000000, 0.000000)</string>
						<string>(0.000000, 0.000000, 0.000000)</string>
						<string>(0.000000, 0.000000, 0.000000)</string>
						<string>(0.000000, 0.000000, 0.000000)</string>
						<string>(0.000000, 0.000000, 0.000000)</string>
						<string>(0.000000, 0.000000, 0.000000)</string>
						<string>(0.000000, 0.000000, 0.000000)</string>
						<string>(0.000000, 0.000000, 0.000000)</string>
						<string>(0.000000, 0.000000, 0.000000)</string>
						<string>(0.000000, 0.000000, 0.000000)</string>
						<string>(0.000000, 0.000000, 0.000000)</string>
						<string>(0.000000, 0.000000, 0.000000)</string>
						<string>(0.000000, 0.000000, 0.000000)</string>
						<string>(0.000000, 0.000000, 0.000000)</string>
						<string>(0.000000, 0.000000, 0.000000)</string>
						<string>(0.000000, 0.000000, 0.000000)</string>
						<string>(0.000000, 0.000000, 0.000000)</string>
						<string>(0.000000, 0.000000, 0.000000)</string>
						<string>(0.000000, 0.000000, 0.000000)</string>
						<string>(0.000000, 0.000000, 0.000000)</string>
						<string>(0.000000, 0.000000, 0.000000)</string>
						<string>(0.000000, 0.000000, 0.000000)</string>
						<string>(0.000000, 0.000000, 0.000000)</string>
						<string>(0.000000, 0.000000, 0.000000)</string>
						<string>(0.000000, 0.000000, 0.000000)</string>
						<string>(0.000000, 0.000000, 0.000000)</string>
						<string>(0.000000, 0.000000, 0.000000)</string>
						<string>(0.000000, 0.000000, 0.000000)</string>
						<string>(0.000000, 0.000000, 0.000000)</string>
						<string>(0.000000, 0.000000, 0.000000)</string>
						<string>(0.000000, 0.000000, 0.000000)</string>
						<string>(0.000000, 0.000000, 0.000000)</string>
						<string>(0.000000, 0.000000, 0.000000)</string>
						<string>(0.000000, 0.000000, 0.000000)</string>
						<string>(0.000000, 0.000000, 0.000000)</string>
						<string>(0.000000, 0.000000, 0.000000)</string>
						<string>(0.000000, 0.000000, 0.000000)</string>
						<string>(0.000000, 0.000000, 0.000000)</string>
						<string>(0.000000, 0.000000, 0.000000)</string>
						<string>(0.000000, 0.000000, 0.000000)</string>
						<string>(0.000000, 0.000000, 0.000000)</string>
						<string>(0.000000, 0.000000, 0.000000)</string>
						<string>(0.000000, 0.000000, 0.000000)</string>
						<string>(0.000000, 0.000000, 0.000000)</string>
						<string>(0.000000, 0.000000, 0.000000)</string>
						<string>(0.000000, 0.000000, 0.000000)</string>
						<string>(0.000000, 0.000000, 0.000000)</string>
						<string>(0.000000, 0.000000, 0.000000)</string>
						<string>(0.000000, 0.000000, 0.000000)</string>
						<string>(0.000000, 0.000000, 0.000000)</string>
						<string>(0.000000, 0.000000, 0.000000)</string>
						<string>(0.000000, 0.000000, 0.000000)</string>
						<string>(0.000000, 0.000000, 0.000000)</string>
						<string>(0.000000, 0.000000, 0.000000)</string>
						<string>(0.000000, 0.000000, 0.000000)</string>
						<string>(0.000000, 0.000000, 0.000000)</string>
						<string>(0.000000, 0.000000, 0.000000)</string>
						<string>(0.000000, 0.000000, 0.000000)</string>
						<string>(0.000000, 0.000000, 0.000000)</string>
						<string>(0.000000, 0.000000, 0.000000)</string>
						<string>(0.000000, 0.000000, 0.000000)</string>
						<string>(0.000000, 0.000000, 0.000000)</string>
						<string>(0.000000, 0.000000, 0.000000)</string>
						<string>(0.000000, 0.000000, 0.000000)</string>
						<string>(0.000000, 0.000000, 0.000000)</string>
						<string>(0.000000, 0.000000, 0.000000)</string>
						<string>(0.000000, 0.000000, 0.000000)</string>
						<string>(0.000000, 0.000000, 0.000000)</string>
						<string>(0.000000, 0.000000, 0.000000)</string>
						<string>(0.000000, 0.000000, 0.000000)</string>
						<string>(0.000000, 0.000000, 0.000000)</string>
						<string>(0.000000, 0.000000, 0.000000)</string>
						<string>(0.000000, 0.000000, 0.000000)</string>
						<string>(0.000000, 0.000000, 0.000000)</string>
						<string>(0.000000, 0.000000, 0.000000)</string>
						<string>(0.000000, 0.000000, 0.000000)</string>
						<string>(0.000000, 0.000000, 0.000000)</string>
						<string>(0.000000, 0.000000, 0.000000)</string>
						<string>(0.000000, 0.000000, 0.000000)</string>
						<string>(0.000000, 0.000000, 0.000000)</string>
						<string>(0.000000, 0.000000, 0.000000)</string>
						<string>(0.000000, 0.000000, 0.000000)</string>
						<string>(0.000000, 0.000000, 0.000000)</string>
						<string>(0.000000, 0.000000, 0.000000)</string>
						<string>(0.000000, 0.000000, 0.000000)</string>
						<string>(0.000000, 0.000000, 0.000000)</string>
						<string>(0.000000, 0.000000, 0.000000)</string>
						<string>(0.000000, 0.000000, 0.000000)</string>
						<string>(0.000000, 0.000000, 0.000000)</string>
						<string>(0.000000, 0.000000, 0.000000)</string>
						<string>(0.000000, 0.000000, 0.000000)</string>
						<string>(0.000000, 0.000000, 0.000000)</string>
						<string>(0.000000, 0.000000, 0.000000)</string>
						<string>(0.000000, 0.000000, 0.000000)</string>
						<string>(0.000000, 0.000000, 0.000000)</string>
						<string>(0.000000, 0.000000, 0.000000)</string>
						<string>(0.000000, 0.000000, 0.000000)</string>
						<string>(0.000000, 0.000000, 0.000000)</string>
						<string>(0.000000, 0.000000, 0.000000)</string>
						<string>(0.000000, 0.000000, 0.000000)</string>
						<string>(0.000000, 0.000000, 0.000000)</string>
						<string>(0.000000, 0.000000, 0.000000)</string>
						<string>(0.000000, 0.000000, 0.000000)</string>
						<string>(0.000000, 0.000000, 0.000000)</string>
						<string>(0.000000, 0.000000, 0.000000)</string>
						<string>(0.000000, 0.000000, 0.000000)</string>
						<string>(0.000000, 0.000000, 0.000000)</string>
						<string>(0.000000, 0.000000, 0.000000)</string>
						<string>(0.000000, 0.000000, 0.000000)</string>
						<string>(0.000000, 0.000000, 0.000000)</string>
						<string>(0.000000, 0.000000, 0.000000)</string>
						<string>(0.000000, 0.000000, 0.000000)</string>
						<string>(0.000000, 0.000000, 0.000000)</string>
						<string>(0.000000, 0.000000, 0.000000)</string>
						<string>(0.000000, 0.000000, 0.000000)</string>
						<string>(0.000000, 0.000000, 0.000000)</string>
					</array>
					<key>Point_px</key>
					<array>
						<string>(1619.599976, 1149.930054)</string>
						<string>(1628.939941, 1143.260010)</string>
						<string>(1637.609985, 1135.920044)</string>
						<string>(1650.290039, 1127.910034)</string>
						<string>(1661.113525, 1120.710693)</string>
						<string>(1669.589844, 1114.980469)</string>
						<string>(1680.658936, 1108.523438)</string>
						<string>(1689.859985, 1105.010010)</string>
						<string>(1701.709961, 1097.109985)</string>
						<string>(1712.949951, 1092.469971)</string>
						<string>(1723.880005, 1087.920044)</string>
						<string>(1734.800049, 1087.010010)</string>
						<string>(1745.228760, 1085.462891)</string>
						<string>(1753.060059, 1085.260010)</string>
						<string>(1764.920044, 1085.260010)</string>
						<string>(1776.770020, 1085.260010)</string>
						<string>(1786.640015, 1085.260010)</string>
						<string>(1796.520020, 1085.260010)</string>
						<string>(1810.349976, 1087.239990)</string>
						<string>(1824.170044, 1089.209961)</string>
						<string>(1834.050049, 1091.189941)</string>
						<string>(1843.920044, 1093.160034)</string>
						<string>(1856.972168, 1099.502930)</string>
						<string>(1868.199707, 1103.245483)</string>
						<string>(1881.922241, 1108.235596)</string>
						<string>(1895.644775, 1111.978027)</string>
						<string>(1912.187744, 1119.592529)</string>
						<string>(1926.832520, 1128.195679)</string>
						<string>(1939.307617, 1138.175781)</string>
						<string>(1950.535156, 1148.155762)</string>
						<string>(1965.505249, 1160.630859)</string>
						<string>(1975.485352, 1174.353394)</string>
						<string>(1985.981689, 1186.929565)</string>
						<string>(1996.128418, 1203.533203)</string>
						<string>(2004.177979, 1216.768677)</string>
						<string>(2012.910522, 1231.738770)</string>
						<string>(2020.395508, 1246.708862)</string>
						<string>(2030.375610, 1261.678955)</string>
						<string>(2040.404785, 1280.094482)</string>
						<string>(2049.629150, 1298.543091)</string>
						<string>(2057.930908, 1317.914062)</string>
						<string>(2064.058350, 1334.034424)</string>
						<string>(2070.295898, 1353.994385)</string>
						<string>(2078.224365, 1376.026855)</string>
						<string>(2084.018555, 1393.914673)</string>
						<string>(2089.008301, 1410.132324)</string>
						<string>(2095.246094, 1427.597412)</string>
						<string>(2101.483398, 1443.814941)</string>
						<string>(2108.968506, 1463.775146)</string>
						<string>(2113.958496, 1477.497681)</string>
						<string>(2120.196045, 1496.210327)</string>
						<string>(2125.186035, 1513.675415)</string>
						<string>(2130.176270, 1532.387939)</string>
						<string>(2135.166260, 1548.605591)</string>
						<string>(2137.661133, 1567.318237)</string>
						<string>(2137.661133, 1584.783325)</string>
						<string>(2138.181885, 1605.710693)</string>
						<string>(2137.661133, 1627.198486)</string>
						<string>(2135.414551, 1647.219849)</string>
						<string>(2133.569824, 1664.745972)</string>
						<string>(2128.928711, 1679.593872)</string>
						<string>(2123.938477, 1697.058960)</string>
						<string>(2115.121338, 1713.634521)</string>
						<string>(2102.730957, 1723.256592)</string>
						<string>(2085.265869, 1731.989136)</string>
						<string>(2066.553223, 1740.721680)</string>
						<string>(2050.335693, 1746.959229)</string>
						<string>(2032.870605, 1755.691772)</string>
						<string>(2019.148071, 1763.176880)</string>
						<string>(2006.672974, 1768.166870)</string>
						<string>(1995.445435, 1775.651855)</string>
						<string>(1985.465332, 1783.136963)</string>
						<string>(1974.290039, 1786.459961)</string>
						<string>(1964.410034, 1790.410034)</string>
						<string>(1952.560059, 1792.390015)</string>
						<string>(1940.709961, 1792.390015)</string>
						<string>(1930.829956, 1792.390015)</string>
						<string>(1918.979980, 1794.359985)</string>
						<string>(1907.130005, 1794.359985)</string>
						<string>(1895.280029, 1794.359985)</string>
						<string>(1885.400024, 1792.390015)</string>
						<string>(1875.530029, 1788.439941)</string>
						<string>(1865.650024, 1780.540039)</string>
						<string>(1853.800049, 1774.609985)</string>
						<string>(1843.920044, 1766.709961)</string>
						<string>(1834.050049, 1762.760010)</string>
						<string>(1822.199951, 1756.839966)</string>
						<string>(1812.319946, 1752.880005)</string>
						<string>(1802.939941, 1748.020020)</string>
						<string>(1789.530029, 1739.640015)</string>
						<string>(1774.150024, 1729.380005)</string>
						<string>(1761.719971, 1719.819946)</string>
						<string>(1753.510010, 1710.319946)</string>
						<string>(1745.140015, 1703.619995)</string>
						<string>(1736.760010, 1693.569946)</string>
						<string>(1723.359985, 1681.000000)</string>
						<string>(1708.199951, 1666.300049)</string>
						<string>(1699.599976, 1658.650024)</string>
						<string>(1691.000000, 1651.959961)</string>
						<string>(1682.390015, 1641.449951)</string>
						<string>(1670.920044, 1630.939941)</string>
						<string>(1662.319946, 1622.339966)</string>
						<string>(1652.760010, 1613.729980)</string>
						<string>(1645.119995, 1603.219971)</string>
						<string>(1637.469971, 1595.569946)</string>
						<string>(1627.910034, 1585.060059)</string>
						<string>(1620.270020, 1572.640015)</string>
						<string>(1612.380005, 1560.729980)</string>
						<string>(1603.280029, 1547.079956)</string>
						<string>(1596.369995, 1535.359985)</string>
						<string>(1590.280029, 1524.989990)</string>
						<string>(1582.989990, 1513.380005)</string>
						<string>(1577.930054, 1503.540039)</string>
						<string>(1573.130005, 1491.520020)</string>
						<string>(1567.609985, 1477.020020)</string>
						<string>(1564.160034, 1466.670044)</string>
						<string>(1560.699951, 1454.239990)</string>
						<string>(1557.939941, 1442.510010)</string>
						<string>(1556.560059, 1432.849976)</string>
						<string>(1553.800049, 1421.800049)</string>
						<string>(1551.729980, 1410.760010)</string>
						<string>(1551.040039, 1400.400024)</string>
						<string>(1550.349976, 1392.119995)</string>
						<string>(1548.969971, 1384.530029)</string>
						<string>(1547.589966, 1372.790039)</string>
						<string>(1546.209961, 1360.369995)</string>
						<string>(1546.209961, 1349.329956)</string>
						<string>(1545.520020, 1338.969971)</string>
						<string>(1544.140015, 1327.930054)</string>
						<string>(1544.140015, 1315.510010)</string>
						<string>(1544.140015, 1305.150024)</string>
						<string>(1544.829956, 1293.420044)</string>
						<string>(1545.520020, 1280.300049)</string>
						<string>(1548.280029, 1269.260010)</string>
						<string>(1550.349976, 1258.910034)</string>
						<string>(1555.869995, 1243.030029)</string>
						<string>(1560.880005, 1227.319946)</string>
						<string>(1566.229980, 1218.180054)</string>
						<string>(1571.060059, 1209.900024)</string>
						<string>(1578.900024, 1198.630005)</string>
						<string>(1585.550049, 1187.810059)</string>
						<string>(1592.239990, 1177.280029)</string>
						<string>(1599.579956, 1167.939941)</string>
						<string>(1608.920044, 1159.270020)</string>
					</array>
					<key>Total</key>
					<real>484449024</real>
					<key>Type</key>
					<integer>15</integer>
				</dict>
				<dict>
					<key>Area</key>
					<real>0.0091201253235340118</real>
					<key>Center</key>
					<string>(0.000000, 0.000000, 0.000000)</string>
					<key>Dev</key>
					<real>118.6370849609375</real>
					<key>IndexInImage</key>
					<integer>1</integer>
					<key>Max</key>
					<real>2158</real>
					<key>Mean</key>
					<real>1899.9556884765625</real>
					<key>Min</key>
					<real>1559</real>
					<key>Name</key>
					<string>Calcification</string>
					<key>NumberOfPoints</key>
					<integer>13</integer>
					<key>Point_mm</key>
					<array>
						<string>(0.000000, 0.000000, 0.000000)</string>
						<string>(0.000000, 0.000000, 0.000000)</string>
						<string>(0.000000, 0.000000, 0.000000)</string>
						<string>(0.000000, 0.000000, 0.000000)</string>
						<string>(0.000000, 0.000000, 0.000000)</string>
						<string>(0.000000, 0.000000, 0.000000)</string>
						<string>(0.000000, 0.000000, 0.000000)</string>
						<string>(0.000000, 0.000000, 0.000000)</string>
						<string>(0.000000, 0.000000, 0.000000)</string>
						<string>(0.000000, 0.000000, 0.000000)</string>
						<string>(0.000000, 0.000000, 0.000000)</string>
						<string>(0.000000, 0.000000, 0.000000)</string>
						<string>(0.000000, 0.000000, 0.000000)</string>
					</array>
					<key>Point_px</key>
					<array>
						<string>(2452.010010, 513.653992)</string>
						<string>(2455.070068, 513.653992)</string>
						<string>(2458.739990, 511.817993)</string>
						<string>(2461.800049, 511.205994)</string>
						<string>(2464.250000, 514.265991)</string>
						<string>(2465.469971, 517.939026)</string>
						<string>(2465.469971, 521.611023)</string>
						<string>(2464.250000, 524.671997)</string>
						<string>(2461.189941, 525.895996)</string>
						<string>(2459.350098, 525.895996)</string>
						<string>(2454.459961, 525.895996)</string>
						<string>(2453.229980, 524.059998)</string>
						<string>(2448.949951, 517.939026)</string>
					</array>
					<key>Total</key>
					<real>385691</real>
					<key>Type</key>
					<integer>15</integer>
				</dict>
			</array>
		</dict>
	</array>
</dict>
</plist>
