<?xml version="1.0" encoding="UTF-8"?>
<!DOCTYPE plist PUBLIC "-//Apple//DTD PLIST 1.0//EN" "http://www.apple.com/DTDs/PropertyList-1.0.dtd">
<plist version="1.0">
<dict>
	<key>Images</key>
	<array>
		<dict>
			<key>ImageIndex</key>
			<integer>0</integer>
			<key>NumberOfROIs</key>
			<integer>3</integer>
			<key>ROIs</key>
			<array>
				<dict>
					<key>Area</key>
					<real>8.4940881729125977</real>
					<key>Center</key>
					<string>(0.000000, 0.000000, 0.000000)</string>
					<key>Dev</key>
					<real>111.82183837890625</real>
					<key>IndexInImage</key>
					<integer>0</integer>
					<key>Max</key>
					<real>2795</real>
					<key>Mean</key>
					<real>1603.5352783203125</real>
					<key>Min</key>
					<real>1222</real>
					<key>Name</key>
					<string>Spiculated Region</string>
					<key>NumberOfPoints</key>
					<integer>200</integer>
					<key>Point_mm</key>
					<array>
						<string>(0.000000, 0.000000, 0.000000)</string>
						<string>(0.000000, 0.000000, 0.000000)</string>
						<string>(0.000000, 0.000000, 0.000000)</string>
						<string>(0.000000, 0.000000, 0.000000)</string>
						<string>(0.000000, 0.000000, 0.000000)</string>
						<string>(0.000000, 0.000000, 0.000000)</string>
						<string>(0.000000, 0.000000, 0.000000)</string>
						<string>(0.000000, 0.000000, 0.000000)</string>
						<string>(0.000000, 0.000000, 0.000000)</string>
						<string>(0.000000, 0.000000, 0.000000)</string>
						<string>(0.000000, 0.000000, 0.000000)</string>
						<string>(0.000000, 0.000000, 0.000000)</string>
						<string>(0.000000, 0.000000, 0.000000)</string>
						<string>(0.000000, 0.000000, 0.000000)</string>
						<string>(0.000000, 0.000000, 0.000000)</string>
						<string>(0.000000, 0.000000, 0.000000)</string>
						<string>(0.000000, 0.000000, 0.000000)</string>
						<string>(0.000000, 0.000000, 0.000000)</string>
						<string>(0.000000, 0.000000, 0.000000)</string>
						<string>(0.000000, 0.000000, 0.000000)</string>
						<string>(0.000000, 0.000000, 0.000000)</string>
						<string>(0.000000, 0.000000, 0.000000)</string>
						<string>(0.000000, 0.000000, 0.000000)</string>
						<string>(0.000000, 0.000000, 0.000000)</string>
						<string>(0.000000, 0.000000, 0.000000)</string>
						<string>(0.000000, 0.000000, 0.000000)</string>
						<string>(0.000000, 0.000000, 0.000000)</string>
						<string>(0.000000, 0.000000, 0.000000)</string>
						<string>(0.000000, 0.000000, 0.000000)</string>
						<string>(0.000000, 0.000000, 0.000000)</string>
						<string>(0.000000, 0.000000, 0.000000)</string>
						<string>(0.000000, 0.000000, 0.000000)</string>
						<string>(0.000000, 0.000000, 0.000000)</string>
						<string>(0.000000, 0.000000, 0.000000)</string>
						<string>(0.000000, 0.000000, 0.000000)</string>
						<string>(0.000000, 0.000000, 0.000000)</string>
						<string>(0.000000, 0.000000, 0.000000)</string>
						<string>(0.000000, 0.000000, 0.000000)</string>
						<string>(0.000000, 0.000000, 0.000000)</string>
						<string>(0.000000, 0.000000, 0.000000)</string>
						<string>(0.000000, 0.000000, 0.000000)</string>
						<string>(0.000000, 0.000000, 0.000000)</string>
						<string>(0.000000, 0.000000, 0.000000)</string>
						<string>(0.000000, 0.000000, 0.000000)</string>
						<string>(0.000000, 0.000000, 0.000000)</string>
						<string>(0.000000, 0.000000, 0.000000)</string>
						<string>(0.000000, 0.000000, 0.000000)</string>
						<string>(0.000000, 0.000000, 0.000000)</string>
						<string>(0.000000, 0.000000, 0.000000)</string>
						<string>(0.000000, 0.000000, 0.000000)</string>
						<string>(0.000000, 0.000000, 0.000000)</string>
						<string>(0.000000, 0.000000, 0.000000)</string>
						<string>(0.000000, 0.000000, 0.000000)</string>
						<string>(0.000000, 0.000000, 0.000000)</string>
						<string>(0.000000, 0.000000, 0.000000)</string>
						<string>(0.000000, 0.000000, 0.000000)</string>
						<string>(0.000000, 0.000000, 0.000000)</string>
						<string>(0.000000, 0.000000, 0.000000)</string>
						<string>(0.000000, 0.000000, 0.000000)</string>
						<string>(0.000000, 0.000000, 0.000000)</string>
						<string>(0.000000, 0.000000, 0.000000)</string>
						<string>(0.000000, 0.000000, 0.000000)</string>
						<string>(0.000000, 0.000000, 0.000000)</string>
						<string>(0.000000, 0.000000, 0.000000)</string>
						<string>(0.000000, 0.000000, 0.000000)</string>
						<string>(0.000000, 0.000000, 0.000000)</string>
						<string>(0.000000, 0.000000, 0.000000)</string>
						<string>(0.000000, 0.000000, 0.000000)</string>
						<string>(0.000000, 0.000000, 0.000000)</string>
						<string>(0.000000, 0.000000, 0.000000)</string>
						<string>(0.000000, 0.000000, 0.000000)</string>
						<string>(0.000000, 0.000000, 0.000000)</string>
						<string>(0.000000, 0.000000, 0.000000)</string>
						<string>(0.000000, 0.000000, 0.000000)</string>
						<string>(0.000000, 0.000000, 0.000000)</string>
						<string>(0.000000, 0.000000, 0.000000)</string>
						<string>(0.000000, 0.000000, 0.000000)</string>
						<string>(0.000000, 0.000000, 0.000000)</string>
						<string>(0.000000, 0.000000, 0.000000)</string>
						<string>(0.000000, 0.000000, 0.000000)</string>
						<string>(0.000000, 0.000000, 0.000000)</string>
						<string>(0.000000, 0.000000, 0.000000)</string>
						<string>(0.000000, 0.000000, 0.000000)</string>
						<string>(0.000000, 0.000000, 0.000000)</string>
						<string>(0.000000, 0.000000, 0.000000)</string>
						<string>(0.000000, 0.000000, 0.000000)</string>
						<string>(0.000000, 0.000000, 0.000000)</string>
						<string>(0.000000, 0.000000, 0.000000)</string>
						<string>(0.000000, 0.000000, 0.000000)</string>
						<string>(0.000000, 0.000000, 0.000000)</string>
						<string>(0.000000, 0.000000, 0.000000)</string>
						<string>(0.000000, 0.000000, 0.000000)</string>
						<string>(0.000000, 0.000000, 0.000000)</string>
						<string>(0.000000, 0.000000, 0.000000)</string>
						<string>(0.000000, 0.000000, 0.000000)</string>
						<string>(0.000000, 0.000000, 0.000000)</string>
						<string>(0.000000, 0.000000, 0.000000)</string>
						<string>(0.000000, 0.000000, 0.000000)</string>
						<string>(0.000000, 0.000000, 0.000000)</string>
						<string>(0.000000, 0.000000, 0.000000)</string>
						<string>(0.000000, 0.000000, 0.000000)</string>
						<string>(0.000000, 0.000000, 0.000000)</string>
						<string>(0.000000, 0.000000, 0.000000)</string>
						<string>(0.000000, 0.000000, 0.000000)</string>
						<string>(0.000000, 0.000000, 0.000000)</string>
						<string>(0.000000, 0.000000, 0.000000)</string>
						<string>(0.000000, 0.000000, 0.000000)</string>
						<string>(0.000000, 0.000000, 0.000000)</string>
						<string>(0.000000, 0.000000, 0.000000)</string>
						<string>(0.000000, 0.000000, 0.000000)</string>
						<string>(0.000000, 0.000000, 0.000000)</string>
						<string>(0.000000, 0.000000, 0.000000)</string>
						<string>(0.000000, 0.000000, 0.000000)</string>
						<string>(0.000000, 0.000000, 0.000000)</string>
						<string>(0.000000, 0.000000, 0.000000)</string>
						<string>(0.000000, 0.000000, 0.000000)</string>
						<string>(0.000000, 0.000000, 0.000000)</string>
						<string>(0.000000, 0.000000, 0.000000)</string>
						<string>(0.000000, 0.000000, 0.000000)</string>
						<string>(0.000000, 0.000000, 0.000000)</string>
						<string>(0.000000, 0.000000, 0.000000)</string>
						<string>(0.000000, 0.000000, 0.000000)</string>
						<string>(0.000000, 0.000000, 0.000000)</string>
						<string>(0.000000, 0.000000, 0.000000)</string>
						<string>(0.000000, 0.000000, 0.000000)</string>
						<string>(0.000000, 0.000000, 0.000000)</string>
						<string>(0.000000, 0.000000, 0.000000)</string>
						<string>(0.000000, 0.000000, 0.000000)</string>
						<string>(0.000000, 0.000000, 0.000000)</string>
						<string>(0.000000, 0.000000, 0.000000)</string>
						<string>(0.000000, 0.000000, 0.000000)</string>
						<string>(0.000000, 0.000000, 0.000000)</string>
						<string>(0.000000, 0.000000, 0.000000)</string>
						<string>(0.000000, 0.000000, 0.000000)</string>
						<string>(0.000000, 0.000000, 0.000000)</string>
						<string>(0.000000, 0.000000, 0.000000)</string>
						<string>(0.000000, 0.000000, 0.000000)</string>
						<string>(0.000000, 0.000000, 0.000000)</string>
						<string>(0.000000, 0.000000, 0.000000)</string>
						<string>(0.000000, 0.000000, 0.000000)</string>
						<string>(0.000000, 0.000000, 0.000000)</string>
						<string>(0.000000, 0.000000, 0.000000)</string>
						<string>(0.000000, 0.000000, 0.000000)</string>
						<string>(0.000000, 0.000000, 0.000000)</string>
						<string>(0.000000, 0.000000, 0.000000)</string>
						<string>(0.000000, 0.000000, 0.000000)</string>
						<string>(0.000000, 0.000000, 0.000000)</string>
						<string>(0.000000, 0.000000, 0.000000)</string>
						<string>(0.000000, 0.000000, 0.000000)</string>
						<string>(0.000000, 0.000000, 0.000000)</string>
						<string>(0.000000, 0.000000, 0.000000)</string>
						<string>(0.000000, 0.000000, 0.000000)</string>
						<string>(0.000000, 0.000000, 0.000000)</string>
						<string>(0.000000, 0.000000, 0.000000)</string>
						<string>(0.000000, 0.000000, 0.000000)</string>
						<string>(0.000000, 0.000000, 0.000000)</string>
						<string>(0.000000, 0.000000, 0.000000)</string>
						<string>(0.000000, 0.000000, 0.000000)</string>
						<string>(0.000000, 0.000000, 0.000000)</string>
						<string>(0.000000, 0.000000, 0.000000)</string>
						<string>(0.000000, 0.000000, 0.000000)</string>
						<string>(0.000000, 0.000000, 0.000000)</string>
						<string>(0.000000, 0.000000, 0.000000)</string>
						<string>(0.000000, 0.000000, 0.000000)</string>
						<string>(0.000000, 0.000000, 0.000000)</string>
						<string>(0.000000, 0.000000, 0.000000)</string>
						<string>(0.000000, 0.000000, 0.000000)</string>
						<string>(0.000000, 0.000000, 0.000000)</string>
						<string>(0.000000, 0.000000, 0.000000)</string>
						<string>(0.000000, 0.000000, 0.000000)</string>
						<string>(0.000000, 0.000000, 0.000000)</string>
						<string>(0.000000, 0.000000, 0.000000)</string>
						<string>(0.000000, 0.000000, 0.000000)</string>
						<string>(0.000000, 0.000000, 0.000000)</string>
						<string>(0.000000, 0.000000, 0.000000)</string>
						<string>(0.000000, 0.000000, 0.000000)</string>
						<string>(0.000000, 0.000000, 0.000000)</string>
						<string>(0.000000, 0.000000, 0.000000)</string>
						<string>(0.000000, 0.000000, 0.000000)</string>
						<string>(0.000000, 0.000000, 0.000000)</string>
						<string>(0.000000, 0.000000, 0.000000)</string>
						<string>(0.000000, 0.000000, 0.000000)</string>
						<string>(0.000000, 0.000000, 0.000000)</string>
						<string>(0.000000, 0.000000, 0.000000)</string>
						<string>(0.000000, 0.000000, 0.000000)</string>
						<string>(0.000000, 0.000000, 0.000000)</string>
						<string>(0.000000, 0.000000, 0.000000)</string>
						<string>(0.000000, 0.000000, 0.000000)</string>
						<string>(0.000000, 0.000000, 0.000000)</string>
						<string>(0.000000, 0.000000, 0.000000)</string>
						<string>(0.000000, 0.000000, 0.000000)</string>
						<string>(0.000000, 0.000000, 0.000000)</string>
						<string>(0.000000, 0.000000, 0.000000)</string>
						<string>(0.000000, 0.000000, 0.000000)</string>
						<string>(0.000000, 0.000000, 0.000000)</string>
						<string>(0.000000, 0.000000, 0.000000)</string>
						<string>(0.000000, 0.000000, 0.000000)</string>
						<string>(0.000000, 0.000000, 0.000000)</string>
						<string>(0.000000, 0.000000, 0.000000)</string>
						<string>(0.000000, 0.000000, 0.000000)</string>
					</array>
					<key>Point_px</key>
					<array>
						<string>(2300.288818, 2048.030029)</string>
						<string>(2300.177734, 2055.728027)</string>
						<string>(2299.844727, 2063.418457)</string>
						<string>(2299.289795, 2071.093750)</string>
						<string>(2298.513428, 2078.746094)</string>
						<string>(2297.516846, 2086.368408)</string>
						<string>(2296.300781, 2093.952637)</string>
						<string>(2294.866699, 2101.491699)</string>
						<string>(2293.215332, 2108.978027)</string>
						<string>(2291.349121, 2116.404053)</string>
						<string>(2289.269287, 2123.762695)</string>
						<string>(2286.978271, 2131.046631)</string>
						<string>(2284.478027, 2138.248535)</string>
						<string>(2281.771484, 2145.361328)</string>
						<string>(2278.860840, 2152.378418)</string>
						<string>(2275.749023, 2159.292236)</string>
						<string>(2272.439453, 2166.096191)</string>
						<string>(2268.935059, 2172.783936)</string>
						<string>(2265.239502, 2179.348389)</string>
						<string>(2261.356201, 2185.783203)</string>
						<string>(2257.289307, 2192.082031)</string>
						<string>(2253.042480, 2198.238770)</string>
						<string>(2248.620117, 2204.247314)</string>
						<string>(2244.026611, 2210.101807)</string>
						<string>(2239.266357, 2215.796143)</string>
						<string>(2234.344238, 2221.324951)</string>
						<string>(2229.264893, 2226.682861)</string>
						<string>(2224.033691, 2231.864258)</string>
						<string>(2218.655273, 2236.864258)</string>
						<string>(2213.135254, 2241.677979)</string>
						<string>(2207.479248, 2246.300781)</string>
						<string>(2201.692383, 2250.727539)</string>
						<string>(2195.780762, 2254.954590)</string>
						<string>(2189.750000, 2258.977295)</string>
						<string>(2183.606201, 2262.791748)</string>
						<string>(2177.355469, 2266.394287)</string>
						<string>(2171.003662, 2269.781494)</string>
						<string>(2164.557373, 2272.949707)</string>
						<string>(2158.022705, 2275.895996)</string>
						<string>(2151.406494, 2278.617432)</string>
						<string>(2144.714844, 2281.111084)</string>
						<string>(2137.954346, 2283.375000)</string>
						<string>(2131.132080, 2285.406494)</string>
						<string>(2124.254639, 2287.203857)</string>
						<string>(2117.328613, 2288.765137)</string>
						<string>(2110.360840, 2290.088623)</string>
						<string>(2103.358643, 2291.173584)</string>
						<string>(2096.328369, 2292.018311)</string>
						<string>(2089.277100, 2292.622314)</string>
						<string>(2082.211914, 2292.985107)</string>
						<string>(2075.139893, 2293.105957)</string>
						<string>(2068.067871, 2292.985107)</string>
						<string>(2061.002686, 2292.622314)</string>
						<string>(2053.951416, 2292.018311)</string>
						<string>(2046.921265, 2291.173584)</string>
						<string>(2039.918823, 2290.088623)</string>
						<string>(2032.951172, 2288.765137)</string>
						<string>(2026.025146, 2287.203857)</string>
						<string>(2019.147583, 2285.406494)</string>
						<string>(2012.325317, 2283.375000)</string>
						<string>(2005.565063, 2281.111084)</string>
						<string>(1998.873413, 2278.617432)</string>
						<string>(1992.257080, 2275.895996)</string>
						<string>(1985.722412, 2272.949707)</string>
						<string>(1979.276123, 2269.781494)</string>
						<string>(1972.924316, 2266.394287)</string>
						<string>(1966.673584, 2262.791748)</string>
						<string>(1960.529785, 2258.977295)</string>
						<string>(1954.499023, 2254.954590)</string>
						<string>(1948.587402, 2250.727539)</string>
						<string>(1942.800659, 2246.300781)</string>
						<string>(1937.144531, 2241.677979)</string>
						<string>(1931.624512, 2236.864258)</string>
						<string>(1926.246216, 2231.864258)</string>
						<string>(1921.014771, 2226.682861)</string>
						<string>(1915.935547, 2221.324951)</string>
						<string>(1911.013306, 2215.796143)</string>
						<string>(1906.253174, 2210.101807)</string>
						<string>(1901.659546, 2204.247314)</string>
						<string>(1897.237305, 2198.238770)</string>
						<string>(1892.990479, 2192.082031)</string>
						<string>(1888.923462, 2185.783203)</string>
						<string>(1885.040283, 2179.348389)</string>
						<string>(1881.344727, 2172.783936)</string>
						<string>(1877.840332, 2166.096436)</string>
						<string>(1874.530640, 2159.292236)</string>
						<string>(1871.418945, 2152.378418)</string>
						<string>(1868.508301, 2145.361572)</string>
						<string>(1865.801636, 2138.248535)</string>
						<string>(1863.301514, 2131.046631)</string>
						<string>(1861.010498, 2123.762695)</string>
						<string>(1858.930786, 2116.404053)</string>
						<string>(1857.064331, 2108.978027)</string>
						<string>(1855.413208, 2101.491699)</string>
						<string>(1853.978882, 2093.952637)</string>
						<string>(1852.762817, 2086.368408)</string>
						<string>(1851.766235, 2078.746094)</string>
						<string>(1850.990112, 2071.093750)</string>
						<string>(1850.435181, 2063.418457)</string>
						<string>(1850.101929, 2055.728027)</string>
						<string>(1849.990845, 2048.030029)</string>
						<string>(1850.101929, 2040.332031)</string>
						<string>(1850.435181, 2032.641602)</string>
						<string>(1850.990112, 2024.966309)</string>
						<string>(1851.766235, 2017.313843)</string>
						<string>(1852.762817, 2009.691772)</string>
						<string>(1853.978882, 2002.107422)</string>
						<string>(1855.413208, 1994.568359)</string>
						<string>(1857.064331, 1987.082153)</string>
						<string>(1858.930786, 1979.656006)</string>
						<string>(1861.010498, 1972.297363)</string>
						<string>(1863.301514, 1965.013550)</string>
						<string>(1865.801636, 1957.811523)</string>
						<string>(1868.508301, 1950.698608)</string>
						<string>(1871.418945, 1943.681763)</string>
						<string>(1874.530640, 1936.767822)</string>
						<string>(1877.840332, 1929.963745)</string>
						<string>(1881.344727, 1923.276123)</string>
						<string>(1885.040283, 1916.711670)</string>
						<string>(1888.923584, 1910.276855)</string>
						<string>(1892.990479, 1903.977905)</string>
						<string>(1897.237305, 1897.821167)</string>
						<string>(1901.659546, 1891.812744)</string>
						<string>(1906.253174, 1885.958374)</string>
						<string>(1911.013306, 1880.263916)</string>
						<string>(1915.935547, 1874.735107)</string>
						<string>(1921.014771, 1869.377319)</string>
						<string>(1926.246216, 1864.195801)</string>
						<string>(1931.624512, 1859.195679)</string>
						<string>(1937.144531, 1854.381958)</string>
						<string>(1942.800659, 1849.759399)</string>
						<string>(1948.587280, 1845.332520)</string>
						<string>(1954.499023, 1841.105591)</string>
						<string>(1960.529663, 1837.082886)</string>
						<string>(1966.673462, 1833.268311)</string>
						<string>(1972.924316, 1829.665771)</string>
						<string>(1979.276123, 1826.278687)</string>
						<string>(1985.722412, 1823.110352)</string>
						<string>(1992.256958, 1820.164185)</string>
						<string>(1998.873413, 1817.442749)</string>
						<string>(2005.564941, 1814.948853)</string>
						<string>(2012.325317, 1812.685059)</string>
						<string>(2019.147583, 1810.653564)</string>
						<string>(2026.025146, 1808.856201)</string>
						<string>(2032.951172, 1807.295044)</string>
						<string>(2039.918823, 1805.971313)</string>
						<string>(2046.921265, 1804.886475)</string>
						<string>(2053.951416, 1804.041626)</string>
						<string>(2061.002686, 1803.437622)</string>
						<string>(2068.067871, 1803.074951)</string>
						<string>(2075.139893, 1802.953979)</string>
						<string>(2082.211914, 1803.074951)</string>
						<string>(2089.277100, 1803.437622)</string>
						<string>(2096.328369, 1804.041626)</string>
						<string>(2103.358643, 1804.886475)</string>
						<string>(2110.361084, 1805.971313)</string>
						<string>(2117.328613, 1807.295044)</string>
						<string>(2124.254639, 1808.856201)</string>
						<string>(2131.132080, 1810.653564)</string>
						<string>(2137.954590, 1812.685059)</string>
						<string>(2144.714844, 1814.948853)</string>
						<string>(2151.406494, 1817.442749)</string>
						<string>(2158.022705, 1820.164185)</string>
						<string>(2164.557373, 1823.110352)</string>
						<string>(2171.003662, 1826.278687)</string>
						<string>(2177.355469, 1829.665771)</string>
						<string>(2183.606201, 1833.268311)</string>
						<string>(2189.750000, 1837.082886)</string>
						<string>(2195.780762, 1841.105469)</string>
						<string>(2201.692383, 1845.332397)</string>
						<string>(2207.479004, 1849.759399)</string>
						<string>(2213.135254, 1854.381958)</string>
						<string>(2218.655273, 1859.195679)</string>
						<string>(2224.033691, 1864.195801)</string>
						<string>(2229.264893, 1869.377319)</string>
						<string>(2234.344238, 1874.735107)</string>
						<string>(2239.266357, 1880.263916)</string>
						<string>(2244.026611, 1885.958374)</string>
						<string>(2248.620117, 1891.812744)</string>
						<string>(2253.042480, 1897.821167)</string>
						<string>(2257.289307, 1903.977905)</string>
						<string>(2261.356201, 1910.276855)</string>
						<string>(2265.239502, 1916.711670)</string>
						<string>(2268.935059, 1923.276245)</string>
						<string>(2272.439453, 1929.963745)</string>
						<string>(2275.749023, 1936.767822)</string>
						<string>(2278.860840, 1943.681763)</string>
						<string>(2281.771484, 1950.698608)</string>
						<string>(2284.478027, 1957.811523)</string>
						<string>(2286.978271, 1965.013550)</string>
						<string>(2289.269287, 1972.297363)</string>
						<string>(2291.349121, 1979.656006)</string>
						<string>(2293.215332, 1987.082153)</string>
						<string>(2294.866699, 1994.568359)</string>
						<string>(2296.300781, 2002.107422)</string>
						<string>(2297.516846, 2009.691772)</string>
						<string>(2298.513428, 2017.313843)</string>
						<string>(2299.289795, 2024.966431)</string>
						<string>(2299.844727, 2032.641602)</string>
						<string>(2300.177734, 2040.332031)</string>
					</array>
					<key>Total</key>
					<real>278755360</real>
					<key>Type</key>
					<integer>9</integer>
				</dict>
				<dict>
					<key>Area</key>
					<real>0.0</real>
					<key>Center</key>
					<string>(0.000000, 0.000000, 0.000000)</string>
					<key>Dev</key>
					<real>0.0</real>
					<key>IndexInImage</key>
					<integer>1</integer>
					<key>Max</key>
					<real>0.0</real>
					<key>Mean</key>
					<real>0.0</real>
					<key>Min</key>
					<real>0.0</real>
					<key>Name</key>
					<string>Calcification</string>
					<key>NumberOfPoints</key>
					<integer>1</integer>
					<key>Point_mm</key>
					<array>
						<string>(0.000000, 0.000000, 0.000000)</string>
					</array>
					<key>Point_px</key>
					<array>
						<string>(1467.939941, 1588.260010)</string>
					</array>
					<key>Total</key>
					<real>0.0</real>
					<key>Type</key>
					<integer>19</integer>
				</dict>
				<dict>
					<key>Area</key>
					<real>0.67714935541152954</real>
					<key>Center</key>
					<string>(0.000000, 0.000000, 0.000000)</string>
					<key>Dev</key>
					<real>122.22323608398438</real>
					<key>IndexInImage</key>
					<integer>2</integer>
					<key>Max</key>
					<real>2044</real>
					<key>Mean</key>
					<real>1567.2034912109375</real>
					<key>Min</key>
					<real>1256</real>
					<key>Name</key>
					<string>Mass</string>
					<key>NumberOfPoints</key>
					<integer>187</integer>
					<key>Point_mm</key>
					<array>
						<string>(0.000000, 0.000000, 0.000000)</string>
						<string>(0.000000, 0.000000, 0.000000)</string>
						<string>(0.000000, 0.000000, 0.000000)</string>
						<string>(0.000000, 0.000000, 0.000000)</string>
						<string>(0.000000, 0.000000, 0.000000)</string>
						<string>(0.000000, 0.000000, 0.000000)</string>
						<string>(0.000000, 0.000000, 0.000000)</string>
						<string>(0.000000, 0.000000, 0.000000)</string>
						<string>(0.000000, 0.000000, 0.000000)</string>
						<string>(0.000000, 0.000000, 0.000000)</string>
						<string>(0.000000, 0.000000, 0.000000)</string>
						<string>(0.000000, 0.000000, 0.000000)</string>
						<string>(0.000000, 0.000000, 0.000000)</string>
						<string>(0.000000, 0.000000, 0.000000)</string>
						<string>(0.000000, 0.000000, 0.000000)</string>
						<string>(0.000000, 0.000000, 0.000000)</string>
						<string>(0.000000, 0.000000, 0.000000)</string>
						<string>(0.000000, 0.000000, 0.000000)</string>
						<string>(0.000000, 0.000000, 0.000000)</string>
						<string>(0.000000, 0.000000, 0.000000)</string>
						<string>(0.000000, 0.000000, 0.000000)</string>
						<string>(0.000000, 0.000000, 0.000000)</string>
						<string>(0.000000, 0.000000, 0.000000)</string>
						<string>(0.000000, 0.000000, 0.000000)</string>
						<string>(0.000000, 0.000000, 0.000000)</string>
						<string>(0.000000, 0.000000, 0.000000)</string>
						<string>(0.000000, 0.000000, 0.000000)</string>
						<string>(0.000000, 0.000000, 0.000000)</string>
						<string>(0.000000, 0.000000, 0.000000)</string>
						<string>(0.000000, 0.000000, 0.000000)</string>
						<string>(0.000000, 0.000000, 0.000000)</string>
						<string>(0.000000, 0.000000, 0.000000)</string>
						<string>(0.000000, 0.000000, 0.000000)</string>
						<string>(0.000000, 0.000000, 0.000000)</string>
						<string>(0.000000, 0.000000, 0.000000)</string>
						<string>(0.000000, 0.000000, 0.000000)</string>
						<string>(0.000000, 0.000000, 0.000000)</string>
						<string>(0.000000, 0.000000, 0.000000)</string>
						<string>(0.000000, 0.000000, 0.000000)</string>
						<string>(0.000000, 0.000000, 0.000000)</string>
						<string>(0.000000, 0.000000, 0.000000)</string>
						<string>(0.000000, 0.000000, 0.000000)</string>
						<string>(0.000000, 0.000000, 0.000000)</string>
						<string>(0.000000, 0.000000, 0.000000)</string>
						<string>(0.000000, 0.000000, 0.000000)</string>
						<string>(0.000000, 0.000000, 0.000000)</string>
						<string>(0.000000, 0.000000, 0.000000)</string>
						<string>(0.000000, 0.000000, 0.000000)</string>
						<string>(0.000000, 0.000000, 0.000000)</string>
						<string>(0.000000, 0.000000, 0.000000)</string>
						<string>(0.000000, 0.000000, 0.000000)</string>
						<string>(0.000000, 0.000000, 0.000000)</string>
						<string>(0.000000, 0.000000, 0.000000)</string>
						<string>(0.000000, 0.000000, 0.000000)</string>
						<string>(0.000000, 0.000000, 0.000000)</string>
						<string>(0.000000, 0.000000, 0.000000)</string>
						<string>(0.000000, 0.000000, 0.000000)</string>
						<string>(0.000000, 0.000000, 0.000000)</string>
						<string>(0.000000, 0.000000, 0.000000)</string>
						<string>(0.000000, 0.000000, 0.000000)</string>
						<string>(0.000000, 0.000000, 0.000000)</string>
						<string>(0.000000, 0.000000, 0.000000)</string>
						<string>(0.000000, 0.000000, 0.000000)</string>
						<string>(0.000000, 0.000000, 0.000000)</string>
						<string>(0.000000, 0.000000, 0.000000)</string>
						<string>(0.000000, 0.000000, 0.000000)</string>
						<string>(0.000000, 0.000000, 0.000000)</string>
						<string>(0.000000, 0.000000, 0.000000)</string>
						<string>(0.000000, 0.000000, 0.000000)</string>
						<string>(0.000000, 0.000000, 0.000000)</string>
						<string>(0.000000, 0.000000, 0.000000)</string>
						<string>(0.000000, 0.000000, 0.000000)</string>
						<string>(0.000000, 0.000000, 0.000000)</string>
						<string>(0.000000, 0.000000, 0.000000)</string>
						<string>(0.000000, 0.000000, 0.000000)</string>
						<string>(0.000000, 0.000000, 0.000000)</string>
						<string>(0.000000, 0.000000, 0.000000)</string>
						<string>(0.000000, 0.000000, 0.000000)</string>
						<string>(0.000000, 0.000000, 0.000000)</string>
						<string>(0.000000, 0.000000, 0.000000)</string>
						<string>(0.000000, 0.000000, 0.000000)</string>
						<string>(0.000000, 0.000000, 0.000000)</string>
						<string>(0.000000, 0.000000, 0.000000)</string>
						<string>(0.000000, 0.000000, 0.000000)</string>
						<string>(0.000000, 0.000000, 0.000000)</string>
						<string>(0.000000, 0.000000, 0.000000)</string>
						<string>(0.000000, 0.000000, 0.000000)</string>
						<string>(0.000000, 0.000000, 0.000000)</string>
						<string>(0.000000, 0.000000, 0.000000)</string>
						<string>(0.000000, 0.000000, 0.000000)</string>
						<string>(0.000000, 0.000000, 0.000000)</string>
						<string>(0.000000, 0.000000, 0.000000)</string>
						<string>(0.000000, 0.000000, 0.000000)</string>
						<string>(0.000000, 0.000000, 0.000000)</string>
						<string>(0.000000, 0.000000, 0.000000)</string>
						<string>(0.000000, 0.000000, 0.000000)</string>
						<string>(0.000000, 0.000000, 0.000000)</string>
						<string>(0.000000, 0.000000, 0.000000)</string>
						<string>(0.000000, 0.000000, 0.000000)</string>
						<string>(0.000000, 0.000000, 0.000000)</string>
						<string>(0.000000, 0.000000, 0.000000)</string>
						<string>(0.000000, 0.000000, 0.000000)</string>
						<string>(0.000000, 0.000000, 0.000000)</string>
						<string>(0.000000, 0.000000, 0.000000)</string>
						<string>(0.000000, 0.000000, 0.000000)</string>
						<string>(0.000000, 0.000000, 0.000000)</string>
						<string>(0.000000, 0.000000, 0.000000)</string>
						<string>(0.000000, 0.000000, 0.000000)</string>
						<string>(0.000000, 0.000000, 0.000000)</string>
						<string>(0.000000, 0.000000, 0.000000)</string>
						<string>(0.000000, 0.000000, 0.000000)</string>
						<string>(0.000000, 0.000000, 0.000000)</string>
						<string>(0.000000, 0.000000, 0.000000)</string>
						<string>(0.000000, 0.000000, 0.000000)</string>
						<string>(0.000000, 0.000000, 0.000000)</string>
						<string>(0.000000, 0.000000, 0.000000)</string>
						<string>(0.000000, 0.000000, 0.000000)</string>
						<string>(0.000000, 0.000000, 0.000000)</string>
						<string>(0.000000, 0.000000, 0.000000)</string>
						<string>(0.000000, 0.000000, 0.000000)</string>
						<string>(0.000000, 0.000000, 0.000000)</string>
						<string>(0.000000, 0.000000, 0.000000)</string>
						<string>(0.000000, 0.000000, 0.000000)</string>
						<string>(0.000000, 0.000000, 0.000000)</string>
						<string>(0.000000, 0.000000, 0.000000)</string>
						<string>(0.000000, 0.000000, 0.000000)</string>
						<string>(0.000000, 0.000000, 0.000000)</string>
						<string>(0.000000, 0.000000, 0.000000)</string>
						<string>(0.000000, 0.000000, 0.000000)</string>
						<string>(0.000000, 0.000000, 0.000000)</string>
						<string>(0.000000, 0.000000, 0.000000)</string>
						<string>(0.000000, 0.000000, 0.000000)</string>
						<string>(0.000000, 0.000000, 0.000000)</string>
						<string>(0.000000, 0.000000, 0.000000)</string>
						<string>(0.000000, 0.000000, 0.000000)</string>
						<string>(0.000000, 0.000000, 0.000000)</string>
						<string>(0.000000, 0.000000, 0.000000)</string>
						<string>(0.000000, 0.000000, 0.000000)</string>
						<string>(0.000000, 0.000000, 0.000000)</string>
						<string>(0.000000, 0.000000, 0.000000)</string>
						<string>(0.000000, 0.000000, 0.000000)</string>
						<string>(0.000000, 0.000000, 0.000000)</string>
						<string>(0.000000, 0.000000, 0.000000)</string>
						<string>(0.000000, 0.000000, 0.000000)</string>
						<string>(0.000000, 0.000000, 0.000000)</string>
						<string>(0.000000, 0.000000, 0.000000)</string>
						<string>(0.000000, 0.000000, 0.000000)</string>
						<string>(0.000000, 0.000000, 0.000000)</string>
						<string>(0.000000, 0.000000, 0.000000)</string>
						<string>(0.000000, 0.000000, 0.000000)</string>
						<string>(0.000000, 0.000000, 0.000000)</string>
						<string>(0.000000, 0.000000, 0.000000)</string>
						<string>(0.000000, 0.000000, 0.000000)</string>
						<string>(0.000000, 0.000000, 0.000000)</string>
						<string>(0.000000, 0.000000, 0.000000)</string>
						<string>(0.000000, 0.000000, 0.000000)</string>
						<string>(0.000000, 0.000000, 0.000000)</string>
						<string>(0.000000, 0.000000, 0.000000)</string>
						<string>(0.000000, 0.000000, 0.000000)</string>
						<string>(0.000000, 0.000000, 0.000000)</string>
						<string>(0.000000, 0.000000, 0.000000)</string>
						<string>(0.000000, 0.000000, 0.000000)</string>
						<string>(0.000000, 0.000000, 0.000000)</string>
						<string>(0.000000, 0.000000, 0.000000)</string>
						<string>(0.000000, 0.000000, 0.000000)</string>
						<string>(0.000000, 0.000000, 0.000000)</string>
						<string>(0.000000, 0.000000, 0.000000)</string>
						<string>(0.000000, 0.000000, 0.000000)</string>
						<string>(0.000000, 0.000000, 0.000000)</string>
						<string>(0.000000, 0.000000, 0.000000)</string>
						<string>(0.000000, 0.000000, 0.000000)</string>
						<string>(0.000000, 0.000000, 0.000000)</string>
						<string>(0.000000, 0.000000, 0.000000)</string>
						<string>(0.000000, 0.000000, 0.000000)</string>
						<string>(0.000000, 0.000000, 0.000000)</string>
						<string>(0.000000, 0.000000, 0.000000)</string>
						<string>(0.000000, 0.000000, 0.000000)</string>
						<string>(0.000000, 0.000000, 0.000000)</string>
						<string>(0.000000, 0.000000, 0.000000)</string>
						<string>(0.000000, 0.000000, 0.000000)</string>
						<string>(0.000000, 0.000000, 0.000000)</string>
						<string>(0.000000, 0.000000, 0.000000)</string>
						<string>(0.000000, 0.000000, 0.000000)</string>
						<string>(0.000000, 0.000000, 0.000000)</string>
						<string>(0.000000, 0.000000, 0.000000)</string>
						<string>(0.000000, 0.000000, 0.000000)</string>
						<string>(0.000000, 0.000000, 0.000000)</string>
					</array>
					<key>Point_px</key>
					<array>
						<string>(2034.880005, 2088.370117)</string>
						<string>(2039.589966, 2091.199951)</string>
						<string>(2043.369995, 2095.919922)</string>
						<string>(2049.030029, 2095.919922)</string>
						<string>(2050.229980, 2094.850098)</string>
						<string>(2058.469971, 2095.919922)</string>
						<string>(2062.239990, 2100.639893)</string>
						<string>(2062.239990, 2105.360107)</string>
						<string>(2062.239990, 2110.080078)</string>
						<string>(2062.239990, 2114.790039)</string>
						<string>(2063.810059, 2116.100098)</string>
						<string>(2067.300049, 2122.600098)</string>
						<string>(2070.739990, 2116.679932)</string>
						<string>(2075.459961, 2113.850098)</string>
						<string>(2080.179932, 2115.739990)</string>
						<string>(2084.889893, 2117.629883)</string>
						<string>(2089.610107, 2118.570068)</string>
						<string>(2094.330078, 2120.459961)</string>
						<string>(2099.050049, 2122.340088)</string>
						<string>(2103.770020, 2123.290039)</string>
						<string>(2108.489990, 2124.229980)</string>
						<string>(2113.209961, 2125.179932)</string>
						<string>(2118.870117, 2127.060059)</string>
						<string>(2123.590088, 2128.949951)</string>
						<string>(2128.310059, 2129.889893)</string>
						<string>(2133.030029, 2131.780029)</string>
						<string>(2135.909912, 2134.699951)</string>
						<string>(2143.409912, 2133.669922)</string>
						<string>(2148.129883, 2134.610107)</string>
						<string>(2152.510010, 2135.830078)</string>
						<string>(2157.270020, 2136.889893)</string>
						<string>(2162.030029, 2136.889893)</string>
						<string>(2169.969971, 2137.419922)</string>
						<string>(2164.679932, 2132.120117)</string>
						<string>(2159.389893, 2130.540039)</string>
						<string>(2154.620117, 2124.709961)</string>
						<string>(2148.129883, 2121.399902)</string>
						<string>(2143.409912, 2118.570068)</string>
						<string>(2138.689941, 2115.739990)</string>
						<string>(2133.969971, 2112.909912)</string>
						<string>(2127.100098, 2107.780029)</string>
						<string>(2127.629883, 2107.250000)</string>
						<string>(2134.510010, 2104.070068)</string>
						<string>(2138.689941, 2104.409912)</string>
						<string>(2143.409912, 2101.580078)</string>
						<string>(2148.129883, 2098.750000)</string>
						<string>(2145.290039, 2094.030029)</string>
						<string>(2140.580078, 2092.139893)</string>
						<string>(2135.860107, 2089.310059)</string>
						<string>(2131.139893, 2086.479980)</string>
						<string>(2126.419922, 2082.709961)</string>
						<string>(2122.639893, 2077.989990)</string>
						<string>(2117.929932, 2074.209961)</string>
						<string>(2115.090088, 2069.489990)</string>
						<string>(2110.379883, 2067.610107)</string>
						<string>(2105.939941, 2066.500000)</string>
						<string>(2102.830078, 2062.889893)</string>
						<string>(2107.540039, 2061.939941)</string>
						<string>(2112.260010, 2062.889893)</string>
						<string>(2116.979980, 2065.719971)</string>
						<string>(2121.699951, 2068.550049)</string>
						<string>(2126.419922, 2072.330078)</string>
						<string>(2131.139893, 2075.159912)</string>
						<string>(2135.860107, 2077.040039)</string>
						<string>(2139.810059, 2079.199951)</string>
						<string>(2145.100098, 2081.320068)</string>
						<string>(2150.010010, 2082.709961)</string>
						<string>(2156.209961, 2083.959961)</string>
						<string>(2154.090088, 2080.260010)</string>
						<string>(2148.129883, 2077.989990)</string>
						<string>(2143.409912, 2076.100098)</string>
						<string>(2141.520020, 2071.379883)</string>
						<string>(2141.520020, 2066.659912)</string>
						<string>(2143.409912, 2061.939941)</string>
						<string>(2147.179932, 2057.229980)</string>
						<string>(2142.459961, 2054.389893)</string>
						<string>(2137.739990, 2053.449951)</string>
						<string>(2133.030029, 2049.679932)</string>
						<string>(2133.030029, 2044.959961)</string>
						<string>(2134.909912, 2040.239990)</string>
						<string>(2137.739990, 2035.520020)</string>
						<string>(2133.030029, 2033.630005)</string>
						<string>(2128.310059, 2033.630005)</string>
						<string>(2123.590088, 2035.520020)</string>
						<string>(2121.699951, 2040.239990)</string>
						<string>(2116.979980, 2041.180054)</string>
						<string>(2112.260010, 2038.349976)</string>
						<string>(2112.709961, 2035.640015)</string>
						<string>(2106.600098, 2028.910034)</string>
						<string>(2106.600098, 2024.189941)</string>
						<string>(2109.639893, 2020.459961)</string>
						<string>(2110.699951, 2015.699951)</string>
						<string>(2111.760010, 2010.400024)</string>
						<string>(2112.820068, 2005.109985)</string>
						<string>(2110.699951, 2000.880005)</string>
						<string>(2106.469971, 2000.349976)</string>
						<string>(2103.290039, 2000.349976)</string>
						<string>(2099.050049, 1998.709961)</string>
						<string>(2095.280029, 2003.430054)</string>
						<string>(2095.280029, 2008.150024)</string>
						<string>(2099.050049, 2012.869995)</string>
						<string>(2099.989990, 2017.589966)</string>
						<string>(2099.989990, 2022.310059)</string>
						<string>(2097.159912, 2027.030029)</string>
						<string>(2094.330078, 2022.310059)</string>
						<string>(2089.610107, 2018.530029)</string>
						<string>(2084.889893, 2018.530029)</string>
						<string>(2080.179932, 2018.530029)</string>
						<string>(2075.459961, 2019.479980)</string>
						<string>(2070.739990, 2019.479980)</string>
						<string>(2067.909912, 2014.760010)</string>
						<string>(2066.250000, 2010.930054)</string>
						<string>(2068.850098, 2005.319946)</string>
						<string>(2073.570068, 2001.540039)</string>
						<string>(2077.340088, 1996.829956)</string>
						<string>(2082.060059, 1994.939941)</string>
						<string>(2083.949951, 1990.219971)</string>
						<string>(2083.949951, 1985.500000)</string>
						<string>(2079.229980, 1984.560059)</string>
						<string>(2078.679932, 1996.810059)</string>
						<string>(2068.360107, 1980.239990)</string>
						<string>(2078.679932, 1987.180054)</string>
						<string>(2059.889893, 1985.530029)</string>
						<string>(2055.639893, 1990.219971)</string>
						<string>(2050.919922, 1991.160034)</string>
						<string>(2046.199951, 1991.160034)</string>
						<string>(2040.540039, 1990.219971)</string>
						<string>(2036.760010, 1985.500000)</string>
						<string>(2032.989990, 1980.780029)</string>
						<string>(2029.209961, 1976.060059)</string>
						<string>(2026.380005, 1971.339966)</string>
						<string>(2023.550049, 1965.680054)</string>
						<string>(2023.550049, 1960.959961)</string>
						<string>(2022.609985, 1956.239990)</string>
						<string>(2017.890015, 1953.410034)</string>
						<string>(2013.170044, 1952.469971)</string>
						<string>(2011.280029, 1957.189941)</string>
						<string>(2006.560059, 1959.079956)</string>
						<string>(2006.560059, 1954.359985)</string>
						<string>(2009.390015, 1949.640015)</string>
						<string>(2013.170044, 1944.920044)</string>
						<string>(2015.890015, 1938.359985)</string>
						<string>(2014.109985, 1933.589966)</string>
						<string>(2009.390015, 1935.479980)</string>
						<string>(2004.680054, 1939.260010)</string>
						<string>(1999.959961, 1942.089966)</string>
						<string>(1995.239990, 1945.859985)</string>
						<string>(1992.410034, 1950.579956)</string>
						<string>(1989.579956, 1956.239990)</string>
						<string>(1987.689941, 1960.959961)</string>
						<string>(1986.739990, 1965.680054)</string>
						<string>(1992.479980, 1966.449951)</string>
						<string>(2000.670044, 1968.199951)</string>
						<string>(2006.520020, 1973.469971)</string>
						<string>(2002.430054, 1978.150024)</string>
						<string>(1998.910034, 1982.829956)</string>
						<string>(2006.560059, 1986.439941)</string>
						<string>(2011.280029, 1990.219971)</string>
						<string>(2012.229980, 1994.939941)</string>
						<string>(2007.510010, 1996.829956)</string>
						<string>(2002.790039, 1999.660034)</string>
						<string>(1999.959961, 2005.319946)</string>
						<string>(1999.959961, 2010.040039)</string>
						<string>(2004.680054, 2012.869995)</string>
						<string>(1999.959961, 2016.640015)</string>
						<string>(1994.819946, 2020.869995)</string>
						<string>(1994.290039, 2025.140015)</string>
						<string>(1997.739990, 2029.650024)</string>
						<string>(2004.680054, 2030.800049)</string>
						<string>(2009.390015, 2032.689941)</string>
						<string>(2013.849976, 2034.219971)</string>
						<string>(2018.829956, 2034.579956)</string>
						<string>(2023.550049, 2035.520020)</string>
						<string>(2028.270020, 2035.520020)</string>
						<string>(2029.310059, 2034.079956)</string>
						<string>(2037.709961, 2036.459961)</string>
						<string>(2034.880005, 2041.180054)</string>
						<string>(2030.160034, 2044.010010)</string>
						<string>(2029.209961, 2048.729980)</string>
						<string>(2029.209961, 2053.449951)</string>
						<string>(2029.209961, 2058.169922)</string>
						<string>(2033.930054, 2061.000000)</string>
						<string>(2036.760010, 2065.719971)</string>
						<string>(2037.709961, 2070.439941)</string>
						<string>(2037.709961, 2075.159912)</string>
						<string>(2032.989990, 2078.929932)</string>
						<string>(2032.040039, 2083.649902)</string>
					</array>
					<key>Total</key>
					<real>22146152</real>
					<key>Type</key>
					<integer>15</integer>
				</dict>
			</array>
		</dict>
	</array>
</dict>
</plist>
