<?xml version="1.0" encoding="UTF-8"?>
<!DOCTYPE plist PUBLIC "-//Apple//DTD PLIST 1.0//EN" "http://www.apple.com/DTDs/PropertyList-1.0.dtd">
<plist version="1.0">
<dict>
	<key>Images</key>
	<array>
		<dict>
			<key>ImageIndex</key>
			<integer>0</integer>
			<key>NumberOfROIs</key>
			<integer>23</integer>
			<key>ROIs</key>
			<array>
				<dict>
					<key>Area</key>
					<real>0.0</real>
					<key>Center</key>
					<string>(0.000000, 0.000000, 0.000000)</string>
					<key>Dev</key>
					<real>0.0</real>
					<key>IndexInImage</key>
					<integer>0</integer>
					<key>Max</key>
					<real>1355</real>
					<key>Mean</key>
					<real>1355</real>
					<key>Min</key>
					<real>1355</real>
					<key>Name</key>
					<string>Calcification</string>
					<key>NumberOfPoints</key>
					<integer>1</integer>
					<key>Point_mm</key>
					<array>
						<string>(0.000000, 0.000000, 0.000000)</string>
					</array>
					<key>Point_px</key>
					<array>
						<string>(494.527008, 2861.120117)</string>
					</array>
					<key>Total</key>
					<real>1355</real>
					<key>Type</key>
					<integer>19</integer>
				</dict>
				<dict>
					<key>Area</key>
					<real>0.0</real>
					<key>Center</key>
					<string>(0.000000, 0.000000, 0.000000)</string>
					<key>Dev</key>
					<real>0.0</real>
					<key>IndexInImage</key>
					<integer>1</integer>
					<key>Max</key>
					<real>1457</real>
					<key>Mean</key>
					<real>1457</real>
					<key>Min</key>
					<real>1457</real>
					<key>Name</key>
					<string>Calcification</string>
					<key>NumberOfPoints</key>
					<integer>1</integer>
					<key>Point_mm</key>
					<array>
						<string>(0.000000, 0.000000, 0.000000)</string>
					</array>
					<key>Point_px</key>
					<array>
						<string>(313.817871, 2429.932129)</string>
					</array>
					<key>Total</key>
					<real>1457</real>
					<key>Type</key>
					<integer>19</integer>
				</dict>
				<dict>
					<key>Area</key>
					<real>0.0</real>
					<key>Center</key>
					<string>(0.000000, 0.000000, 0.000000)</string>
					<key>Dev</key>
					<real>0.0</real>
					<key>IndexInImage</key>
					<integer>2</integer>
					<key>Max</key>
					<real>1409</real>
					<key>Mean</key>
					<real>1409</real>
					<key>Min</key>
					<real>1409</real>
					<key>Name</key>
					<string>Calcification</string>
					<key>NumberOfPoints</key>
					<integer>1</integer>
					<key>Point_mm</key>
					<array>
						<string>(0.000000, 0.000000, 0.000000)</string>
					</array>
					<key>Point_px</key>
					<array>
						<string>(308.231567, 2442.628418)</string>
					</array>
					<key>Total</key>
					<real>1409</real>
					<key>Type</key>
					<integer>19</integer>
				</dict>
				<dict>
					<key>Area</key>
					<real>0.0</real>
					<key>Center</key>
					<string>(0.000000, 0.000000, 0.000000)</string>
					<key>Dev</key>
					<real>0.0</real>
					<key>IndexInImage</key>
					<integer>3</integer>
					<key>Max</key>
					<real>1521</real>
					<key>Mean</key>
					<real>1521</real>
					<key>Min</key>
					<real>1521</real>
					<key>Name</key>
					<string>Calcification</string>
					<key>NumberOfPoints</key>
					<integer>1</integer>
					<key>Point_mm</key>
					<array>
						<string>(0.000000, 0.000000, 0.000000)</string>
					</array>
					<key>Point_px</key>
					<array>
						<string>(337.634338, 2434.923828)</string>
					</array>
					<key>Total</key>
					<real>1521</real>
					<key>Type</key>
					<integer>19</integer>
				</dict>
				<dict>
					<key>Area</key>
					<real>0.0</real>
					<key>Center</key>
					<string>(0.000000, 0.000000, 0.000000)</string>
					<key>Dev</key>
					<real>0.0</real>
					<key>IndexInImage</key>
					<integer>4</integer>
					<key>Max</key>
					<real>1751</real>
					<key>Mean</key>
					<real>1751</real>
					<key>Min</key>
					<real>1751</real>
					<key>Name</key>
					<string>Calcification</string>
					<key>NumberOfPoints</key>
					<integer>1</integer>
					<key>Point_mm</key>
					<array>
						<string>(0.000000, 0.000000, 0.000000)</string>
					</array>
					<key>Point_px</key>
					<array>
						<string>(157.852005, 2225.129883)</string>
					</array>
					<key>Total</key>
					<real>1751</real>
					<key>Type</key>
					<integer>19</integer>
				</dict>
				<dict>
					<key>Area</key>
					<real>0.0</real>
					<key>Center</key>
					<string>(0.000000, 0.000000, 0.000000)</string>
					<key>Dev</key>
					<real>0.0</real>
					<key>IndexInImage</key>
					<integer>5</integer>
					<key>Max</key>
					<real>2220</real>
					<key>Mean</key>
					<real>2220</real>
					<key>Min</key>
					<real>2220</real>
					<key>Name</key>
					<string>Calcification</string>
					<key>NumberOfPoints</key>
					<integer>1</integer>
					<key>Point_mm</key>
					<array>
						<string>(0.000000, 0.000000, 0.000000)</string>
					</array>
					<key>Point_px</key>
					<array>
						<string>(288.348999, 2199.030029)</string>
					</array>
					<key>Total</key>
					<real>2220</real>
					<key>Type</key>
					<integer>19</integer>
				</dict>
				<dict>
					<key>Area</key>
					<real>0.0</real>
					<key>Center</key>
					<string>(0.000000, 0.000000, 0.000000)</string>
					<key>Dev</key>
					<real>0.0</real>
					<key>IndexInImage</key>
					<integer>6</integer>
					<key>Max</key>
					<real>1999</real>
					<key>Mean</key>
					<real>1999</real>
					<key>Min</key>
					<real>1999</real>
					<key>Name</key>
					<string>Calcification</string>
					<key>NumberOfPoints</key>
					<integer>1</integer>
					<key>Point_mm</key>
					<array>
						<string>(0.000000, 0.000000, 0.000000)</string>
					</array>
					<key>Point_px</key>
					<array>
						<string>(433.890015, 2094.600098)</string>
					</array>
					<key>Total</key>
					<real>1999</real>
					<key>Type</key>
					<integer>19</integer>
				</dict>
				<dict>
					<key>Area</key>
					<real>0.0</real>
					<key>Center</key>
					<string>(0.000000, 0.000000, 0.000000)</string>
					<key>Dev</key>
					<real>0.0</real>
					<key>IndexInImage</key>
					<integer>7</integer>
					<key>Max</key>
					<real>1527</real>
					<key>Mean</key>
					<real>1527</real>
					<key>Min</key>
					<real>1527</real>
					<key>Name</key>
					<string>Calcification</string>
					<key>NumberOfPoints</key>
					<integer>1</integer>
					<key>Point_mm</key>
					<array>
						<string>(0.000000, 0.000000, 0.000000)</string>
					</array>
					<key>Point_px</key>
					<array>
						<string>(43.553299, 1719.329956)</string>
					</array>
					<key>Total</key>
					<real>1527</real>
					<key>Type</key>
					<integer>19</integer>
				</dict>
				<dict>
					<key>Area</key>
					<real>0.0</real>
					<key>Center</key>
					<string>(0.000000, 0.000000, 0.000000)</string>
					<key>Dev</key>
					<real>0.0</real>
					<key>IndexInImage</key>
					<integer>8</integer>
					<key>Max</key>
					<real>1821</real>
					<key>Mean</key>
					<real>1821</real>
					<key>Min</key>
					<real>1821</real>
					<key>Name</key>
					<string>Calcification</string>
					<key>NumberOfPoints</key>
					<integer>1</integer>
					<key>Point_mm</key>
					<array>
						<string>(0.000000, 0.000000, 0.000000)</string>
					</array>
					<key>Point_px</key>
					<array>
						<string>(794.322021, 1543.510010)</string>
					</array>
					<key>Total</key>
					<real>1821</real>
					<key>Type</key>
					<integer>19</integer>
				</dict>
				<dict>
					<key>Area</key>
					<real>0.0</real>
					<key>Center</key>
					<string>(0.000000, 0.000000, 0.000000)</string>
					<key>Dev</key>
					<real>0.0</real>
					<key>IndexInImage</key>
					<integer>9</integer>
					<key>Max</key>
					<real>1703</real>
					<key>Mean</key>
					<real>1703</real>
					<key>Min</key>
					<real>1703</real>
					<key>Name</key>
					<string>Calcification</string>
					<key>NumberOfPoints</key>
					<integer>1</integer>
					<key>Point_mm</key>
					<array>
						<string>(0.000000, 0.000000, 0.000000)</string>
					</array>
					<key>Point_px</key>
					<array>
						<string>(118.251999, 1677.930054)</string>
					</array>
					<key>Total</key>
					<real>1703</real>
					<key>Type</key>
					<integer>19</integer>
				</dict>
				<dict>
					<key>Area</key>
					<real>0.0034943125210702419</real>
					<key>Center</key>
					<string>(0.000000, 0.000000, 0.000000)</string>
					<key>Dev</key>
					<real>96.69488525390625</real>
					<key>IndexInImage</key>
					<integer>10</integer>
					<key>Max</key>
					<real>1940</real>
					<key>Mean</key>
					<real>1739.3809814453125</real>
					<key>Min</key>
					<real>1527</real>
					<key>Name</key>
					<string>Calcification</string>
					<key>NumberOfPoints</key>
					<integer>9</integer>
					<key>Point_mm</key>
					<array>
						<string>(0.000000, 0.000000, 0.000000)</string>
						<string>(0.000000, 0.000000, 0.000000)</string>
						<string>(0.000000, 0.000000, 0.000000)</string>
						<string>(0.000000, 0.000000, 0.000000)</string>
						<string>(0.000000, 0.000000, 0.000000)</string>
						<string>(0.000000, 0.000000, 0.000000)</string>
						<string>(0.000000, 0.000000, 0.000000)</string>
						<string>(0.000000, 0.000000, 0.000000)</string>
						<string>(0.000000, 0.000000, 0.000000)</string>
					</array>
					<key>Point_px</key>
					<array>
						<string>(426.886993, 1553.469971)</string>
						<string>(430.075989, 1552.939941)</string>
						<string>(431.403992, 1551.339966)</string>
						<string>(431.403992, 1548.680054)</string>
						<string>(429.278992, 1545.760010)</string>
						<string>(426.355988, 1543.900024)</string>
						<string>(423.433014, 1543.900024)</string>
						<string>(421.838989, 1546.819946)</string>
						<string>(422.635986, 1549.750000)</string>
					</array>
					<key>Total</key>
					<real>146108</real>
					<key>Type</key>
					<integer>15</integer>
				</dict>
				<dict>
					<key>Area</key>
					<real>0.0</real>
					<key>Center</key>
					<string>(0.000000, 0.000000, 0.000000)</string>
					<key>Dev</key>
					<real>0.0</real>
					<key>IndexInImage</key>
					<integer>11</integer>
					<key>Max</key>
					<real>1547</real>
					<key>Mean</key>
					<real>1547</real>
					<key>Min</key>
					<real>1547</real>
					<key>Name</key>
					<string>Calcification</string>
					<key>NumberOfPoints</key>
					<integer>1</integer>
					<key>Point_mm</key>
					<array>
						<string>(0.000000, 0.000000, 0.000000)</string>
					</array>
					<key>Point_px</key>
					<array>
						<string>(124.552002, 1427.739990)</string>
					</array>
					<key>Total</key>
					<real>1547</real>
					<key>Type</key>
					<integer>19</integer>
				</dict>
				<dict>
					<key>Area</key>
					<real>0.0</real>
					<key>Center</key>
					<string>(0.000000, 0.000000, 0.000000)</string>
					<key>Dev</key>
					<real>0.0</real>
					<key>IndexInImage</key>
					<integer>12</integer>
					<key>Max</key>
					<real>1488</real>
					<key>Mean</key>
					<real>1488</real>
					<key>Min</key>
					<real>1488</real>
					<key>Name</key>
					<string>Calcification</string>
					<key>NumberOfPoints</key>
					<integer>1</integer>
					<key>Point_mm</key>
					<array>
						<string>(0.000000, 0.000000, 0.000000)</string>
					</array>
					<key>Point_px</key>
					<array>
						<string>(147.052002, 932.747009)</string>
					</array>
					<key>Total</key>
					<real>1488</real>
					<key>Type</key>
					<integer>19</integer>
				</dict>
				<dict>
					<key>Area</key>
					<real>1.0546376705169678</real>
					<key>Center</key>
					<string>(0.000000, 0.000000, 0.000000)</string>
					<key>Dev</key>
					<real>109.96173095703125</real>
					<key>IndexInImage</key>
					<integer>13</integer>
					<key>Max</key>
					<real>2649</real>
					<key>Mean</key>
					<real>1708.820068359375</real>
					<key>Min</key>
					<real>1370</real>
					<key>Name</key>
					<string>Cluster</string>
					<key>NumberOfPoints</key>
					<integer>200</integer>
					<key>Point_mm</key>
					<array>
						<string>(0.000000, 0.000000, 0.000000)</string>
						<string>(0.000000, 0.000000, 0.000000)</string>
						<string>(0.000000, 0.000000, 0.000000)</string>
						<string>(0.000000, 0.000000, 0.000000)</string>
						<string>(0.000000, 0.000000, 0.000000)</string>
						<string>(0.000000, 0.000000, 0.000000)</string>
						<string>(0.000000, 0.000000, 0.000000)</string>
						<string>(0.000000, 0.000000, 0.000000)</string>
						<string>(0.000000, 0.000000, 0.000000)</string>
						<string>(0.000000, 0.000000, 0.000000)</string>
						<string>(0.000000, 0.000000, 0.000000)</string>
						<string>(0.000000, 0.000000, 0.000000)</string>
						<string>(0.000000, 0.000000, 0.000000)</string>
						<string>(0.000000, 0.000000, 0.000000)</string>
						<string>(0.000000, 0.000000, 0.000000)</string>
						<string>(0.000000, 0.000000, 0.000000)</string>
						<string>(0.000000, 0.000000, 0.000000)</string>
						<string>(0.000000, 0.000000, 0.000000)</string>
						<string>(0.000000, 0.000000, 0.000000)</string>
						<string>(0.000000, 0.000000, 0.000000)</string>
						<string>(0.000000, 0.000000, 0.000000)</string>
						<string>(0.000000, 0.000000, 0.000000)</string>
						<string>(0.000000, 0.000000, 0.000000)</string>
						<string>(0.000000, 0.000000, 0.000000)</string>
						<string>(0.000000, 0.000000, 0.000000)</string>
						<string>(0.000000, 0.000000, 0.000000)</string>
						<string>(0.000000, 0.000000, 0.000000)</string>
						<string>(0.000000, 0.000000, 0.000000)</string>
						<string>(0.000000, 0.000000, 0.000000)</string>
						<string>(0.000000, 0.000000, 0.000000)</string>
						<string>(0.000000, 0.000000, 0.000000)</string>
						<string>(0.000000, 0.000000, 0.000000)</string>
						<string>(0.000000, 0.000000, 0.000000)</string>
						<string>(0.000000, 0.000000, 0.000000)</string>
						<string>(0.000000, 0.000000, 0.000000)</string>
						<string>(0.000000, 0.000000, 0.000000)</string>
						<string>(0.000000, 0.000000, 0.000000)</string>
						<string>(0.000000, 0.000000, 0.000000)</string>
						<string>(0.000000, 0.000000, 0.000000)</string>
						<string>(0.000000, 0.000000, 0.000000)</string>
						<string>(0.000000, 0.000000, 0.000000)</string>
						<string>(0.000000, 0.000000, 0.000000)</string>
						<string>(0.000000, 0.000000, 0.000000)</string>
						<string>(0.000000, 0.000000, 0.000000)</string>
						<string>(0.000000, 0.000000, 0.000000)</string>
						<string>(0.000000, 0.000000, 0.000000)</string>
						<string>(0.000000, 0.000000, 0.000000)</string>
						<string>(0.000000, 0.000000, 0.000000)</string>
						<string>(0.000000, 0.000000, 0.000000)</string>
						<string>(0.000000, 0.000000, 0.000000)</string>
						<string>(0.000000, 0.000000, 0.000000)</string>
						<string>(0.000000, 0.000000, 0.000000)</string>
						<string>(0.000000, 0.000000, 0.000000)</string>
						<string>(0.000000, 0.000000, 0.000000)</string>
						<string>(0.000000, 0.000000, 0.000000)</string>
						<string>(0.000000, 0.000000, 0.000000)</string>
						<string>(0.000000, 0.000000, 0.000000)</string>
						<string>(0.000000, 0.000000, 0.000000)</string>
						<string>(0.000000, 0.000000, 0.000000)</string>
						<string>(0.000000, 0.000000, 0.000000)</string>
						<string>(0.000000, 0.000000, 0.000000)</string>
						<string>(0.000000, 0.000000, 0.000000)</string>
						<string>(0.000000, 0.000000, 0.000000)</string>
						<string>(0.000000, 0.000000, 0.000000)</string>
						<string>(0.000000, 0.000000, 0.000000)</string>
						<string>(0.000000, 0.000000, 0.000000)</string>
						<string>(0.000000, 0.000000, 0.000000)</string>
						<string>(0.000000, 0.000000, 0.000000)</string>
						<string>(0.000000, 0.000000, 0.000000)</string>
						<string>(0.000000, 0.000000, 0.000000)</string>
						<string>(0.000000, 0.000000, 0.000000)</string>
						<string>(0.000000, 0.000000, 0.000000)</string>
						<string>(0.000000, 0.000000, 0.000000)</string>
						<string>(0.000000, 0.000000, 0.000000)</string>
						<string>(0.000000, 0.000000, 0.000000)</string>
						<string>(0.000000, 0.000000, 0.000000)</string>
						<string>(0.000000, 0.000000, 0.000000)</string>
						<string>(0.000000, 0.000000, 0.000000)</string>
						<string>(0.000000, 0.000000, 0.000000)</string>
						<string>(0.000000, 0.000000, 0.000000)</string>
						<string>(0.000000, 0.000000, 0.000000)</string>
						<string>(0.000000, 0.000000, 0.000000)</string>
						<string>(0.000000, 0.000000, 0.000000)</string>
						<string>(0.000000, 0.000000, 0.000000)</string>
						<string>(0.000000, 0.000000, 0.000000)</string>
						<string>(0.000000, 0.000000, 0.000000)</string>
						<string>(0.000000, 0.000000, 0.000000)</string>
						<string>(0.000000, 0.000000, 0.000000)</string>
						<string>(0.000000, 0.000000, 0.000000)</string>
						<string>(0.000000, 0.000000, 0.000000)</string>
						<string>(0.000000, 0.000000, 0.000000)</string>
						<string>(0.000000, 0.000000, 0.000000)</string>
						<string>(0.000000, 0.000000, 0.000000)</string>
						<string>(0.000000, 0.000000, 0.000000)</string>
						<string>(0.000000, 0.000000, 0.000000)</string>
						<string>(0.000000, 0.000000, 0.000000)</string>
						<string>(0.000000, 0.000000, 0.000000)</string>
						<string>(0.000000, 0.000000, 0.000000)</string>
						<string>(0.000000, 0.000000, 0.000000)</string>
						<string>(0.000000, 0.000000, 0.000000)</string>
						<string>(0.000000, 0.000000, 0.000000)</string>
						<string>(0.000000, 0.000000, 0.000000)</string>
						<string>(0.000000, 0.000000, 0.000000)</string>
						<string>(0.000000, 0.000000, 0.000000)</string>
						<string>(0.000000, 0.000000, 0.000000)</string>
						<string>(0.000000, 0.000000, 0.000000)</string>
						<string>(0.000000, 0.000000, 0.000000)</string>
						<string>(0.000000, 0.000000, 0.000000)</string>
						<string>(0.000000, 0.000000, 0.000000)</string>
						<string>(0.000000, 0.000000, 0.000000)</string>
						<string>(0.000000, 0.000000, 0.000000)</string>
						<string>(0.000000, 0.000000, 0.000000)</string>
						<string>(0.000000, 0.000000, 0.000000)</string>
						<string>(0.000000, 0.000000, 0.000000)</string>
						<string>(0.000000, 0.000000, 0.000000)</string>
						<string>(0.000000, 0.000000, 0.000000)</string>
						<string>(0.000000, 0.000000, 0.000000)</string>
						<string>(0.000000, 0.000000, 0.000000)</string>
						<string>(0.000000, 0.000000, 0.000000)</string>
						<string>(0.000000, 0.000000, 0.000000)</string>
						<string>(0.000000, 0.000000, 0.000000)</string>
						<string>(0.000000, 0.000000, 0.000000)</string>
						<string>(0.000000, 0.000000, 0.000000)</string>
						<string>(0.000000, 0.000000, 0.000000)</string>
						<string>(0.000000, 0.000000, 0.000000)</string>
						<string>(0.000000, 0.000000, 0.000000)</string>
						<string>(0.000000, 0.000000, 0.000000)</string>
						<string>(0.000000, 0.000000, 0.000000)</string>
						<string>(0.000000, 0.000000, 0.000000)</string>
						<string>(0.000000, 0.000000, 0.000000)</string>
						<string>(0.000000, 0.000000, 0.000000)</string>
						<string>(0.000000, 0.000000, 0.000000)</string>
						<string>(0.000000, 0.000000, 0.000000)</string>
						<string>(0.000000, 0.000000, 0.000000)</string>
						<string>(0.000000, 0.000000, 0.000000)</string>
						<string>(0.000000, 0.000000, 0.000000)</string>
						<string>(0.000000, 0.000000, 0.000000)</string>
						<string>(0.000000, 0.000000, 0.000000)</string>
						<string>(0.000000, 0.000000, 0.000000)</string>
						<string>(0.000000, 0.000000, 0.000000)</string>
						<string>(0.000000, 0.000000, 0.000000)</string>
						<string>(0.000000, 0.000000, 0.000000)</string>
						<string>(0.000000, 0.000000, 0.000000)</string>
						<string>(0.000000, 0.000000, 0.000000)</string>
						<string>(0.000000, 0.000000, 0.000000)</string>
						<string>(0.000000, 0.000000, 0.000000)</string>
						<string>(0.000000, 0.000000, 0.000000)</string>
						<string>(0.000000, 0.000000, 0.000000)</string>
						<string>(0.000000, 0.000000, 0.000000)</string>
						<string>(0.000000, 0.000000, 0.000000)</string>
						<string>(0.000000, 0.000000, 0.000000)</string>
						<string>(0.000000, 0.000000, 0.000000)</string>
						<string>(0.000000, 0.000000, 0.000000)</string>
						<string>(0.000000, 0.000000, 0.000000)</string>
						<string>(0.000000, 0.000000, 0.000000)</string>
						<string>(0.000000, 0.000000, 0.000000)</string>
						<string>(0.000000, 0.000000, 0.000000)</string>
						<string>(0.000000, 0.000000, 0.000000)</string>
						<string>(0.000000, 0.000000, 0.000000)</string>
						<string>(0.000000, 0.000000, 0.000000)</string>
						<string>(0.000000, 0.000000, 0.000000)</string>
						<string>(0.000000, 0.000000, 0.000000)</string>
						<string>(0.000000, 0.000000, 0.000000)</string>
						<string>(0.000000, 0.000000, 0.000000)</string>
						<string>(0.000000, 0.000000, 0.000000)</string>
						<string>(0.000000, 0.000000, 0.000000)</string>
						<string>(0.000000, 0.000000, 0.000000)</string>
						<string>(0.000000, 0.000000, 0.000000)</string>
						<string>(0.000000, 0.000000, 0.000000)</string>
						<string>(0.000000, 0.000000, 0.000000)</string>
						<string>(0.000000, 0.000000, 0.000000)</string>
						<string>(0.000000, 0.000000, 0.000000)</string>
						<string>(0.000000, 0.000000, 0.000000)</string>
						<string>(0.000000, 0.000000, 0.000000)</string>
						<string>(0.000000, 0.000000, 0.000000)</string>
						<string>(0.000000, 0.000000, 0.000000)</string>
						<string>(0.000000, 0.000000, 0.000000)</string>
						<string>(0.000000, 0.000000, 0.000000)</string>
						<string>(0.000000, 0.000000, 0.000000)</string>
						<string>(0.000000, 0.000000, 0.000000)</string>
						<string>(0.000000, 0.000000, 0.000000)</string>
						<string>(0.000000, 0.000000, 0.000000)</string>
						<string>(0.000000, 0.000000, 0.000000)</string>
						<string>(0.000000, 0.000000, 0.000000)</string>
						<string>(0.000000, 0.000000, 0.000000)</string>
						<string>(0.000000, 0.000000, 0.000000)</string>
						<string>(0.000000, 0.000000, 0.000000)</string>
						<string>(0.000000, 0.000000, 0.000000)</string>
						<string>(0.000000, 0.000000, 0.000000)</string>
						<string>(0.000000, 0.000000, 0.000000)</string>
						<string>(0.000000, 0.000000, 0.000000)</string>
						<string>(0.000000, 0.000000, 0.000000)</string>
						<string>(0.000000, 0.000000, 0.000000)</string>
						<string>(0.000000, 0.000000, 0.000000)</string>
						<string>(0.000000, 0.000000, 0.000000)</string>
						<string>(0.000000, 0.000000, 0.000000)</string>
						<string>(0.000000, 0.000000, 0.000000)</string>
						<string>(0.000000, 0.000000, 0.000000)</string>
						<string>(0.000000, 0.000000, 0.000000)</string>
						<string>(0.000000, 0.000000, 0.000000)</string>
					</array>
					<key>Point_px</key>
					<array>
						<string>(909.889465, 1651.630005)</string>
						<string>(909.848877, 1654.246948)</string>
						<string>(909.727234, 1656.861328)</string>
						<string>(909.524536, 1659.470459)</string>
						<string>(909.241028, 1662.071899)</string>
						<string>(908.877075, 1664.663086)</string>
						<string>(908.432922, 1667.241333)</string>
						<string>(907.909058, 1669.804199)</string>
						<string>(907.305969, 1672.349121)</string>
						<string>(906.624329, 1674.873657)</string>
						<string>(905.864746, 1677.375244)</string>
						<string>(905.027954, 1679.851318)</string>
						<string>(904.114807, 1682.299683)</string>
						<string>(903.126221, 1684.717651)</string>
						<string>(902.063171, 1687.103027)</string>
						<string>(900.926697, 1689.453369)</string>
						<string>(899.717896, 1691.766479)</string>
						<string>(898.437927, 1694.039917)</string>
						<string>(897.088196, 1696.271484)</string>
						<string>(895.669861, 1698.458984)</string>
						<string>(894.184448, 1700.600220)</string>
						<string>(892.633423, 1702.693237)</string>
						<string>(891.018188, 1704.735840)</string>
						<string>(889.340515, 1706.726074)</string>
						<string>(887.601868, 1708.661865)</string>
						<string>(885.804138, 1710.541382)</string>
						<string>(883.948975, 1712.362671)</string>
						<string>(882.038330, 1714.124146)</string>
						<string>(880.073975, 1715.823975)</string>
						<string>(878.057861, 1717.460327)</string>
						<string>(875.992004, 1719.031860)</string>
						<string>(873.878479, 1720.536743)</string>
						<string>(871.719360, 1721.973633)</string>
						<string>(869.516724, 1723.341187)</string>
						<string>(867.272766, 1724.637939)</string>
						<string>(864.989746, 1725.862671)</string>
						<string>(862.669861, 1727.014038)</string>
						<string>(860.315430, 1728.091064)</string>
						<string>(857.928772, 1729.092651)</string>
						<string>(855.512268, 1730.017822)</string>
						<string>(853.068237, 1730.865601)</string>
						<string>(850.599121, 1731.635132)</string>
						<string>(848.107361, 1732.325806)</string>
						<string>(845.595459, 1732.936768)</string>
						<string>(843.065796, 1733.467529)</string>
						<string>(840.520996, 1733.917480)</string>
						<string>(837.963440, 1734.286255)</string>
						<string>(835.395752, 1734.573486)</string>
						<string>(832.820374, 1734.778809)</string>
						<string>(830.239990, 1734.902100)</string>
						<string>(827.656982, 1734.943237)</string>
						<string>(825.073975, 1734.902100)</string>
						<string>(822.493591, 1734.778809)</string>
						<string>(819.918213, 1734.573486)</string>
						<string>(817.350525, 1734.286255)</string>
						<string>(814.792969, 1733.917480)</string>
						<string>(812.248169, 1733.467529)</string>
						<string>(809.718506, 1732.936768)</string>
						<string>(807.206604, 1732.325806)</string>
						<string>(804.714844, 1731.635132)</string>
						<string>(802.245728, 1730.865601)</string>
						<string>(799.801697, 1730.017822)</string>
						<string>(797.385193, 1729.092651)</string>
						<string>(794.998535, 1728.091064)</string>
						<string>(792.644104, 1727.014038)</string>
						<string>(790.324219, 1725.862549)</string>
						<string>(788.041199, 1724.637939)</string>
						<string>(785.797241, 1723.341187)</string>
						<string>(783.594604, 1721.973633)</string>
						<string>(781.435486, 1720.536743)</string>
						<string>(779.321960, 1719.031860)</string>
						<string>(777.256104, 1717.460327)</string>
						<string>(775.239990, 1715.823975)</string>
						<string>(773.275635, 1714.124146)</string>
						<string>(771.364990, 1712.362671)</string>
						<string>(769.509827, 1710.541382)</string>
						<string>(767.712097, 1708.661865)</string>
						<string>(765.973450, 1706.725952)</string>
						<string>(764.295776, 1704.735840)</string>
						<string>(762.680542, 1702.693237)</string>
						<string>(761.129517, 1700.600220)</string>
						<string>(759.644104, 1698.458984)</string>
						<string>(758.225769, 1696.271484)</string>
						<string>(756.876038, 1694.039917)</string>
						<string>(755.596069, 1691.766479)</string>
						<string>(754.387268, 1689.453369)</string>
						<string>(753.250793, 1687.103027)</string>
						<string>(752.187744, 1684.717651)</string>
						<string>(751.199158, 1682.299683)</string>
						<string>(750.286011, 1679.851318)</string>
						<string>(749.449219, 1677.375244)</string>
						<string>(748.689636, 1674.873657)</string>
						<string>(748.007996, 1672.349121)</string>
						<string>(747.404907, 1669.804199)</string>
						<string>(746.881042, 1667.241333)</string>
						<string>(746.436890, 1664.663086)</string>
						<string>(746.072937, 1662.071899)</string>
						<string>(745.789429, 1659.470459)</string>
						<string>(745.586731, 1656.861328)</string>
						<string>(745.465088, 1654.246948)</string>
						<string>(745.424500, 1651.630005)</string>
						<string>(745.465088, 1649.013062)</string>
						<string>(745.586731, 1646.398682)</string>
						<string>(745.789429, 1643.789551)</string>
						<string>(746.072937, 1641.188110)</string>
						<string>(746.436890, 1638.596924)</string>
						<string>(746.881042, 1636.018677)</string>
						<string>(747.404907, 1633.455811)</string>
						<string>(748.007996, 1630.910889)</string>
						<string>(748.689636, 1628.386353)</string>
						<string>(749.449219, 1625.884766)</string>
						<string>(750.286011, 1623.408691)</string>
						<string>(751.199158, 1620.960327)</string>
						<string>(752.187744, 1618.542358)</string>
						<string>(753.250793, 1616.156982)</string>
						<string>(754.387268, 1613.806641)</string>
						<string>(755.596069, 1611.493530)</string>
						<string>(756.876038, 1609.220093)</string>
						<string>(758.225769, 1606.988525)</string>
						<string>(759.644104, 1604.801025)</string>
						<string>(761.129517, 1602.659668)</string>
						<string>(762.680542, 1600.566772)</string>
						<string>(764.295776, 1598.524170)</string>
						<string>(765.973450, 1596.534058)</string>
						<string>(767.712036, 1594.598145)</string>
						<string>(769.509827, 1592.718628)</string>
						<string>(771.364990, 1590.897339)</string>
						<string>(773.275635, 1589.135864)</string>
						<string>(775.240051, 1587.436035)</string>
						<string>(777.256104, 1585.799683)</string>
						<string>(779.321960, 1584.228149)</string>
						<string>(781.435425, 1582.723267)</string>
						<string>(783.594604, 1581.286377)</string>
						<string>(785.797241, 1579.918823)</string>
						<string>(788.041138, 1578.622070)</string>
						<string>(790.324219, 1577.397461)</string>
						<string>(792.644104, 1576.245972)</string>
						<string>(794.998535, 1575.168945)</string>
						<string>(797.385193, 1574.167358)</string>
						<string>(799.801697, 1573.242188)</string>
						<string>(802.245728, 1572.394409)</string>
						<string>(804.714844, 1571.624878)</string>
						<string>(807.206604, 1570.934204)</string>
						<string>(809.718506, 1570.323242)</string>
						<string>(812.248169, 1569.792480)</string>
						<string>(814.792969, 1569.342529)</string>
						<string>(817.350525, 1568.973755)</string>
						<string>(819.918213, 1568.686523)</string>
						<string>(822.493530, 1568.481201)</string>
						<string>(825.073975, 1568.357910)</string>
						<string>(827.656982, 1568.316772)</string>
						<string>(830.239990, 1568.357910)</string>
						<string>(832.820435, 1568.481201)</string>
						<string>(835.395752, 1568.686523)</string>
						<string>(837.963440, 1568.973755)</string>
						<string>(840.520996, 1569.342529)</string>
						<string>(843.065796, 1569.792480)</string>
						<string>(845.595459, 1570.323242)</string>
						<string>(848.107361, 1570.934204)</string>
						<string>(850.599121, 1571.624878)</string>
						<string>(853.068237, 1572.394409)</string>
						<string>(855.512268, 1573.242188)</string>
						<string>(857.928772, 1574.167358)</string>
						<string>(860.315430, 1575.168945)</string>
						<string>(862.669922, 1576.245972)</string>
						<string>(864.989746, 1577.397461)</string>
						<string>(867.272827, 1578.622070)</string>
						<string>(869.516724, 1579.918823)</string>
						<string>(871.719360, 1581.286377)</string>
						<string>(873.878479, 1582.723267)</string>
						<string>(875.992004, 1584.228149)</string>
						<string>(878.057861, 1585.799683)</string>
						<string>(880.073914, 1587.436035)</string>
						<string>(882.038269, 1589.135864)</string>
						<string>(883.948975, 1590.897339)</string>
						<string>(885.804138, 1592.718628)</string>
						<string>(887.601868, 1594.598145)</string>
						<string>(889.340454, 1596.533936)</string>
						<string>(891.018188, 1598.524170)</string>
						<string>(892.633423, 1600.566772)</string>
						<string>(894.184448, 1602.659668)</string>
						<string>(895.669861, 1604.801025)</string>
						<string>(897.088196, 1606.988525)</string>
						<string>(898.437927, 1609.220093)</string>
						<string>(899.717896, 1611.493530)</string>
						<string>(900.926697, 1613.806641)</string>
						<string>(902.063171, 1616.156982)</string>
						<string>(903.126221, 1618.542358)</string>
						<string>(904.114807, 1620.960327)</string>
						<string>(905.027954, 1623.408691)</string>
						<string>(905.864746, 1625.884766)</string>
						<string>(906.624329, 1628.386353)</string>
						<string>(907.305969, 1630.910889)</string>
						<string>(907.909058, 1633.455811)</string>
						<string>(908.432922, 1636.018677)</string>
						<string>(908.877075, 1638.596924)</string>
						<string>(909.241028, 1641.188110)</string>
						<string>(909.524536, 1643.789551)</string>
						<string>(909.727234, 1646.398682)</string>
						<string>(909.848877, 1649.013062)</string>
					</array>
					<key>Total</key>
					<real>37081396</real>
					<key>Type</key>
					<integer>9</integer>
				</dict>
				<dict>
					<key>Area</key>
					<real>0.0</real>
					<key>Center</key>
					<string>(0.000000, 0.000000, 0.000000)</string>
					<key>Dev</key>
					<real>0.0</real>
					<key>IndexInImage</key>
					<integer>14</integer>
					<key>Max</key>
					<real>1761</real>
					<key>Mean</key>
					<real>1761</real>
					<key>Min</key>
					<real>1761</real>
					<key>Name</key>
					<string>Calcification</string>
					<key>NumberOfPoints</key>
					<integer>1</integer>
					<key>Point_mm</key>
					<array>
						<string>(0.000000, 0.000000, 0.000000)</string>
					</array>
					<key>Point_px</key>
					<array>
						<string>(838.966980, 1522.250000)</string>
					</array>
					<key>Total</key>
					<real>1761</real>
					<key>Type</key>
					<integer>19</integer>
				</dict>
				<dict>
					<key>Area</key>
					<real>0.0</real>
					<key>Center</key>
					<string>(0.000000, 0.000000, 0.000000)</string>
					<key>Dev</key>
					<real>0.0</real>
					<key>IndexInImage</key>
					<integer>15</integer>
					<key>Max</key>
					<real>1695</real>
					<key>Mean</key>
					<real>1695</real>
					<key>Min</key>
					<real>1695</real>
					<key>Name</key>
					<string>Calcification</string>
					<key>NumberOfPoints</key>
					<integer>1</integer>
					<key>Point_mm</key>
					<array>
						<string>(0.000000, 0.000000, 0.000000)</string>
					</array>
					<key>Point_px</key>
					<array>
						<string>(833.297974, 1531.459961)</string>
					</array>
					<key>Total</key>
					<real>1695</real>
					<key>Type</key>
					<integer>19</integer>
				</dict>
				<dict>
					<key>Area</key>
					<real>0.0</real>
					<key>Center</key>
					<string>(0.000000, 0.000000, 0.000000)</string>
					<key>Dev</key>
					<real>0.0</real>
					<key>IndexInImage</key>
					<integer>16</integer>
					<key>Max</key>
					<real>1607</real>
					<key>Mean</key>
					<real>1607</real>
					<key>Min</key>
					<real>1607</real>
					<key>Name</key>
					<string>Calcification</string>
					<key>NumberOfPoints</key>
					<integer>1</integer>
					<key>Point_mm</key>
					<array>
						<string>(0.000000, 0.000000, 0.000000)</string>
					</array>
					<key>Point_px</key>
					<array>
						<string>(17.453899, 1963.229980)</string>
					</array>
					<key>Total</key>
					<real>1607</real>
					<key>Type</key>
					<integer>19</integer>
				</dict>
				<dict>
					<key>Area</key>
					<real>0.0</real>
					<key>Center</key>
					<string>(0.000000, 0.000000, 0.000000)</string>
					<key>Dev</key>
					<real>0.0</real>
					<key>IndexInImage</key>
					<integer>17</integer>
					<key>Max</key>
					<real>2071</real>
					<key>Mean</key>
					<real>2071</real>
					<key>Min</key>
					<real>2071</real>
					<key>Name</key>
					<string>Calcification</string>
					<key>NumberOfPoints</key>
					<integer>1</integer>
					<key>Point_mm</key>
					<array>
						<string>(0.000000, 0.000000, 0.000000)</string>
					</array>
					<key>Point_px</key>
					<array>
						<string>(297.348999, 2175.629883)</string>
					</array>
					<key>Total</key>
					<real>2071</real>
					<key>Type</key>
					<integer>19</integer>
				</dict>
				<dict>
					<key>Area</key>
					<real>0.0</real>
					<key>Center</key>
					<string>(0.000000, 0.000000, 0.000000)</string>
					<key>Dev</key>
					<real>0.0</real>
					<key>IndexInImage</key>
					<integer>18</integer>
					<key>Max</key>
					<real>1821</real>
					<key>Mean</key>
					<real>1821</real>
					<key>Min</key>
					<real>1821</real>
					<key>Name</key>
					<string>Calcification</string>
					<key>NumberOfPoints</key>
					<integer>1</integer>
					<key>Point_mm</key>
					<array>
						<string>(0.000000, 0.000000, 0.000000)</string>
					</array>
					<key>Point_px</key>
					<array>
						<string>(345.048004, 2285.419922)</string>
					</array>
					<key>Total</key>
					<real>1821</real>
					<key>Type</key>
					<integer>19</integer>
				</dict>
				<dict>
					<key>Area</key>
					<real>0.0</real>
					<key>Center</key>
					<string>(0.000000, 0.000000, 0.000000)</string>
					<key>Dev</key>
					<real>0.0</real>
					<key>IndexInImage</key>
					<integer>19</integer>
					<key>Max</key>
					<real>1618</real>
					<key>Mean</key>
					<real>1618</real>
					<key>Min</key>
					<real>1618</real>
					<key>Name</key>
					<string>Calcification</string>
					<key>NumberOfPoints</key>
					<integer>1</integer>
					<key>Point_mm</key>
					<array>
						<string>(0.000000, 0.000000, 0.000000)</string>
					</array>
					<key>Point_px</key>
					<array>
						<string>(325.227417, 2452.970215)</string>
					</array>
					<key>Total</key>
					<real>1618</real>
					<key>Type</key>
					<integer>19</integer>
				</dict>
				<dict>
					<key>Area</key>
					<real>0.0</real>
					<key>Center</key>
					<string>(0.000000, 0.000000, 0.000000)</string>
					<key>Dev</key>
					<real>0.0</real>
					<key>IndexInImage</key>
					<integer>20</integer>
					<key>Max</key>
					<real>1372</real>
					<key>Mean</key>
					<real>1372</real>
					<key>Min</key>
					<real>1372</real>
					<key>Name</key>
					<string>Calcification</string>
					<key>NumberOfPoints</key>
					<integer>1</integer>
					<key>Point_mm</key>
					<array>
						<string>(0.000000, 0.000000, 0.000000)</string>
					</array>
					<key>Point_px</key>
					<array>
						<string>(268.997498, 2446.564453)</string>
					</array>
					<key>Total</key>
					<real>1372</real>
					<key>Type</key>
					<integer>19</integer>
				</dict>
				<dict>
					<key>Area</key>
					<real>0.0</real>
					<key>Center</key>
					<string>(0.000000, 0.000000, 0.000000)</string>
					<key>Dev</key>
					<real>0.0</real>
					<key>IndexInImage</key>
					<integer>21</integer>
					<key>Max</key>
					<real>1476</real>
					<key>Mean</key>
					<real>1476</real>
					<key>Min</key>
					<real>1476</real>
					<key>Name</key>
					<string>Calcification</string>
					<key>NumberOfPoints</key>
					<integer>1</integer>
					<key>Point_mm</key>
					<array>
						<string>(0.000000, 0.000000, 0.000000)</string>
					</array>
					<key>Point_px</key>
					<array>
						<string>(292.443420, 2465.843994)</string>
					</array>
					<key>Total</key>
					<real>1476</real>
					<key>Type</key>
					<integer>19</integer>
				</dict>
				<dict>
					<key>Area</key>
					<real>0.0</real>
					<key>Center</key>
					<string>(0.000000, 0.000000, 0.000000)</string>
					<key>Dev</key>
					<real>0.0</real>
					<key>IndexInImage</key>
					<integer>22</integer>
					<key>Max</key>
					<real>1503</real>
					<key>Mean</key>
					<real>1503</real>
					<key>Min</key>
					<real>1503</real>
					<key>Name</key>
					<string>Calcification</string>
					<key>NumberOfPoints</key>
					<integer>1</integer>
					<key>Point_mm</key>
					<array>
						<string>(0.000000, 0.000000, 0.000000)</string>
					</array>
					<key>Point_px</key>
					<array>
						<string>(292.518127, 2481.167969)</string>
					</array>
					<key>Total</key>
					<real>1503</real>
					<key>Type</key>
					<integer>19</integer>
				</dict>
			</array>
		</dict>
	</array>
</dict>
</plist>
