<?xml version="1.0" encoding="UTF-8"?>
<!DOCTYPE plist PUBLIC "-//Apple//DTD PLIST 1.0//EN" "http://www.apple.com/DTDs/PropertyList-1.0.dtd">
<plist version="1.0">
<dict>
	<key>Images</key>
	<array>
		<dict>
			<key>ImageIndex</key>
			<integer>0</integer>
			<key>NumberOfROIs</key>
			<integer>2</integer>
			<key>ROIs</key>
			<array>
				<dict>
					<key>Area</key>
					<real>24.026365280151367</real>
					<key>Center</key>
					<string>(0.000000, 0.000000, 0.000000)</string>
					<key>Dev</key>
					<real>573.869384765625</real>
					<key>IndexInImage</key>
					<integer>0</integer>
					<key>Max</key>
					<real>4011</real>
					<key>Mean</key>
					<real>3044.6591796875</real>
					<key>Min</key>
					<real>931</real>
					<key>Name</key>
					<string>Mass</string>
					<key>NumberOfPoints</key>
					<integer>75</integer>
					<key>Point_mm</key>
					<array>
						<string>(0.000000, 0.000000, 0.000000)</string>
						<string>(0.000000, 0.000000, 0.000000)</string>
						<string>(0.000000, 0.000000, 0.000000)</string>
						<string>(0.000000, 0.000000, 0.000000)</string>
						<string>(0.000000, 0.000000, 0.000000)</string>
						<string>(0.000000, 0.000000, 0.000000)</string>
						<string>(0.000000, 0.000000, 0.000000)</string>
						<string>(0.000000, 0.000000, 0.000000)</string>
						<string>(0.000000, 0.000000, 0.000000)</string>
						<string>(0.000000, 0.000000, 0.000000)</string>
						<string>(0.000000, 0.000000, 0.000000)</string>
						<string>(0.000000, 0.000000, 0.000000)</string>
						<string>(0.000000, 0.000000, 0.000000)</string>
						<string>(0.000000, 0.000000, 0.000000)</string>
						<string>(0.000000, 0.000000, 0.000000)</string>
						<string>(0.000000, 0.000000, 0.000000)</string>
						<string>(0.000000, 0.000000, 0.000000)</string>
						<string>(0.000000, 0.000000, 0.000000)</string>
						<string>(0.000000, 0.000000, 0.000000)</string>
						<string>(0.000000, 0.000000, 0.000000)</string>
						<string>(0.000000, 0.000000, 0.000000)</string>
						<string>(0.000000, 0.000000, 0.000000)</string>
						<string>(0.000000, 0.000000, 0.000000)</string>
						<string>(0.000000, 0.000000, 0.000000)</string>
						<string>(0.000000, 0.000000, 0.000000)</string>
						<string>(0.000000, 0.000000, 0.000000)</string>
						<string>(0.000000, 0.000000, 0.000000)</string>
						<string>(0.000000, 0.000000, 0.000000)</string>
						<string>(0.000000, 0.000000, 0.000000)</string>
						<string>(0.000000, 0.000000, 0.000000)</string>
						<string>(0.000000, 0.000000, 0.000000)</string>
						<string>(0.000000, 0.000000, 0.000000)</string>
						<string>(0.000000, 0.000000, 0.000000)</string>
						<string>(0.000000, 0.000000, 0.000000)</string>
						<string>(0.000000, 0.000000, 0.000000)</string>
						<string>(0.000000, 0.000000, 0.000000)</string>
						<string>(0.000000, 0.000000, 0.000000)</string>
						<string>(0.000000, 0.000000, 0.000000)</string>
						<string>(0.000000, 0.000000, 0.000000)</string>
						<string>(0.000000, 0.000000, 0.000000)</string>
						<string>(0.000000, 0.000000, 0.000000)</string>
						<string>(0.000000, 0.000000, 0.000000)</string>
						<string>(0.000000, 0.000000, 0.000000)</string>
						<string>(0.000000, 0.000000, 0.000000)</string>
						<string>(0.000000, 0.000000, 0.000000)</string>
						<string>(0.000000, 0.000000, 0.000000)</string>
						<string>(0.000000, 0.000000, 0.000000)</string>
						<string>(0.000000, 0.000000, 0.000000)</string>
						<string>(0.000000, 0.000000, 0.000000)</string>
						<string>(0.000000, 0.000000, 0.000000)</string>
						<string>(0.000000, 0.000000, 0.000000)</string>
						<string>(0.000000, 0.000000, 0.000000)</string>
						<string>(0.000000, 0.000000, 0.000000)</string>
						<string>(0.000000, 0.000000, 0.000000)</string>
						<string>(0.000000, 0.000000, 0.000000)</string>
						<string>(0.000000, 0.000000, 0.000000)</string>
						<string>(0.000000, 0.000000, 0.000000)</string>
						<string>(0.000000, 0.000000, 0.000000)</string>
						<string>(0.000000, 0.000000, 0.000000)</string>
						<string>(0.000000, 0.000000, 0.000000)</string>
						<string>(0.000000, 0.000000, 0.000000)</string>
						<string>(0.000000, 0.000000, 0.000000)</string>
						<string>(0.000000, 0.000000, 0.000000)</string>
						<string>(0.000000, 0.000000, 0.000000)</string>
						<string>(0.000000, 0.000000, 0.000000)</string>
						<string>(0.000000, 0.000000, 0.000000)</string>
						<string>(0.000000, 0.000000, 0.000000)</string>
						<string>(0.000000, 0.000000, 0.000000)</string>
						<string>(0.000000, 0.000000, 0.000000)</string>
						<string>(0.000000, 0.000000, 0.000000)</string>
						<string>(0.000000, 0.000000, 0.000000)</string>
						<string>(0.000000, 0.000000, 0.000000)</string>
						<string>(0.000000, 0.000000, 0.000000)</string>
						<string>(0.000000, 0.000000, 0.000000)</string>
						<string>(0.000000, 0.000000, 0.000000)</string>
					</array>
					<key>Point_px</key>
					<array>
						<string>(2197.250000, 3416.330078)</string>
						<string>(2234.560059, 3394.560059)</string>
						<string>(2247.000000, 3354.139893)</string>
						<string>(2253.219971, 3323.050049)</string>
						<string>(2253.219971, 3288.850098)</string>
						<string>(2250.110107, 3254.639893)</string>
						<string>(2240.790039, 3226.659912)</string>
						<string>(2234.570068, 3192.459961)</string>
						<string>(2265.659912, 3186.239990)</string>
						<string>(2296.750000, 3176.909912)</string>
						<string>(2330.959961, 3155.149902)</string>
						<string>(2362.050049, 3127.159912)</string>
						<string>(2393.139893, 3105.399902)</string>
						<string>(2430.459961, 3058.760010)</string>
						<string>(2455.330078, 3027.659912)</string>
						<string>(2473.989990, 3002.790039)</string>
						<string>(2495.750000, 2974.800049)</string>
						<string>(2533.060059, 2949.929932)</string>
						<string>(2579.699951, 2937.489990)</string>
						<string>(2626.340088, 2931.270020)</string>
						<string>(2663.659912, 2937.489990)</string>
						<string>(2707.179932, 2940.600098)</string>
						<string>(2725.840088, 2946.820068)</string>
						<string>(2763.149902, 2956.149902)</string>
						<string>(2788.030029, 2959.260010)</string>
						<string>(2831.560059, 2962.370117)</string>
						<string>(2865.760010, 2974.800049)</string>
						<string>(2881.310059, 2987.239990)</string>
						<string>(2893.750000, 3012.120117)</string>
						<string>(2918.620117, 3030.770020)</string>
						<string>(2952.820068, 3030.770020)</string>
						<string>(2983.919922, 3036.989990)</string>
						<string>(3015.010010, 3049.429932)</string>
						<string>(3049.209961, 3058.760010)</string>
						<string>(3080.310059, 3083.629883)</string>
						<string>(3108.290039, 3114.719971)</string>
						<string>(3114.510010, 3145.820068)</string>
						<string>(3120.729980, 3180.020020)</string>
						<string>(3120.729980, 3211.110107)</string>
						<string>(3120.729980, 3242.209961)</string>
						<string>(3111.399902, 3276.409912)</string>
						<string>(3098.959961, 3307.500000)</string>
						<string>(3083.419922, 3338.600098)</string>
						<string>(3070.979980, 3372.800049)</string>
						<string>(3055.429932, 3403.889893)</string>
						<string>(3033.669922, 3434.989990)</string>
						<string>(3002.570068, 3462.969971)</string>
						<string>(2968.370117, 3487.840088)</string>
						<string>(2937.280029, 3503.389893)</string>
						<string>(2906.179932, 3509.610107)</string>
						<string>(2884.419922, 3540.699951)</string>
						<string>(2878.199951, 3574.909912)</string>
						<string>(2847.110107, 3602.889893)</string>
						<string>(2812.899902, 3630.870117)</string>
						<string>(2781.810059, 3643.310059)</string>
						<string>(2753.830078, 3655.750000)</string>
						<string>(2716.510010, 3655.750000)</string>
						<string>(2682.310059, 3658.860107)</string>
						<string>(2651.219971, 3658.860107)</string>
						<string>(2620.120117, 3658.860107)</string>
						<string>(2585.919922, 3658.860107)</string>
						<string>(2554.830078, 3658.860107)</string>
						<string>(2523.739990, 3652.639893)</string>
						<string>(2492.639893, 3646.419922)</string>
						<string>(2461.550049, 3640.199951)</string>
						<string>(2427.350098, 3630.870117)</string>
						<string>(2399.360107, 3621.550049)</string>
						<string>(2365.159912, 3609.110107)</string>
						<string>(2330.959961, 3590.449951)</string>
						<string>(2299.860107, 3574.909912)</string>
						<string>(2268.770020, 3562.469971)</string>
						<string>(2231.459961, 3543.810059)</string>
						<string>(2215.909912, 3512.719971)</string>
						<string>(2206.580078, 3481.629883)</string>
						<string>(2203.469971, 3450.530029)</string>
					</array>
					<key>Total</key>
					<real>1495280896</real>
					<key>Type</key>
					<integer>15</integer>
				</dict>
				<dict>
					<key>Area</key>
					<real>0.0084525002166628838</real>
					<key>Center</key>
					<string>(0.000000, 0.000000, 0.000000)</string>
					<key>Dev</key>
					<real>436.30377197265625</real>
					<key>IndexInImage</key>
					<integer>1</integer>
					<key>Max</key>
					<real>2634</real>
					<key>Mean</key>
					<real>1557.4949951171875</real>
					<key>Min</key>
					<real>957</real>
					<key>Name</key>
					<string>Calcification</string>
					<key>NumberOfPoints</key>
					<integer>6</integer>
					<key>Point_mm</key>
					<array>
						<string>(0.000000, 0.000000, 0.000000)</string>
						<string>(0.000000, 0.000000, 0.000000)</string>
						<string>(0.000000, 0.000000, 0.000000)</string>
						<string>(0.000000, 0.000000, 0.000000)</string>
						<string>(0.000000, 0.000000, 0.000000)</string>
						<string>(0.000000, 0.000000, 0.000000)</string>
					</array>
					<key>Point_px</key>
					<array>
						<string>(1836.469971, 3350.489990)</string>
						<string>(1843.770020, 3347.760010)</string>
						<string>(1845.589966, 3354.600098)</string>
						<string>(1845.589966, 3361.899902)</string>
						<string>(1838.300049, 3366.000000)</string>
						<string>(1834.650024, 3359.159912)</string>
					</array>
					<key>Total</key>
					<real>311499</real>
					<key>Type</key>
					<integer>15</integer>
				</dict>
			</array>
		</dict>
	</array>
</dict>
</plist>
