<?xml version="1.0" encoding="UTF-8"?>
<!DOCTYPE plist PUBLIC "-//Apple//DTD PLIST 1.0//EN" "http://www.apple.com/DTDs/PropertyList-1.0.dtd">
<plist version="1.0">
<dict>
	<key>Images</key>
	<array>
		<dict>
			<key>ImageIndex</key>
			<integer>0</integer>
			<key>NumberOfROIs</key>
			<integer>1</integer>
			<key>ROIs</key>
			<array>
				<dict>
					<key>Area</key>
					<real>7.5984811782836914</real>
					<key>Center</key>
					<string>(0.000000, 0.000000, 0.000000)</string>
					<key>Dev</key>
					<real>0.0</real>
					<key>IndexInImage</key>
					<integer>0</integer>
					<key>Max</key>
					<real>0.0</real>
					<key>Mean</key>
					<real>0.0</real>
					<key>Min</key>
					<real>0.0</real>
					<key>Name</key>
					<string>Mass</string>
					<key>NumberOfPoints</key>
					<integer>79</integer>
					<key>Point_mm</key>
					<array>
						<string>(0.000000, 0.000000, 0.000000)</string>
						<string>(0.000000, 0.000000, 0.000000)</string>
						<string>(0.000000, 0.000000, 0.000000)</string>
						<string>(0.000000, 0.000000, 0.000000)</string>
						<string>(0.000000, 0.000000, 0.000000)</string>
						<string>(0.000000, 0.000000, 0.000000)</string>
						<string>(0.000000, 0.000000, 0.000000)</string>
						<string>(0.000000, 0.000000, 0.000000)</string>
						<string>(0.000000, 0.000000, 0.000000)</string>
						<string>(0.000000, 0.000000, 0.000000)</string>
						<string>(0.000000, 0.000000, 0.000000)</string>
						<string>(0.000000, 0.000000, 0.000000)</string>
						<string>(0.000000, 0.000000, 0.000000)</string>
						<string>(0.000000, 0.000000, 0.000000)</string>
						<string>(0.000000, 0.000000, 0.000000)</string>
						<string>(0.000000, 0.000000, 0.000000)</string>
						<string>(0.000000, 0.000000, 0.000000)</string>
						<string>(0.000000, 0.000000, 0.000000)</string>
						<string>(0.000000, 0.000000, 0.000000)</string>
						<string>(0.000000, 0.000000, 0.000000)</string>
						<string>(0.000000, 0.000000, 0.000000)</string>
						<string>(0.000000, 0.000000, 0.000000)</string>
						<string>(0.000000, 0.000000, 0.000000)</string>
						<string>(0.000000, 0.000000, 0.000000)</string>
						<string>(0.000000, 0.000000, 0.000000)</string>
						<string>(0.000000, 0.000000, 0.000000)</string>
						<string>(0.000000, 0.000000, 0.000000)</string>
						<string>(0.000000, 0.000000, 0.000000)</string>
						<string>(0.000000, 0.000000, 0.000000)</string>
						<string>(0.000000, 0.000000, 0.000000)</string>
						<string>(0.000000, 0.000000, 0.000000)</string>
						<string>(0.000000, 0.000000, 0.000000)</string>
						<string>(0.000000, 0.000000, 0.000000)</string>
						<string>(0.000000, 0.000000, 0.000000)</string>
						<string>(0.000000, 0.000000, 0.000000)</string>
						<string>(0.000000, 0.000000, 0.000000)</string>
						<string>(0.000000, 0.000000, 0.000000)</string>
						<string>(0.000000, 0.000000, 0.000000)</string>
						<string>(0.000000, 0.000000, 0.000000)</string>
						<string>(0.000000, 0.000000, 0.000000)</string>
						<string>(0.000000, 0.000000, 0.000000)</string>
						<string>(0.000000, 0.000000, 0.000000)</string>
						<string>(0.000000, 0.000000, 0.000000)</string>
						<string>(0.000000, 0.000000, 0.000000)</string>
						<string>(0.000000, 0.000000, 0.000000)</string>
						<string>(0.000000, 0.000000, 0.000000)</string>
						<string>(0.000000, 0.000000, 0.000000)</string>
						<string>(0.000000, 0.000000, 0.000000)</string>
						<string>(0.000000, 0.000000, 0.000000)</string>
						<string>(0.000000, 0.000000, 0.000000)</string>
						<string>(0.000000, 0.000000, 0.000000)</string>
						<string>(0.000000, 0.000000, 0.000000)</string>
						<string>(0.000000, 0.000000, 0.000000)</string>
						<string>(0.000000, 0.000000, 0.000000)</string>
						<string>(0.000000, 0.000000, 0.000000)</string>
						<string>(0.000000, 0.000000, 0.000000)</string>
						<string>(0.000000, 0.000000, 0.000000)</string>
						<string>(0.000000, 0.000000, 0.000000)</string>
						<string>(0.000000, 0.000000, 0.000000)</string>
						<string>(0.000000, 0.000000, 0.000000)</string>
						<string>(0.000000, 0.000000, 0.000000)</string>
						<string>(0.000000, 0.000000, 0.000000)</string>
						<string>(0.000000, 0.000000, 0.000000)</string>
						<string>(0.000000, 0.000000, 0.000000)</string>
						<string>(0.000000, 0.000000, 0.000000)</string>
						<string>(0.000000, 0.000000, 0.000000)</string>
						<string>(0.000000, 0.000000, 0.000000)</string>
						<string>(0.000000, 0.000000, 0.000000)</string>
						<string>(0.000000, 0.000000, 0.000000)</string>
						<string>(0.000000, 0.000000, 0.000000)</string>
						<string>(0.000000, 0.000000, 0.000000)</string>
						<string>(0.000000, 0.000000, 0.000000)</string>
						<string>(0.000000, 0.000000, 0.000000)</string>
						<string>(0.000000, 0.000000, 0.000000)</string>
						<string>(0.000000, 0.000000, 0.000000)</string>
						<string>(0.000000, 0.000000, 0.000000)</string>
						<string>(0.000000, 0.000000, 0.000000)</string>
						<string>(0.000000, 0.000000, 0.000000)</string>
						<string>(0.000000, 0.000000, 0.000000)</string>
					</array>
					<key>Point_px</key>
					<array>
						<string>(92.037102, 1912.719971)</string>
						<string>(74.749001, 1900.150024)</string>
						<string>(62.175800, 1884.430054)</string>
						<string>(57.460899, 1867.150024)</string>
						<string>(52.745800, 1851.430054)</string>
						<string>(48.030998, 1834.140015)</string>
						<string>(46.459202, 1818.430054)</string>
						<string>(44.887699, 1801.140015)</string>
						<string>(44.887699, 1785.420044)</string>
						<string>(44.887699, 1758.699951)</string>
						<string>(44.887699, 1742.989990)</string>
						<string>(55.889198, 1725.699951)</string>
						<string>(66.890701, 1709.979980)</string>
						<string>(84.179001, 1694.270020)</string>
						<string>(101.467003, 1686.410034)</string>
						<string>(117.183998, 1686.410034)</string>
						<string>(132.899994, 1686.410034)</string>
						<string>(147.044998, 1670.689941)</string>
						<string>(162.761002, 1654.969971)</string>
						<string>(180.050003, 1651.829956)</string>
						<string>(195.766006, 1647.119995)</string>
						<string>(213.054001, 1642.400024)</string>
						<string>(228.770996, 1640.829956)</string>
						<string>(246.059006, 1640.829956)</string>
						<string>(261.774994, 1637.689941)</string>
						<string>(279.062988, 1636.109985)</string>
						<string>(294.779999, 1636.109985)</string>
						<string>(312.067993, 1639.260010)</string>
						<string>(327.785004, 1640.829956)</string>
						<string>(345.072998, 1643.969971)</string>
						<string>(360.789001, 1648.689941)</string>
						<string>(378.076996, 1654.969971)</string>
						<string>(395.365997, 1664.400024)</string>
						<string>(414.225006, 1673.829956)</string>
						<string>(431.514008, 1683.260010)</string>
						<string>(448.802002, 1694.270020)</string>
						<string>(462.946991, 1711.550049)</string>
						<string>(470.804993, 1727.270020)</string>
						<string>(475.519989, 1744.560059)</string>
						<string>(478.662994, 1760.270020)</string>
						<string>(483.377991, 1777.560059)</string>
						<string>(486.520996, 1793.280029)</string>
						<string>(492.808014, 1809.000000)</string>
						<string>(499.093994, 1826.280029)</string>
						<string>(506.953003, 1842.000000)</string>
						<string>(522.669006, 1870.290039)</string>
						<string>(530.526978, 1892.290039)</string>
						<string>(527.383972, 1903.290039)</string>
						<string>(527.383972, 1919.010010)</string>
						<string>(527.383972, 1936.300049)</string>
						<string>(517.953979, 1952.020020)</string>
						<string>(506.953003, 1969.300049)</string>
						<string>(497.523010, 1985.020020)</string>
						<string>(492.808014, 2002.310059)</string>
						<string>(492.808014, 2018.020020)</string>
						<string>(475.519989, 2025.880005)</string>
						<string>(459.803009, 2018.020020)</string>
						<string>(442.515015, 2029.030029)</string>
						<string>(425.226990, 2040.030029)</string>
						<string>(404.795990, 2040.030029)</string>
						<string>(389.079010, 2038.459961)</string>
						<string>(371.790985, 2040.030029)</string>
						<string>(356.074005, 2044.739990)</string>
						<string>(338.786011, 2052.600098)</string>
						<string>(318.355011, 2055.739990)</string>
						<string>(302.638000, 2065.169922)</string>
						<string>(283.778015, 2066.750000)</string>
						<string>(263.346985, 2068.320068)</string>
						<string>(242.916000, 2062.030029)</string>
						<string>(225.626999, 2046.310059)</string>
						<string>(216.197998, 2029.030029)</string>
						<string>(208.339005, 2011.739990)</string>
						<string>(200.481003, 1996.020020)</string>
						<string>(183.192993, 1988.160034)</string>
						<string>(165.904999, 1981.880005)</string>
						<string>(150.188004, 1970.880005)</string>
						<string>(134.472000, 1959.869995)</string>
						<string>(120.327003, 1941.010010)</string>
						<string>(109.324997, 1925.300049)</string>
					</array>
					<key>Total</key>
					<real>0.0</real>
					<key>Type</key>
					<integer>15</integer>
				</dict>
			</array>
		</dict>
	</array>
</dict>
</plist>
