<?xml version="1.0" encoding="UTF-8"?>
<!DOCTYPE plist PUBLIC "-//Apple//DTD PLIST 1.0//EN" "http://www.apple.com/DTDs/PropertyList-1.0.dtd">
<plist version="1.0">
<dict>
	<key>Images</key>
	<array>
		<dict>
			<key>ImageIndex</key>
			<integer>0</integer>
			<key>NumberOfROIs</key>
			<integer>2</integer>
			<key>ROIs</key>
			<array>
				<dict>
					<key>Area</key>
					<real>36.828338623046875</real>
					<key>Center</key>
					<string>(0.000000, 0.000000, 0.000000)</string>
					<key>Dev</key>
					<real>349.76138305664062</real>
					<key>IndexInImage</key>
					<integer>0</integer>
					<key>Max</key>
					<real>3679</real>
					<key>Mean</key>
					<real>2695.05712890625</real>
					<key>Min</key>
					<real>1016</real>
					<key>Name</key>
					<string>Mass</string>
					<key>NumberOfPoints</key>
					<integer>142</integer>
					<key>Point_mm</key>
					<array>
						<string>(0.000000, 0.000000, 0.000000)</string>
						<string>(0.000000, 0.000000, 0.000000)</string>
						<string>(0.000000, 0.000000, 0.000000)</string>
						<string>(0.000000, 0.000000, 0.000000)</string>
						<string>(0.000000, 0.000000, 0.000000)</string>
						<string>(0.000000, 0.000000, 0.000000)</string>
						<string>(0.000000, 0.000000, 0.000000)</string>
						<string>(0.000000, 0.000000, 0.000000)</string>
						<string>(0.000000, 0.000000, 0.000000)</string>
						<string>(0.000000, 0.000000, 0.000000)</string>
						<string>(0.000000, 0.000000, 0.000000)</string>
						<string>(0.000000, 0.000000, 0.000000)</string>
						<string>(0.000000, 0.000000, 0.000000)</string>
						<string>(0.000000, 0.000000, 0.000000)</string>
						<string>(0.000000, 0.000000, 0.000000)</string>
						<string>(0.000000, 0.000000, 0.000000)</string>
						<string>(0.000000, 0.000000, 0.000000)</string>
						<string>(0.000000, 0.000000, 0.000000)</string>
						<string>(0.000000, 0.000000, 0.000000)</string>
						<string>(0.000000, 0.000000, 0.000000)</string>
						<string>(0.000000, 0.000000, 0.000000)</string>
						<string>(0.000000, 0.000000, 0.000000)</string>
						<string>(0.000000, 0.000000, 0.000000)</string>
						<string>(0.000000, 0.000000, 0.000000)</string>
						<string>(0.000000, 0.000000, 0.000000)</string>
						<string>(0.000000, 0.000000, 0.000000)</string>
						<string>(0.000000, 0.000000, 0.000000)</string>
						<string>(0.000000, 0.000000, 0.000000)</string>
						<string>(0.000000, 0.000000, 0.000000)</string>
						<string>(0.000000, 0.000000, 0.000000)</string>
						<string>(0.000000, 0.000000, 0.000000)</string>
						<string>(0.000000, 0.000000, 0.000000)</string>
						<string>(0.000000, 0.000000, 0.000000)</string>
						<string>(0.000000, 0.000000, 0.000000)</string>
						<string>(0.000000, 0.000000, 0.000000)</string>
						<string>(0.000000, 0.000000, 0.000000)</string>
						<string>(0.000000, 0.000000, 0.000000)</string>
						<string>(0.000000, 0.000000, 0.000000)</string>
						<string>(0.000000, 0.000000, 0.000000)</string>
						<string>(0.000000, 0.000000, 0.000000)</string>
						<string>(0.000000, 0.000000, 0.000000)</string>
						<string>(0.000000, 0.000000, 0.000000)</string>
						<string>(0.000000, 0.000000, 0.000000)</string>
						<string>(0.000000, 0.000000, 0.000000)</string>
						<string>(0.000000, 0.000000, 0.000000)</string>
						<string>(0.000000, 0.000000, 0.000000)</string>
						<string>(0.000000, 0.000000, 0.000000)</string>
						<string>(0.000000, 0.000000, 0.000000)</string>
						<string>(0.000000, 0.000000, 0.000000)</string>
						<string>(0.000000, 0.000000, 0.000000)</string>
						<string>(0.000000, 0.000000, 0.000000)</string>
						<string>(0.000000, 0.000000, 0.000000)</string>
						<string>(0.000000, 0.000000, 0.000000)</string>
						<string>(0.000000, 0.000000, 0.000000)</string>
						<string>(0.000000, 0.000000, 0.000000)</string>
						<string>(0.000000, 0.000000, 0.000000)</string>
						<string>(0.000000, 0.000000, 0.000000)</string>
						<string>(0.000000, 0.000000, 0.000000)</string>
						<string>(0.000000, 0.000000, 0.000000)</string>
						<string>(0.000000, 0.000000, 0.000000)</string>
						<string>(0.000000, 0.000000, 0.000000)</string>
						<string>(0.000000, 0.000000, 0.000000)</string>
						<string>(0.000000, 0.000000, 0.000000)</string>
						<string>(0.000000, 0.000000, 0.000000)</string>
						<string>(0.000000, 0.000000, 0.000000)</string>
						<string>(0.000000, 0.000000, 0.000000)</string>
						<string>(0.000000, 0.000000, 0.000000)</string>
						<string>(0.000000, 0.000000, 0.000000)</string>
						<string>(0.000000, 0.000000, 0.000000)</string>
						<string>(0.000000, 0.000000, 0.000000)</string>
						<string>(0.000000, 0.000000, 0.000000)</string>
						<string>(0.000000, 0.000000, 0.000000)</string>
						<string>(0.000000, 0.000000, 0.000000)</string>
						<string>(0.000000, 0.000000, 0.000000)</string>
						<string>(0.000000, 0.000000, 0.000000)</string>
						<string>(0.000000, 0.000000, 0.000000)</string>
						<string>(0.000000, 0.000000, 0.000000)</string>
						<string>(0.000000, 0.000000, 0.000000)</string>
						<string>(0.000000, 0.000000, 0.000000)</string>
						<string>(0.000000, 0.000000, 0.000000)</string>
						<string>(0.000000, 0.000000, 0.000000)</string>
						<string>(0.000000, 0.000000, 0.000000)</string>
						<string>(0.000000, 0.000000, 0.000000)</string>
						<string>(0.000000, 0.000000, 0.000000)</string>
						<string>(0.000000, 0.000000, 0.000000)</string>
						<string>(0.000000, 0.000000, 0.000000)</string>
						<string>(0.000000, 0.000000, 0.000000)</string>
						<string>(0.000000, 0.000000, 0.000000)</string>
						<string>(0.000000, 0.000000, 0.000000)</string>
						<string>(0.000000, 0.000000, 0.000000)</string>
						<string>(0.000000, 0.000000, 0.000000)</string>
						<string>(0.000000, 0.000000, 0.000000)</string>
						<string>(0.000000, 0.000000, 0.000000)</string>
						<string>(0.000000, 0.000000, 0.000000)</string>
						<string>(0.000000, 0.000000, 0.000000)</string>
						<string>(0.000000, 0.000000, 0.000000)</string>
						<string>(0.000000, 0.000000, 0.000000)</string>
						<string>(0.000000, 0.000000, 0.000000)</string>
						<string>(0.000000, 0.000000, 0.000000)</string>
						<string>(0.000000, 0.000000, 0.000000)</string>
						<string>(0.000000, 0.000000, 0.000000)</string>
						<string>(0.000000, 0.000000, 0.000000)</string>
						<string>(0.000000, 0.000000, 0.000000)</string>
						<string>(0.000000, 0.000000, 0.000000)</string>
						<string>(0.000000, 0.000000, 0.000000)</string>
						<string>(0.000000, 0.000000, 0.000000)</string>
						<string>(0.000000, 0.000000, 0.000000)</string>
						<string>(0.000000, 0.000000, 0.000000)</string>
						<string>(0.000000, 0.000000, 0.000000)</string>
						<string>(0.000000, 0.000000, 0.000000)</string>
						<string>(0.000000, 0.000000, 0.000000)</string>
						<string>(0.000000, 0.000000, 0.000000)</string>
						<string>(0.000000, 0.000000, 0.000000)</string>
						<string>(0.000000, 0.000000, 0.000000)</string>
						<string>(0.000000, 0.000000, 0.000000)</string>
						<string>(0.000000, 0.000000, 0.000000)</string>
						<string>(0.000000, 0.000000, 0.000000)</string>
						<string>(0.000000, 0.000000, 0.000000)</string>
						<string>(0.000000, 0.000000, 0.000000)</string>
						<string>(0.000000, 0.000000, 0.000000)</string>
						<string>(0.000000, 0.000000, 0.000000)</string>
						<string>(0.000000, 0.000000, 0.000000)</string>
						<string>(0.000000, 0.000000, 0.000000)</string>
						<string>(0.000000, 0.000000, 0.000000)</string>
						<string>(0.000000, 0.000000, 0.000000)</string>
						<string>(0.000000, 0.000000, 0.000000)</string>
						<string>(0.000000, 0.000000, 0.000000)</string>
						<string>(0.000000, 0.000000, 0.000000)</string>
						<string>(0.000000, 0.000000, 0.000000)</string>
						<string>(0.000000, 0.000000, 0.000000)</string>
						<string>(0.000000, 0.000000, 0.000000)</string>
						<string>(0.000000, 0.000000, 0.000000)</string>
						<string>(0.000000, 0.000000, 0.000000)</string>
						<string>(0.000000, 0.000000, 0.000000)</string>
						<string>(0.000000, 0.000000, 0.000000)</string>
						<string>(0.000000, 0.000000, 0.000000)</string>
						<string>(0.000000, 0.000000, 0.000000)</string>
						<string>(0.000000, 0.000000, 0.000000)</string>
						<string>(0.000000, 0.000000, 0.000000)</string>
						<string>(0.000000, 0.000000, 0.000000)</string>
						<string>(0.000000, 0.000000, 0.000000)</string>
						<string>(0.000000, 0.000000, 0.000000)</string>
					</array>
					<key>Point_px</key>
					<array>
						<string>(3326.459961, 2475.090088)</string>
						<string>(3327.540039, 2453.060059)</string>
						<string>(3327.270020, 2429.290039)</string>
						<string>(3327.270020, 2408.830078)</string>
						<string>(3327.270020, 2386.310059)</string>
						<string>(3327.270020, 2365.840088)</string>
						<string>(3327.540039, 2343.229980)</string>
						<string>(3327.179932, 2322.280029)</string>
						<string>(3327.270020, 2300.350098)</string>
						<string>(3327.270020, 2279.879883)</string>
						<string>(3325.219971, 2257.370117)</string>
						<string>(3323.169922, 2234.850098)</string>
						<string>(3323.169922, 2212.340088)</string>
						<string>(3323.169922, 2189.820068)</string>
						<string>(3323.169922, 2169.360107)</string>
						<string>(3325.219971, 2146.840088)</string>
						<string>(3325.219971, 2126.370117)</string>
						<string>(3323.169922, 2103.860107)</string>
						<string>(3317.030029, 2079.300049)</string>
						<string>(3292.469971, 2079.300049)</string>
						<string>(3308.850098, 2048.600098)</string>
						<string>(3290.429932, 2030.180054)</string>
						<string>(3300.659912, 2007.660034)</string>
						<string>(3284.290039, 1983.099976)</string>
						<string>(3255.629883, 1956.489990)</string>
						<string>(3235.159912, 1940.119995)</string>
						<string>(3216.739990, 1917.599976)</string>
						<string>(3194.229980, 1905.319946)</string>
						<string>(3173.760010, 1905.319946)</string>
						<string>(3157.389893, 1882.810059)</string>
						<string>(3134.870117, 1862.339966)</string>
						<string>(3112.360107, 1860.300049)</string>
						<string>(3085.750000, 1843.920044)</string>
						<string>(3081.659912, 1817.310059)</string>
						<string>(3079.610107, 1802.989990)</string>
						<string>(3067.330078, 1776.380005)</string>
						<string>(3046.860107, 1772.280029)</string>
						<string>(3024.350098, 1770.239990)</string>
						<string>(3003.879883, 1774.329956)</string>
						<string>(2981.370117, 1778.430054)</string>
						<string>(2960.899902, 1778.430054)</string>
						<string>(2938.379883, 1780.469971)</string>
						<string>(2917.919922, 1780.469971)</string>
						<string>(2895.399902, 1780.469971)</string>
						<string>(2874.929932, 1796.849976)</string>
						<string>(2852.419922, 1802.989990)</string>
						<string>(2831.949951, 1811.170044)</string>
						<string>(2809.439941, 1825.500000)</string>
						<string>(2788.969971, 1831.640015)</string>
						<string>(2766.459961, 1825.500000)</string>
						<string>(2745.989990, 1819.359985)</string>
						<string>(2727.570068, 1825.500000)</string>
						<string>(2703.010010, 1813.219971)</string>
						<string>(2680.489990, 1813.219971)</string>
						<string>(2657.979980, 1821.410034)</string>
						<string>(2635.459961, 1829.589966)</string>
						<string>(2612.949951, 1833.689941)</string>
						<string>(2592.479980, 1835.729980)</string>
						<string>(2569.969971, 1839.829956)</string>
						<string>(2549.500000, 1845.969971)</string>
						<string>(2526.989990, 1854.160034)</string>
						<string>(2506.520020, 1860.300049)</string>
						<string>(2484.000000, 1868.479980)</string>
						<string>(2463.540039, 1878.719971)</string>
						<string>(2441.020020, 1888.949951)</string>
						<string>(2418.510010, 1888.949951)</string>
						<string>(2395.989990, 1893.040039)</string>
						<string>(2385.760010, 1915.560059)</string>
						<string>(2387.810059, 1936.030029)</string>
						<string>(2398.040039, 1958.540039)</string>
						<string>(2402.129883, 1979.010010)</string>
						<string>(2406.229980, 2001.520020)</string>
						<string>(2406.229980, 2034.270020)</string>
						<string>(2412.370117, 2056.780029)</string>
						<string>(2408.270020, 2079.300049)</string>
						<string>(2404.179932, 2099.770020)</string>
						<string>(2402.129883, 2122.280029)</string>
						<string>(2400.090088, 2142.750000)</string>
						<string>(2395.989990, 2165.260010)</string>
						<string>(2395.989990, 2185.729980)</string>
						<string>(2373.479980, 2204.149902)</string>
						<string>(2369.389893, 2224.620117)</string>
						<string>(2363.250000, 2247.129883)</string>
						<string>(2375.530029, 2269.649902)</string>
						<string>(2367.340088, 2296.260010)</string>
						<string>(2355.060059, 2314.679932)</string>
						<string>(2355.060059, 2335.139893)</string>
						<string>(2350.959961, 2357.659912)</string>
						<string>(2357.100098, 2378.129883)</string>
						<string>(2365.290039, 2400.639893)</string>
						<string>(2375.530029, 2421.110107)</string>
						<string>(2381.669922, 2443.620117)</string>
						<string>(2404.179932, 2457.949951)</string>
						<string>(2424.649902, 2470.229980)</string>
						<string>(2447.159912, 2476.370117)</string>
						<string>(2461.489990, 2490.699951)</string>
						<string>(2467.629883, 2515.260010)</string>
						<string>(2477.860107, 2545.959961)</string>
						<string>(2492.189941, 2572.570068)</string>
						<string>(2510.610107, 2609.409912)</string>
						<string>(2533.129883, 2619.639893)</string>
						<string>(2553.590088, 2627.830078)</string>
						<string>(2576.110107, 2636.020020)</string>
						<string>(2596.580078, 2646.250000)</string>
						<string>(2619.090088, 2662.620117)</string>
						<string>(2639.560059, 2676.949951)</string>
						<string>(2662.070068, 2691.280029)</string>
						<string>(2682.540039, 2699.469971)</string>
						<string>(2705.050049, 2713.790039)</string>
						<string>(2725.520020, 2719.929932)</string>
						<string>(2748.040039, 2721.979980)</string>
						<string>(2776.689941, 2724.030029)</string>
						<string>(2786.919922, 2721.979980)</string>
						<string>(2811.489990, 2736.310059)</string>
						<string>(2834.000000, 2740.399902)</string>
						<string>(2854.469971, 2724.030029)</string>
						<string>(2879.030029, 2750.639893)</string>
						<string>(2901.540039, 2754.729980)</string>
						<string>(2922.010010, 2750.639893)</string>
						<string>(2944.520020, 2748.590088)</string>
						<string>(2964.989990, 2748.590088)</string>
						<string>(2987.510010, 2740.399902)</string>
						<string>(3007.969971, 2738.350098)</string>
						<string>(3030.489990, 2732.209961)</string>
						<string>(3042.770020, 2709.699951)</string>
						<string>(3026.389893, 2687.189941)</string>
						<string>(3048.909912, 2668.770020)</string>
						<string>(3071.419922, 2654.439941)</string>
						<string>(3091.889893, 2638.060059)</string>
						<string>(3106.219971, 2615.550049)</string>
						<string>(3126.689941, 2597.129883)</string>
						<string>(3149.199951, 2603.270020)</string>
						<string>(3169.669922, 2609.409912)</string>
						<string>(3192.179932, 2623.739990)</string>
						<string>(3212.649902, 2623.739990)</string>
						<string>(3235.159912, 2617.600098)</string>
						<string>(3249.489990, 2580.750000)</string>
						<string>(3272.010010, 2566.429932)</string>
						<string>(3286.330078, 2550.050049)</string>
						<string>(3304.750000, 2539.820068)</string>
						<string>(3310.889893, 2517.300049)</string>
						<string>(3319.080078, 2494.790039)</string>
					</array>
					<key>Total</key>
					<real>2028779776</real>
					<key>Type</key>
					<integer>15</integer>
				</dict>
				<dict>
					<key>Area</key>
					<real>0.010547250509262085</real>
					<key>Center</key>
					<string>(0.000000, 0.000000, 0.000000)</string>
					<key>Dev</key>
					<real>473.61837768554688</real>
					<key>IndexInImage</key>
					<integer>1</integer>
					<key>Max</key>
					<real>2961</real>
					<key>Mean</key>
					<real>1493.2125244140625</real>
					<key>Min</key>
					<real>875</real>
					<key>Name</key>
					<string>Calcification</string>
					<key>NumberOfPoints</key>
					<integer>13</integer>
					<key>Point_mm</key>
					<array>
						<string>(0.000000, 0.000000, 0.000000)</string>
						<string>(0.000000, 0.000000, 0.000000)</string>
						<string>(0.000000, 0.000000, 0.000000)</string>
						<string>(0.000000, 0.000000, 0.000000)</string>
						<string>(0.000000, 0.000000, 0.000000)</string>
						<string>(0.000000, 0.000000, 0.000000)</string>
						<string>(0.000000, 0.000000, 0.000000)</string>
						<string>(0.000000, 0.000000, 0.000000)</string>
						<string>(0.000000, 0.000000, 0.000000)</string>
						<string>(0.000000, 0.000000, 0.000000)</string>
						<string>(0.000000, 0.000000, 0.000000)</string>
						<string>(0.000000, 0.000000, 0.000000)</string>
						<string>(0.000000, 0.000000, 0.000000)</string>
					</array>
					<key>Point_px</key>
					<array>
						<string>(2012.219971, 2186.320068)</string>
						<string>(2014.839966, 2184.169922)</string>
						<string>(2018.890015, 2183.689941)</string>
						<string>(2023.420044, 2184.889893)</string>
						<string>(2025.329956, 2188.219971)</string>
						<string>(2025.089966, 2192.989990)</string>
						<string>(2024.130005, 2197.520020)</string>
						<string>(2021.989990, 2199.429932)</string>
						<string>(2018.650024, 2200.379883)</string>
						<string>(2014.839966, 2199.429932)</string>
						<string>(2011.739990, 2197.760010)</string>
						<string>(2009.829956, 2194.659912)</string>
						<string>(2009.589966, 2191.080078)</string>
					</array>
					<key>Total</key>
					<real>358371</real>
					<key>Type</key>
					<integer>15</integer>
				</dict>
			</array>
		</dict>
	</array>
</dict>
</plist>
