<?xml version="1.0" encoding="UTF-8"?>
<!DOCTYPE plist PUBLIC "-//Apple//DTD PLIST 1.0//EN" "http://www.apple.com/DTDs/PropertyList-1.0.dtd">
<plist version="1.0">
<dict>
	<key>Images</key>
	<array>
		<dict>
			<key>ImageIndex</key>
			<integer>0</integer>
			<key>NumberOfROIs</key>
			<integer>6</integer>
			<key>ROIs</key>
			<array>
				<dict>
					<key>Area</key>
					<real>0.0</real>
					<key>Center</key>
					<string>(0.000000, 0.000000, 0.000000)</string>
					<key>Dev</key>
					<real>0.0</real>
					<key>IndexInImage</key>
					<integer>0</integer>
					<key>Max</key>
					<real>1729</real>
					<key>Mean</key>
					<real>1729</real>
					<key>Min</key>
					<real>1729</real>
					<key>Name</key>
					<string>Calcification</string>
					<key>NumberOfPoints</key>
					<integer>1</integer>
					<key>Point_mm</key>
					<array>
						<string>(0.000000, 0.000000, 0.000000)</string>
					</array>
					<key>Point_px</key>
					<array>
						<string>(1668.750000, 773.205994)</string>
					</array>
					<key>Total</key>
					<real>1729</real>
					<key>Type</key>
					<integer>19</integer>
				</dict>
				<dict>
					<key>Area</key>
					<real>0.0</real>
					<key>Center</key>
					<string>(0.000000, 0.000000, 0.000000)</string>
					<key>Dev</key>
					<real>0.0</real>
					<key>IndexInImage</key>
					<integer>1</integer>
					<key>Max</key>
					<real>1492</real>
					<key>Mean</key>
					<real>1492</real>
					<key>Min</key>
					<real>1492</real>
					<key>Name</key>
					<string>Calcification</string>
					<key>NumberOfPoints</key>
					<integer>1</integer>
					<key>Point_mm</key>
					<array>
						<string>(0.000000, 0.000000, 0.000000)</string>
					</array>
					<key>Point_px</key>
					<array>
						<string>(1381.630005, 1209.109985)</string>
					</array>
					<key>Total</key>
					<real>1492</real>
					<key>Type</key>
					<integer>19</integer>
				</dict>
				<dict>
					<key>Area</key>
					<real>0.0</real>
					<key>Center</key>
					<string>(0.000000, 0.000000, 0.000000)</string>
					<key>Dev</key>
					<real>0.0</real>
					<key>IndexInImage</key>
					<integer>2</integer>
					<key>Max</key>
					<real>1062</real>
					<key>Mean</key>
					<real>1062</real>
					<key>Min</key>
					<real>1062</real>
					<key>Name</key>
					<string>Calcification</string>
					<key>NumberOfPoints</key>
					<integer>1</integer>
					<key>Point_mm</key>
					<array>
						<string>(0.000000, 0.000000, 0.000000)</string>
					</array>
					<key>Point_px</key>
					<array>
						<string>(1682.815186, 603.283325)</string>
					</array>
					<key>Total</key>
					<real>1062</real>
					<key>Type</key>
					<integer>19</integer>
				</dict>
				<dict>
					<key>Area</key>
					<real>0.0062107499688863754</real>
					<key>Center</key>
					<string>(0.000000, 0.000000, 0.000000)</string>
					<key>Dev</key>
					<real>302.86508178710938</real>
					<key>IndexInImage</key>
					<integer>3</integer>
					<key>Max</key>
					<real>2549</real>
					<key>Mean</key>
					<real>1871.0072021484375</real>
					<key>Min</key>
					<real>1287</real>
					<key>Name</key>
					<string>Calcification</string>
					<key>NumberOfPoints</key>
					<integer>14</integer>
					<key>Point_mm</key>
					<array>
						<string>(0.000000, 0.000000, 0.000000)</string>
						<string>(0.000000, 0.000000, 0.000000)</string>
						<string>(0.000000, 0.000000, 0.000000)</string>
						<string>(0.000000, 0.000000, 0.000000)</string>
						<string>(0.000000, 0.000000, 0.000000)</string>
						<string>(0.000000, 0.000000, 0.000000)</string>
						<string>(0.000000, 0.000000, 0.000000)</string>
						<string>(0.000000, 0.000000, 0.000000)</string>
						<string>(0.000000, 0.000000, 0.000000)</string>
						<string>(0.000000, 0.000000, 0.000000)</string>
						<string>(0.000000, 0.000000, 0.000000)</string>
						<string>(0.000000, 0.000000, 0.000000)</string>
						<string>(0.000000, 0.000000, 0.000000)</string>
						<string>(0.000000, 0.000000, 0.000000)</string>
					</array>
					<key>Point_px</key>
					<array>
						<string>(1982.900024, 1172.439941)</string>
						<string>(1981.329956, 1168.119995)</string>
						<string>(1982.900024, 1164.199951)</string>
						<string>(1986.819946, 1160.670044)</string>
						<string>(1990.750000, 1157.930054)</string>
						<string>(1995.060059, 1154.390015)</string>
						<string>(1997.810059, 1150.469971)</string>
						<string>(2001.729980, 1148.119995)</string>
						<string>(2002.520020, 1152.430054)</string>
						<string>(2000.160034, 1156.750000)</string>
						<string>(1996.239990, 1159.099976)</string>
						<string>(1991.920044, 1161.849976)</string>
						<string>(1987.609985, 1164.989990)</string>
						<string>(1984.079956, 1168.910034)</string>
					</array>
					<key>Total</key>
					<real>258199</real>
					<key>Type</key>
					<integer>15</integer>
				</dict>
				<dict>
					<key>Area</key>
					<real>0.0031727501191198826</real>
					<key>Center</key>
					<string>(0.000000, 0.000000, 0.000000)</string>
					<key>Dev</key>
					<real>421.18438720703125</real>
					<key>IndexInImage</key>
					<integer>4</integer>
					<key>Max</key>
					<real>3353</real>
					<key>Mean</key>
					<real>2586.97705078125</real>
					<key>Min</key>
					<real>1791</real>
					<key>Name</key>
					<string>Calcification</string>
					<key>NumberOfPoints</key>
					<integer>7</integer>
					<key>Point_mm</key>
					<array>
						<string>(0.000000, 0.000000, 0.000000)</string>
						<string>(0.000000, 0.000000, 0.000000)</string>
						<string>(0.000000, 0.000000, 0.000000)</string>
						<string>(0.000000, 0.000000, 0.000000)</string>
						<string>(0.000000, 0.000000, 0.000000)</string>
						<string>(0.000000, 0.000000, 0.000000)</string>
						<string>(0.000000, 0.000000, 0.000000)</string>
					</array>
					<key>Point_px</key>
					<array>
						<string>(1935.829956, 1211.280029)</string>
						<string>(1939.359985, 1210.880005)</string>
						<string>(1946.030029, 1208.920044)</string>
						<string>(1944.849976, 1206.180054)</string>
						<string>(1946.030029, 1202.250000)</string>
						<string>(1941.709961, 1202.250000)</string>
						<string>(1938.180054, 1206.180054)</string>
					</array>
					<key>Total</key>
					<real>225067</real>
					<key>Type</key>
					<integer>15</integer>
				</dict>
				<dict>
					<key>Area</key>
					<real>0.0</real>
					<key>Center</key>
					<string>(0.000000, 0.000000, 0.000000)</string>
					<key>Dev</key>
					<real>0.0</real>
					<key>IndexInImage</key>
					<integer>5</integer>
					<key>Max</key>
					<real>1311</real>
					<key>Mean</key>
					<real>1311</real>
					<key>Min</key>
					<real>1311</real>
					<key>Name</key>
					<string>Calcification</string>
					<key>NumberOfPoints</key>
					<integer>1</integer>
					<key>Point_mm</key>
					<array>
						<string>(0.000000, 0.000000, 0.000000)</string>
					</array>
					<key>Point_px</key>
					<array>
						<string>(1269.250000, 2052.760010)</string>
					</array>
					<key>Total</key>
					<real>1311</real>
					<key>Type</key>
					<integer>19</integer>
				</dict>
			</array>
		</dict>
	</array>
</dict>
</plist>
