<?xml version="1.0" encoding="UTF-8"?>
<!DOCTYPE plist PUBLIC "-//Apple//DTD PLIST 1.0//EN" "http://www.apple.com/DTDs/PropertyList-1.0.dtd">
<plist version="1.0">
<dict>
	<key>Images</key>
	<array>
		<dict>
			<key>ImageIndex</key>
			<integer>0</integer>
			<key>NumberOfROIs</key>
			<integer>4</integer>
			<key>ROIs</key>
			<array>
				<dict>
					<key>Area</key>
					<real>6.0446105003356934</real>
					<key>Center</key>
					<string>(0.000000, 0.000000, 0.000000)</string>
					<key>Dev</key>
					<real>219.78335571289062</real>
					<key>IndexInImage</key>
					<integer>0</integer>
					<key>Max</key>
					<real>2444</real>
					<key>Mean</key>
					<real>1903.0491943359375</real>
					<key>Min</key>
					<real>1283</real>
					<key>Name</key>
					<string>Mass</string>
					<key>NumberOfPoints</key>
					<integer>114</integer>
					<key>Point_mm</key>
					<array>
						<string>(0.000000, 0.000000, 0.000000)</string>
						<string>(0.000000, 0.000000, 0.000000)</string>
						<string>(0.000000, 0.000000, 0.000000)</string>
						<string>(0.000000, 0.000000, 0.000000)</string>
						<string>(0.000000, 0.000000, 0.000000)</string>
						<string>(0.000000, 0.000000, 0.000000)</string>
						<string>(0.000000, 0.000000, 0.000000)</string>
						<string>(0.000000, 0.000000, 0.000000)</string>
						<string>(0.000000, 0.000000, 0.000000)</string>
						<string>(0.000000, 0.000000, 0.000000)</string>
						<string>(0.000000, 0.000000, 0.000000)</string>
						<string>(0.000000, 0.000000, 0.000000)</string>
						<string>(0.000000, 0.000000, 0.000000)</string>
						<string>(0.000000, 0.000000, 0.000000)</string>
						<string>(0.000000, 0.000000, 0.000000)</string>
						<string>(0.000000, 0.000000, 0.000000)</string>
						<string>(0.000000, 0.000000, 0.000000)</string>
						<string>(0.000000, 0.000000, 0.000000)</string>
						<string>(0.000000, 0.000000, 0.000000)</string>
						<string>(0.000000, 0.000000, 0.000000)</string>
						<string>(0.000000, 0.000000, 0.000000)</string>
						<string>(0.000000, 0.000000, 0.000000)</string>
						<string>(0.000000, 0.000000, 0.000000)</string>
						<string>(0.000000, 0.000000, 0.000000)</string>
						<string>(0.000000, 0.000000, 0.000000)</string>
						<string>(0.000000, 0.000000, 0.000000)</string>
						<string>(0.000000, 0.000000, 0.000000)</string>
						<string>(0.000000, 0.000000, 0.000000)</string>
						<string>(0.000000, 0.000000, 0.000000)</string>
						<string>(0.000000, 0.000000, 0.000000)</string>
						<string>(0.000000, 0.000000, 0.000000)</string>
						<string>(0.000000, 0.000000, 0.000000)</string>
						<string>(0.000000, 0.000000, 0.000000)</string>
						<string>(0.000000, 0.000000, 0.000000)</string>
						<string>(0.000000, 0.000000, 0.000000)</string>
						<string>(0.000000, 0.000000, 0.000000)</string>
						<string>(0.000000, 0.000000, 0.000000)</string>
						<string>(0.000000, 0.000000, 0.000000)</string>
						<string>(0.000000, 0.000000, 0.000000)</string>
						<string>(0.000000, 0.000000, 0.000000)</string>
						<string>(0.000000, 0.000000, 0.000000)</string>
						<string>(0.000000, 0.000000, 0.000000)</string>
						<string>(0.000000, 0.000000, 0.000000)</string>
						<string>(0.000000, 0.000000, 0.000000)</string>
						<string>(0.000000, 0.000000, 0.000000)</string>
						<string>(0.000000, 0.000000, 0.000000)</string>
						<string>(0.000000, 0.000000, 0.000000)</string>
						<string>(0.000000, 0.000000, 0.000000)</string>
						<string>(0.000000, 0.000000, 0.000000)</string>
						<string>(0.000000, 0.000000, 0.000000)</string>
						<string>(0.000000, 0.000000, 0.000000)</string>
						<string>(0.000000, 0.000000, 0.000000)</string>
						<string>(0.000000, 0.000000, 0.000000)</string>
						<string>(0.000000, 0.000000, 0.000000)</string>
						<string>(0.000000, 0.000000, 0.000000)</string>
						<string>(0.000000, 0.000000, 0.000000)</string>
						<string>(0.000000, 0.000000, 0.000000)</string>
						<string>(0.000000, 0.000000, 0.000000)</string>
						<string>(0.000000, 0.000000, 0.000000)</string>
						<string>(0.000000, 0.000000, 0.000000)</string>
						<string>(0.000000, 0.000000, 0.000000)</string>
						<string>(0.000000, 0.000000, 0.000000)</string>
						<string>(0.000000, 0.000000, 0.000000)</string>
						<string>(0.000000, 0.000000, 0.000000)</string>
						<string>(0.000000, 0.000000, 0.000000)</string>
						<string>(0.000000, 0.000000, 0.000000)</string>
						<string>(0.000000, 0.000000, 0.000000)</string>
						<string>(0.000000, 0.000000, 0.000000)</string>
						<string>(0.000000, 0.000000, 0.000000)</string>
						<string>(0.000000, 0.000000, 0.000000)</string>
						<string>(0.000000, 0.000000, 0.000000)</string>
						<string>(0.000000, 0.000000, 0.000000)</string>
						<string>(0.000000, 0.000000, 0.000000)</string>
						<string>(0.000000, 0.000000, 0.000000)</string>
						<string>(0.000000, 0.000000, 0.000000)</string>
						<string>(0.000000, 0.000000, 0.000000)</string>
						<string>(0.000000, 0.000000, 0.000000)</string>
						<string>(0.000000, 0.000000, 0.000000)</string>
						<string>(0.000000, 0.000000, 0.000000)</string>
						<string>(0.000000, 0.000000, 0.000000)</string>
						<string>(0.000000, 0.000000, 0.000000)</string>
						<string>(0.000000, 0.000000, 0.000000)</string>
						<string>(0.000000, 0.000000, 0.000000)</string>
						<string>(0.000000, 0.000000, 0.000000)</string>
						<string>(0.000000, 0.000000, 0.000000)</string>
						<string>(0.000000, 0.000000, 0.000000)</string>
						<string>(0.000000, 0.000000, 0.000000)</string>
						<string>(0.000000, 0.000000, 0.000000)</string>
						<string>(0.000000, 0.000000, 0.000000)</string>
						<string>(0.000000, 0.000000, 0.000000)</string>
						<string>(0.000000, 0.000000, 0.000000)</string>
						<string>(0.000000, 0.000000, 0.000000)</string>
						<string>(0.000000, 0.000000, 0.000000)</string>
						<string>(0.000000, 0.000000, 0.000000)</string>
						<string>(0.000000, 0.000000, 0.000000)</string>
						<string>(0.000000, 0.000000, 0.000000)</string>
						<string>(0.000000, 0.000000, 0.000000)</string>
						<string>(0.000000, 0.000000, 0.000000)</string>
						<string>(0.000000, 0.000000, 0.000000)</string>
						<string>(0.000000, 0.000000, 0.000000)</string>
						<string>(0.000000, 0.000000, 0.000000)</string>
						<string>(0.000000, 0.000000, 0.000000)</string>
						<string>(0.000000, 0.000000, 0.000000)</string>
						<string>(0.000000, 0.000000, 0.000000)</string>
						<string>(0.000000, 0.000000, 0.000000)</string>
						<string>(0.000000, 0.000000, 0.000000)</string>
						<string>(0.000000, 0.000000, 0.000000)</string>
						<string>(0.000000, 0.000000, 0.000000)</string>
						<string>(0.000000, 0.000000, 0.000000)</string>
						<string>(0.000000, 0.000000, 0.000000)</string>
						<string>(0.000000, 0.000000, 0.000000)</string>
						<string>(0.000000, 0.000000, 0.000000)</string>
						<string>(0.000000, 0.000000, 0.000000)</string>
						<string>(0.000000, 0.000000, 0.000000)</string>
					</array>
					<key>Point_px</key>
					<array>
						<string>(1.422610, 2477.780029)</string>
						<string>(12.927200, 2474.239990)</string>
						<string>(20.892099, 2471.590088)</string>
						<string>(29.741800, 2471.590088)</string>
						<string>(42.131500, 2467.159912)</string>
						<string>(55.405998, 2466.280029)</string>
						<string>(68.680702, 2466.280029)</string>
						<string>(79.300301, 2466.280029)</string>
						<string>(88.150101, 2466.280029)</string>
						<string>(97.884804, 2466.280029)</string>
						<string>(106.735001, 2467.159912)</string>
						<string>(116.469002, 2467.159912)</string>
						<string>(125.319000, 2467.159912)</string>
						<string>(135.054001, 2468.929932)</string>
						<string>(145.673004, 2468.929932)</string>
						<string>(156.292999, 2468.929932)</string>
						<string>(167.798004, 2469.820068)</string>
						<string>(181.957001, 2471.590088)</string>
						<string>(191.692001, 2473.360107)</string>
						<string>(201.427002, 2476.899902)</string>
						<string>(211.162003, 2480.439941)</string>
						<string>(220.895996, 2484.860107)</string>
						<string>(229.746002, 2490.169922)</string>
						<string>(240.365997, 2496.370117)</string>
						<string>(250.100006, 2502.560059)</string>
						<string>(259.834991, 2511.409912)</string>
						<string>(267.799988, 2520.260010)</string>
						<string>(275.765015, 2530.000000)</string>
						<string>(282.843994, 2538.850098)</string>
						<string>(290.808990, 2546.810059)</string>
						<string>(297.889008, 2557.429932)</string>
						<string>(304.968994, 2566.280029)</string>
						<string>(312.049011, 2575.129883)</string>
						<string>(318.243988, 2584.870117)</string>
						<string>(322.667999, 2593.719971)</string>
						<string>(325.322998, 2603.449951)</string>
						<string>(328.863007, 2612.300049)</string>
						<string>(332.403015, 2622.030029)</string>
						<string>(336.828003, 2632.649902)</string>
						<string>(340.368011, 2645.040039)</string>
						<string>(343.023010, 2653.889893)</string>
						<string>(346.562988, 2666.280029)</string>
						<string>(347.447998, 2672.479980)</string>
						<string>(347.447998, 2682.209961)</string>
						<string>(348.333008, 2691.949951)</string>
						<string>(348.333008, 2703.449951)</string>
						<string>(349.217987, 2710.530029)</string>
						<string>(348.333008, 2720.270020)</string>
						<string>(346.562988, 2731.770020)</string>
						<string>(343.023010, 2740.620117)</string>
						<string>(335.942993, 2757.439941)</string>
						<string>(330.632996, 2767.169922)</string>
						<string>(320.898010, 2772.479980)</string>
						<string>(314.704010, 2762.750000)</string>
						<string>(312.049011, 2752.129883)</string>
						<string>(309.394012, 2744.159912)</string>
						<string>(304.084015, 2753.899902)</string>
						<string>(303.199005, 2762.750000)</string>
						<string>(302.313995, 2771.600098)</string>
						<string>(300.544006, 2781.330078)</string>
						<string>(298.773987, 2790.179932)</string>
						<string>(296.118988, 2799.909912)</string>
						<string>(288.153992, 2808.760010)</string>
						<string>(279.304993, 2818.500000)</string>
						<string>(269.570007, 2819.379883)</string>
						<string>(264.260010, 2829.120117)</string>
						<string>(260.720001, 2838.850098)</string>
						<string>(257.179993, 2847.699951)</string>
						<string>(252.755005, 2857.439941)</string>
						<string>(248.330994, 2867.169922)</string>
						<string>(243.020996, 2876.020020)</string>
						<string>(238.595993, 2884.870117)</string>
						<string>(231.516006, 2893.719971)</string>
						<string>(227.091003, 2903.459961)</string>
						<string>(217.356003, 2907.000000)</string>
						<string>(203.197006, 2908.770020)</string>
						<string>(193.462006, 2908.770020)</string>
						<string>(183.727005, 2910.540039)</string>
						<string>(173.992996, 2911.419922)</string>
						<string>(164.257996, 2908.770020)</string>
						<string>(154.522995, 2906.110107)</string>
						<string>(144.787994, 2903.459961)</string>
						<string>(135.054001, 2902.570068)</string>
						<string>(125.319000, 2899.919922)</string>
						<string>(116.469002, 2896.379883)</string>
						<string>(106.735001, 2891.949951)</string>
						<string>(97.884804, 2889.300049)</string>
						<string>(88.150101, 2884.870117)</string>
						<string>(79.300301, 2881.330078)</string>
						<string>(69.565697, 2878.679932)</string>
						<string>(60.715801, 2875.139893)</string>
						<string>(50.981201, 2870.709961)</string>
						<string>(40.361500, 2852.129883)</string>
						<string>(40.361500, 2843.280029)</string>
						<string>(40.361500, 2834.429932)</string>
						<string>(39.476601, 2823.810059)</string>
						<string>(37.706501, 2814.070068)</string>
						<string>(32.396702, 2805.219971)</string>
						<string>(22.662001, 2800.800049)</string>
						<string>(12.927200, 2799.909912)</string>
						<string>(3.192500, 2798.139893)</string>
						<string>(1.422610, 2781.330078)</string>
						<string>(1.422610, 2766.290039)</string>
						<string>(1.422610, 2746.820068)</string>
						<string>(1.422610, 2731.770020)</string>
						<string>(1.422610, 2711.419922)</string>
						<string>(1.422610, 2685.750000)</string>
						<string>(0.537598, 2657.429932)</string>
						<string>(0.537598, 2633.540039)</string>
						<string>(1.422610, 2606.989990)</string>
						<string>(1.422610, 2576.899902)</string>
						<string>(1.422610, 2549.469971)</string>
						<string>(1.422610, 2520.260010)</string>
						<string>(0.537598, 2491.939941)</string>
					</array>
					<key>Total</key>
					<real>235804928</real>
					<key>Type</key>
					<integer>15</integer>
				</dict>
				<dict>
					<key>Area</key>
					<real>0.0036382500547915697</real>
					<key>Center</key>
					<string>(0.000000, 0.000000, 0.000000)</string>
					<key>Dev</key>
					<real>120.42630004882812</real>
					<key>IndexInImage</key>
					<integer>1</integer>
					<key>Max</key>
					<real>2097</real>
					<key>Mean</key>
					<real>1829.780029296875</real>
					<key>Min</key>
					<real>1629</real>
					<key>Name</key>
					<string>Calcification</string>
					<key>NumberOfPoints</key>
					<integer>11</integer>
					<key>Point_mm</key>
					<array>
						<string>(0.000000, 0.000000, 0.000000)</string>
						<string>(0.000000, 0.000000, 0.000000)</string>
						<string>(0.000000, 0.000000, 0.000000)</string>
						<string>(0.000000, 0.000000, 0.000000)</string>
						<string>(0.000000, 0.000000, 0.000000)</string>
						<string>(0.000000, 0.000000, 0.000000)</string>
						<string>(0.000000, 0.000000, 0.000000)</string>
						<string>(0.000000, 0.000000, 0.000000)</string>
						<string>(0.000000, 0.000000, 0.000000)</string>
						<string>(0.000000, 0.000000, 0.000000)</string>
						<string>(0.000000, 0.000000, 0.000000)</string>
					</array>
					<key>Point_px</key>
					<array>
						<string>(712.548462, 1561.373901)</string>
						<string>(715.837830, 1562.569946)</string>
						<string>(719.426270, 1564.962280)</string>
						<string>(721.818542, 1567.055542)</string>
						<string>(724.210815, 1569.746826)</string>
						<string>(726.902100, 1572.438110)</string>
						<string>(723.911743, 1573.634277)</string>
						<string>(720.622375, 1572.139038)</string>
						<string>(717.632019, 1569.746826)</string>
						<string>(714.940735, 1567.354492)</string>
						<string>(711.950378, 1564.663208)</string>
					</array>
					<key>Total</key>
					<real>182978</real>
					<key>Type</key>
					<integer>15</integer>
				</dict>
				<dict>
					<key>Area</key>
					<real>0.0076103126630187035</real>
					<key>Center</key>
					<string>(0.000000, 0.000000, 0.000000)</string>
					<key>Dev</key>
					<real>271.782958984375</real>
					<key>IndexInImage</key>
					<integer>2</integer>
					<key>Max</key>
					<real>2736</real>
					<key>Mean</key>
					<real>2191.971923828125</real>
					<key>Min</key>
					<real>1673</real>
					<key>Name</key>
					<string>Calcification</string>
					<key>NumberOfPoints</key>
					<integer>7</integer>
					<key>Point_mm</key>
					<array>
						<string>(0.000000, 0.000000, 0.000000)</string>
						<string>(0.000000, 0.000000, 0.000000)</string>
						<string>(0.000000, 0.000000, 0.000000)</string>
						<string>(0.000000, 0.000000, 0.000000)</string>
						<string>(0.000000, 0.000000, 0.000000)</string>
						<string>(0.000000, 0.000000, 0.000000)</string>
						<string>(0.000000, 0.000000, 0.000000)</string>
					</array>
					<key>Point_px</key>
					<array>
						<string>(842.030334, 1579.614868)</string>
						<string>(849.207153, 1574.830322)</string>
						<string>(856.383972, 1577.222656)</string>
						<string>(860.570435, 1580.511963)</string>
						<string>(862.364624, 1585.296509)</string>
						<string>(856.084961, 1585.894653)</string>
						<string>(848.908081, 1584.399414)</string>
					</array>
					<key>Total</key>
					<real>390171</real>
					<key>Type</key>
					<integer>15</integer>
				</dict>
				<dict>
					<key>Area</key>
					<real>0.0</real>
					<key>Center</key>
					<string>(0.000000, 0.000000, 0.000000)</string>
					<key>Dev</key>
					<real>0.0</real>
					<key>IndexInImage</key>
					<integer>3</integer>
					<key>Max</key>
					<real>1961</real>
					<key>Mean</key>
					<real>1961</real>
					<key>Min</key>
					<real>1961</real>
					<key>Name</key>
					<string>Calcification</string>
					<key>NumberOfPoints</key>
					<integer>1</integer>
					<key>Point_mm</key>
					<array>
						<string>(0.000000, 0.000000, 0.000000)</string>
					</array>
					<key>Point_px</key>
					<array>
						<string>(927.247437, 1495.355957)</string>
					</array>
					<key>Total</key>
					<real>1961</real>
					<key>Type</key>
					<integer>19</integer>
				</dict>
			</array>
		</dict>
	</array>
</dict>
</plist>
