<?xml version="1.0" encoding="UTF-8"?>
<!DOCTYPE plist PUBLIC "-//Apple//DTD PLIST 1.0//EN" "http://www.apple.com/DTDs/PropertyList-1.0.dtd">
<plist version="1.0">
<dict>
	<key>Images</key>
	<array>
		<dict>
			<key>ImageIndex</key>
			<integer>0</integer>
			<key>NumberOfROIs</key>
			<integer>2</integer>
			<key>ROIs</key>
			<array>
				<dict>
					<key>Area</key>
					<real>0.0050286250188946724</real>
					<key>Center</key>
					<string>(0.000000, 0.000000, 0.000000)</string>
					<key>Dev</key>
					<real>118.67584228515625</real>
					<key>IndexInImage</key>
					<integer>0</integer>
					<key>Max</key>
					<real>2058</real>
					<key>Mean</key>
					<real>1769.1851806640625</real>
					<key>Min</key>
					<real>1530</real>
					<key>Name</key>
					<string>Calcification</string>
					<key>NumberOfPoints</key>
					<integer>11</integer>
					<key>Point_mm</key>
					<array>
						<string>(0.000000, 0.000000, 0.000000)</string>
						<string>(0.000000, 0.000000, 0.000000)</string>
						<string>(0.000000, 0.000000, 0.000000)</string>
						<string>(0.000000, 0.000000, 0.000000)</string>
						<string>(0.000000, 0.000000, 0.000000)</string>
						<string>(0.000000, 0.000000, 0.000000)</string>
						<string>(0.000000, 0.000000, 0.000000)</string>
						<string>(0.000000, 0.000000, 0.000000)</string>
						<string>(0.000000, 0.000000, 0.000000)</string>
						<string>(0.000000, 0.000000, 0.000000)</string>
						<string>(0.000000, 0.000000, 0.000000)</string>
					</array>
					<key>Point_px</key>
					<array>
						<string>(1962.790039, 1732.260010)</string>
						<string>(1964.150024, 1727.900024)</string>
						<string>(1967.420044, 1722.189941)</string>
						<string>(1974.219971, 1718.930054)</string>
						<string>(1978.569946, 1719.199951)</string>
						<string>(1981.020020, 1718.109985)</string>
						<string>(1975.579956, 1714.579956)</string>
						<string>(1970.140015, 1716.209961)</string>
						<string>(1964.699951, 1719.469971)</string>
						<string>(1961.160034, 1724.369995)</string>
						<string>(1960.890015, 1729.810059)</string>
					</array>
					<key>Total</key>
					<real>238840</real>
					<key>Type</key>
					<integer>15</integer>
				</dict>
				<dict>
					<key>Area</key>
					<real>0.0016905000666156411</real>
					<key>Center</key>
					<string>(0.000000, 0.000000, 0.000000)</string>
					<key>Dev</key>
					<real>225.31968688964844</real>
					<key>IndexInImage</key>
					<integer>1</integer>
					<key>Max</key>
					<real>2710</real>
					<key>Mean</key>
					<real>2241.244384765625</real>
					<key>Min</key>
					<real>1957</real>
					<key>Name</key>
					<string>Calcification</string>
					<key>NumberOfPoints</key>
					<integer>4</integer>
					<key>Point_mm</key>
					<array>
						<string>(0.000000, 0.000000, 0.000000)</string>
						<string>(0.000000, 0.000000, 0.000000)</string>
						<string>(0.000000, 0.000000, 0.000000)</string>
						<string>(0.000000, 0.000000, 0.000000)</string>
					</array>
					<key>Point_px</key>
					<array>
						<string>(1656.739990, 2192.399902)</string>
						<string>(1658.890015, 2188.399902)</string>
						<string>(1656.430054, 2185.020020)</string>
						<string>(1652.729980, 2189.020020)</string>
					</array>
					<key>Total</key>
					<real>100856</real>
					<key>Type</key>
					<integer>15</integer>
				</dict>
			</array>
		</dict>
	</array>
</dict>
</plist>
