<?xml version="1.0" encoding="UTF-8"?>
<!DOCTYPE plist PUBLIC "-//Apple//DTD PLIST 1.0//EN" "http://www.apple.com/DTDs/PropertyList-1.0.dtd">
<plist version="1.0">
<dict>
	<key>Images</key>
	<array>
		<dict>
			<key>ImageIndex</key>
			<integer>0</integer>
			<key>NumberOfROIs</key>
			<integer>5</integer>
			<key>ROIs</key>
			<array>
				<dict>
					<key>Area</key>
					<real>0.0</real>
					<key>Center</key>
					<string>(0.000000, 0.000000, 0.000000)</string>
					<key>Dev</key>
					<real>0.0</real>
					<key>IndexInImage</key>
					<integer>0</integer>
					<key>Max</key>
					<real>0.0</real>
					<key>Mean</key>
					<real>0.0</real>
					<key>Min</key>
					<real>0.0</real>
					<key>Name</key>
					<string>Calcification</string>
					<key>NumberOfPoints</key>
					<integer>1</integer>
					<key>Point_mm</key>
					<array>
						<string>(0.000000, 0.000000, 0.000000)</string>
					</array>
					<key>Point_px</key>
					<array>
						<string>(779.604004, 1401.140015)</string>
					</array>
					<key>Total</key>
					<real>0.0</real>
					<key>Type</key>
					<integer>19</integer>
				</dict>
				<dict>
					<key>Area</key>
					<real>0.0</real>
					<key>Center</key>
					<string>(0.000000, 0.000000, 0.000000)</string>
					<key>Dev</key>
					<real>0.0</real>
					<key>IndexInImage</key>
					<integer>1</integer>
					<key>Max</key>
					<real>0.0</real>
					<key>Mean</key>
					<real>0.0</real>
					<key>Min</key>
					<real>0.0</real>
					<key>Name</key>
					<string>Calcification</string>
					<key>NumberOfPoints</key>
					<integer>1</integer>
					<key>Point_mm</key>
					<array>
						<string>(0.000000, 0.000000, 0.000000)</string>
					</array>
					<key>Point_px</key>
					<array>
						<string>(678.445007, 1450.760010)</string>
					</array>
					<key>Total</key>
					<real>0.0</real>
					<key>Type</key>
					<integer>19</integer>
				</dict>
				<dict>
					<key>Area</key>
					<real>0.0</real>
					<key>Center</key>
					<string>(0.000000, 0.000000, 0.000000)</string>
					<key>Dev</key>
					<real>0.0</real>
					<key>IndexInImage</key>
					<integer>2</integer>
					<key>Max</key>
					<real>0.0</real>
					<key>Mean</key>
					<real>0.0</real>
					<key>Min</key>
					<real>0.0</real>
					<key>Name</key>
					<string>Calcification</string>
					<key>NumberOfPoints</key>
					<integer>1</integer>
					<key>Point_mm</key>
					<array>
						<string>(0.000000, 0.000000, 0.000000)</string>
					</array>
					<key>Point_px</key>
					<array>
						<string>(505.122986, 1334.780029)</string>
					</array>
					<key>Total</key>
					<real>0.0</real>
					<key>Type</key>
					<integer>19</integer>
				</dict>
				<dict>
					<key>Area</key>
					<real>9.5398588180541992</real>
					<key>Center</key>
					<string>(0.000000, 0.000000, 0.000000)</string>
					<key>Dev</key>
					<real>0.0</real>
					<key>IndexInImage</key>
					<integer>3</integer>
					<key>Max</key>
					<real>0.0</real>
					<key>Mean</key>
					<real>0.0</real>
					<key>Min</key>
					<real>0.0</real>
					<key>Name</key>
					<string>Mass</string>
					<key>NumberOfPoints</key>
					<integer>388</integer>
					<key>Point_mm</key>
					<array>
						<string>(0.000000, 0.000000, 0.000000)</string>
						<string>(0.000000, 0.000000, 0.000000)</string>
						<string>(0.000000, 0.000000, 0.000000)</string>
						<string>(0.000000, 0.000000, 0.000000)</string>
						<string>(0.000000, 0.000000, 0.000000)</string>
						<string>(0.000000, 0.000000, 0.000000)</string>
						<string>(0.000000, 0.000000, 0.000000)</string>
						<string>(0.000000, 0.000000, 0.000000)</string>
						<string>(0.000000, 0.000000, 0.000000)</string>
						<string>(0.000000, 0.000000, 0.000000)</string>
						<string>(0.000000, 0.000000, 0.000000)</string>
						<string>(0.000000, 0.000000, 0.000000)</string>
						<string>(0.000000, 0.000000, 0.000000)</string>
						<string>(0.000000, 0.000000, 0.000000)</string>
						<string>(0.000000, 0.000000, 0.000000)</string>
						<string>(0.000000, 0.000000, 0.000000)</string>
						<string>(0.000000, 0.000000, 0.000000)</string>
						<string>(0.000000, 0.000000, 0.000000)</string>
						<string>(0.000000, 0.000000, 0.000000)</string>
						<string>(0.000000, 0.000000, 0.000000)</string>
						<string>(0.000000, 0.000000, 0.000000)</string>
						<string>(0.000000, 0.000000, 0.000000)</string>
						<string>(0.000000, 0.000000, 0.000000)</string>
						<string>(0.000000, 0.000000, 0.000000)</string>
						<string>(0.000000, 0.000000, 0.000000)</string>
						<string>(0.000000, 0.000000, 0.000000)</string>
						<string>(0.000000, 0.000000, 0.000000)</string>
						<string>(0.000000, 0.000000, 0.000000)</string>
						<string>(0.000000, 0.000000, 0.000000)</string>
						<string>(0.000000, 0.000000, 0.000000)</string>
						<string>(0.000000, 0.000000, 0.000000)</string>
						<string>(0.000000, 0.000000, 0.000000)</string>
						<string>(0.000000, 0.000000, 0.000000)</string>
						<string>(0.000000, 0.000000, 0.000000)</string>
						<string>(0.000000, 0.000000, 0.000000)</string>
						<string>(0.000000, 0.000000, 0.000000)</string>
						<string>(0.000000, 0.000000, 0.000000)</string>
						<string>(0.000000, 0.000000, 0.000000)</string>
						<string>(0.000000, 0.000000, 0.000000)</string>
						<string>(0.000000, 0.000000, 0.000000)</string>
						<string>(0.000000, 0.000000, 0.000000)</string>
						<string>(0.000000, 0.000000, 0.000000)</string>
						<string>(0.000000, 0.000000, 0.000000)</string>
						<string>(0.000000, 0.000000, 0.000000)</string>
						<string>(0.000000, 0.000000, 0.000000)</string>
						<string>(0.000000, 0.000000, 0.000000)</string>
						<string>(0.000000, 0.000000, 0.000000)</string>
						<string>(0.000000, 0.000000, 0.000000)</string>
						<string>(0.000000, 0.000000, 0.000000)</string>
						<string>(0.000000, 0.000000, 0.000000)</string>
						<string>(0.000000, 0.000000, 0.000000)</string>
						<string>(0.000000, 0.000000, 0.000000)</string>
						<string>(0.000000, 0.000000, 0.000000)</string>
						<string>(0.000000, 0.000000, 0.000000)</string>
						<string>(0.000000, 0.000000, 0.000000)</string>
						<string>(0.000000, 0.000000, 0.000000)</string>
						<string>(0.000000, 0.000000, 0.000000)</string>
						<string>(0.000000, 0.000000, 0.000000)</string>
						<string>(0.000000, 0.000000, 0.000000)</string>
						<string>(0.000000, 0.000000, 0.000000)</string>
						<string>(0.000000, 0.000000, 0.000000)</string>
						<string>(0.000000, 0.000000, 0.000000)</string>
						<string>(0.000000, 0.000000, 0.000000)</string>
						<string>(0.000000, 0.000000, 0.000000)</string>
						<string>(0.000000, 0.000000, 0.000000)</string>
						<string>(0.000000, 0.000000, 0.000000)</string>
						<string>(0.000000, 0.000000, 0.000000)</string>
						<string>(0.000000, 0.000000, 0.000000)</string>
						<string>(0.000000, 0.000000, 0.000000)</string>
						<string>(0.000000, 0.000000, 0.000000)</string>
						<string>(0.000000, 0.000000, 0.000000)</string>
						<string>(0.000000, 0.000000, 0.000000)</string>
						<string>(0.000000, 0.000000, 0.000000)</string>
						<string>(0.000000, 0.000000, 0.000000)</string>
						<string>(0.000000, 0.000000, 0.000000)</string>
						<string>(0.000000, 0.000000, 0.000000)</string>
						<string>(0.000000, 0.000000, 0.000000)</string>
						<string>(0.000000, 0.000000, 0.000000)</string>
						<string>(0.000000, 0.000000, 0.000000)</string>
						<string>(0.000000, 0.000000, 0.000000)</string>
						<string>(0.000000, 0.000000, 0.000000)</string>
						<string>(0.000000, 0.000000, 0.000000)</string>
						<string>(0.000000, 0.000000, 0.000000)</string>
						<string>(0.000000, 0.000000, 0.000000)</string>
						<string>(0.000000, 0.000000, 0.000000)</string>
						<string>(0.000000, 0.000000, 0.000000)</string>
						<string>(0.000000, 0.000000, 0.000000)</string>
						<string>(0.000000, 0.000000, 0.000000)</string>
						<string>(0.000000, 0.000000, 0.000000)</string>
						<string>(0.000000, 0.000000, 0.000000)</string>
						<string>(0.000000, 0.000000, 0.000000)</string>
						<string>(0.000000, 0.000000, 0.000000)</string>
						<string>(0.000000, 0.000000, 0.000000)</string>
						<string>(0.000000, 0.000000, 0.000000)</string>
						<string>(0.000000, 0.000000, 0.000000)</string>
						<string>(0.000000, 0.000000, 0.000000)</string>
						<string>(0.000000, 0.000000, 0.000000)</string>
						<string>(0.000000, 0.000000, 0.000000)</string>
						<string>(0.000000, 0.000000, 0.000000)</string>
						<string>(0.000000, 0.000000, 0.000000)</string>
						<string>(0.000000, 0.000000, 0.000000)</string>
						<string>(0.000000, 0.000000, 0.000000)</string>
						<string>(0.000000, 0.000000, 0.000000)</string>
						<string>(0.000000, 0.000000, 0.000000)</string>
						<string>(0.000000, 0.000000, 0.000000)</string>
						<string>(0.000000, 0.000000, 0.000000)</string>
						<string>(0.000000, 0.000000, 0.000000)</string>
						<string>(0.000000, 0.000000, 0.000000)</string>
						<string>(0.000000, 0.000000, 0.000000)</string>
						<string>(0.000000, 0.000000, 0.000000)</string>
						<string>(0.000000, 0.000000, 0.000000)</string>
						<string>(0.000000, 0.000000, 0.000000)</string>
						<string>(0.000000, 0.000000, 0.000000)</string>
						<string>(0.000000, 0.000000, 0.000000)</string>
						<string>(0.000000, 0.000000, 0.000000)</string>
						<string>(0.000000, 0.000000, 0.000000)</string>
						<string>(0.000000, 0.000000, 0.000000)</string>
						<string>(0.000000, 0.000000, 0.000000)</string>
						<string>(0.000000, 0.000000, 0.000000)</string>
						<string>(0.000000, 0.000000, 0.000000)</string>
						<string>(0.000000, 0.000000, 0.000000)</string>
						<string>(0.000000, 0.000000, 0.000000)</string>
						<string>(0.000000, 0.000000, 0.000000)</string>
						<string>(0.000000, 0.000000, 0.000000)</string>
						<string>(0.000000, 0.000000, 0.000000)</string>
						<string>(0.000000, 0.000000, 0.000000)</string>
						<string>(0.000000, 0.000000, 0.000000)</string>
						<string>(0.000000, 0.000000, 0.000000)</string>
						<string>(0.000000, 0.000000, 0.000000)</string>
						<string>(0.000000, 0.000000, 0.000000)</string>
						<string>(0.000000, 0.000000, 0.000000)</string>
						<string>(0.000000, 0.000000, 0.000000)</string>
						<string>(0.000000, 0.000000, 0.000000)</string>
						<string>(0.000000, 0.000000, 0.000000)</string>
						<string>(0.000000, 0.000000, 0.000000)</string>
						<string>(0.000000, 0.000000, 0.000000)</string>
						<string>(0.000000, 0.000000, 0.000000)</string>
						<string>(0.000000, 0.000000, 0.000000)</string>
						<string>(0.000000, 0.000000, 0.000000)</string>
						<string>(0.000000, 0.000000, 0.000000)</string>
						<string>(0.000000, 0.000000, 0.000000)</string>
						<string>(0.000000, 0.000000, 0.000000)</string>
						<string>(0.000000, 0.000000, 0.000000)</string>
						<string>(0.000000, 0.000000, 0.000000)</string>
						<string>(0.000000, 0.000000, 0.000000)</string>
						<string>(0.000000, 0.000000, 0.000000)</string>
						<string>(0.000000, 0.000000, 0.000000)</string>
						<string>(0.000000, 0.000000, 0.000000)</string>
						<string>(0.000000, 0.000000, 0.000000)</string>
						<string>(0.000000, 0.000000, 0.000000)</string>
						<string>(0.000000, 0.000000, 0.000000)</string>
						<string>(0.000000, 0.000000, 0.000000)</string>
						<string>(0.000000, 0.000000, 0.000000)</string>
						<string>(0.000000, 0.000000, 0.000000)</string>
						<string>(0.000000, 0.000000, 0.000000)</string>
						<string>(0.000000, 0.000000, 0.000000)</string>
						<string>(0.000000, 0.000000, 0.000000)</string>
						<string>(0.000000, 0.000000, 0.000000)</string>
						<string>(0.000000, 0.000000, 0.000000)</string>
						<string>(0.000000, 0.000000, 0.000000)</string>
						<string>(0.000000, 0.000000, 0.000000)</string>
						<string>(0.000000, 0.000000, 0.000000)</string>
						<string>(0.000000, 0.000000, 0.000000)</string>
						<string>(0.000000, 0.000000, 0.000000)</string>
						<string>(0.000000, 0.000000, 0.000000)</string>
						<string>(0.000000, 0.000000, 0.000000)</string>
						<string>(0.000000, 0.000000, 0.000000)</string>
						<string>(0.000000, 0.000000, 0.000000)</string>
						<string>(0.000000, 0.000000, 0.000000)</string>
						<string>(0.000000, 0.000000, 0.000000)</string>
						<string>(0.000000, 0.000000, 0.000000)</string>
						<string>(0.000000, 0.000000, 0.000000)</string>
						<string>(0.000000, 0.000000, 0.000000)</string>
						<string>(0.000000, 0.000000, 0.000000)</string>
						<string>(0.000000, 0.000000, 0.000000)</string>
						<string>(0.000000, 0.000000, 0.000000)</string>
						<string>(0.000000, 0.000000, 0.000000)</string>
						<string>(0.000000, 0.000000, 0.000000)</string>
						<string>(0.000000, 0.000000, 0.000000)</string>
						<string>(0.000000, 0.000000, 0.000000)</string>
						<string>(0.000000, 0.000000, 0.000000)</string>
						<string>(0.000000, 0.000000, 0.000000)</string>
						<string>(0.000000, 0.000000, 0.000000)</string>
						<string>(0.000000, 0.000000, 0.000000)</string>
						<string>(0.000000, 0.000000, 0.000000)</string>
						<string>(0.000000, 0.000000, 0.000000)</string>
						<string>(0.000000, 0.000000, 0.000000)</string>
						<string>(0.000000, 0.000000, 0.000000)</string>
						<string>(0.000000, 0.000000, 0.000000)</string>
						<string>(0.000000, 0.000000, 0.000000)</string>
						<string>(0.000000, 0.000000, 0.000000)</string>
						<string>(0.000000, 0.000000, 0.000000)</string>
						<string>(0.000000, 0.000000, 0.000000)</string>
						<string>(0.000000, 0.000000, 0.000000)</string>
						<string>(0.000000, 0.000000, 0.000000)</string>
						<string>(0.000000, 0.000000, 0.000000)</string>
						<string>(0.000000, 0.000000, 0.000000)</string>
						<string>(0.000000, 0.000000, 0.000000)</string>
						<string>(0.000000, 0.000000, 0.000000)</string>
						<string>(0.000000, 0.000000, 0.000000)</string>
						<string>(0.000000, 0.000000, 0.000000)</string>
						<string>(0.000000, 0.000000, 0.000000)</string>
						<string>(0.000000, 0.000000, 0.000000)</string>
						<string>(0.000000, 0.000000, 0.000000)</string>
						<string>(0.000000, 0.000000, 0.000000)</string>
						<string>(0.000000, 0.000000, 0.000000)</string>
						<string>(0.000000, 0.000000, 0.000000)</string>
						<string>(0.000000, 0.000000, 0.000000)</string>
						<string>(0.000000, 0.000000, 0.000000)</string>
						<string>(0.000000, 0.000000, 0.000000)</string>
						<string>(0.000000, 0.000000, 0.000000)</string>
						<string>(0.000000, 0.000000, 0.000000)</string>
						<string>(0.000000, 0.000000, 0.000000)</string>
						<string>(0.000000, 0.000000, 0.000000)</string>
						<string>(0.000000, 0.000000, 0.000000)</string>
						<string>(0.000000, 0.000000, 0.000000)</string>
						<string>(0.000000, 0.000000, 0.000000)</string>
						<string>(0.000000, 0.000000, 0.000000)</string>
						<string>(0.000000, 0.000000, 0.000000)</string>
						<string>(0.000000, 0.000000, 0.000000)</string>
						<string>(0.000000, 0.000000, 0.000000)</string>
						<string>(0.000000, 0.000000, 0.000000)</string>
						<string>(0.000000, 0.000000, 0.000000)</string>
						<string>(0.000000, 0.000000, 0.000000)</string>
						<string>(0.000000, 0.000000, 0.000000)</string>
						<string>(0.000000, 0.000000, 0.000000)</string>
						<string>(0.000000, 0.000000, 0.000000)</string>
						<string>(0.000000, 0.000000, 0.000000)</string>
						<string>(0.000000, 0.000000, 0.000000)</string>
						<string>(0.000000, 0.000000, 0.000000)</string>
						<string>(0.000000, 0.000000, 0.000000)</string>
						<string>(0.000000, 0.000000, 0.000000)</string>
						<string>(0.000000, 0.000000, 0.000000)</string>
						<string>(0.000000, 0.000000, 0.000000)</string>
						<string>(0.000000, 0.000000, 0.000000)</string>
						<string>(0.000000, 0.000000, 0.000000)</string>
						<string>(0.000000, 0.000000, 0.000000)</string>
						<string>(0.000000, 0.000000, 0.000000)</string>
						<string>(0.000000, 0.000000, 0.000000)</string>
						<string>(0.000000, 0.000000, 0.000000)</string>
						<string>(0.000000, 0.000000, 0.000000)</string>
						<string>(0.000000, 0.000000, 0.000000)</string>
						<string>(0.000000, 0.000000, 0.000000)</string>
						<string>(0.000000, 0.000000, 0.000000)</string>
						<string>(0.000000, 0.000000, 0.000000)</string>
						<string>(0.000000, 0.000000, 0.000000)</string>
						<string>(0.000000, 0.000000, 0.000000)</string>
						<string>(0.000000, 0.000000, 0.000000)</string>
						<string>(0.000000, 0.000000, 0.000000)</string>
						<string>(0.000000, 0.000000, 0.000000)</string>
						<string>(0.000000, 0.000000, 0.000000)</string>
						<string>(0.000000, 0.000000, 0.000000)</string>
						<string>(0.000000, 0.000000, 0.000000)</string>
						<string>(0.000000, 0.000000, 0.000000)</string>
						<string>(0.000000, 0.000000, 0.000000)</string>
						<string>(0.000000, 0.000000, 0.000000)</string>
						<string>(0.000000, 0.000000, 0.000000)</string>
						<string>(0.000000, 0.000000, 0.000000)</string>
						<string>(0.000000, 0.000000, 0.000000)</string>
						<string>(0.000000, 0.000000, 0.000000)</string>
						<string>(0.000000, 0.000000, 0.000000)</string>
						<string>(0.000000, 0.000000, 0.000000)</string>
						<string>(0.000000, 0.000000, 0.000000)</string>
						<string>(0.000000, 0.000000, 0.000000)</string>
						<string>(0.000000, 0.000000, 0.000000)</string>
						<string>(0.000000, 0.000000, 0.000000)</string>
						<string>(0.000000, 0.000000, 0.000000)</string>
						<string>(0.000000, 0.000000, 0.000000)</string>
						<string>(0.000000, 0.000000, 0.000000)</string>
						<string>(0.000000, 0.000000, 0.000000)</string>
						<string>(0.000000, 0.000000, 0.000000)</string>
						<string>(0.000000, 0.000000, 0.000000)</string>
						<string>(0.000000, 0.000000, 0.000000)</string>
						<string>(0.000000, 0.000000, 0.000000)</string>
						<string>(0.000000, 0.000000, 0.000000)</string>
						<string>(0.000000, 0.000000, 0.000000)</string>
						<string>(0.000000, 0.000000, 0.000000)</string>
						<string>(0.000000, 0.000000, 0.000000)</string>
						<string>(0.000000, 0.000000, 0.000000)</string>
						<string>(0.000000, 0.000000, 0.000000)</string>
						<string>(0.000000, 0.000000, 0.000000)</string>
						<string>(0.000000, 0.000000, 0.000000)</string>
						<string>(0.000000, 0.000000, 0.000000)</string>
						<string>(0.000000, 0.000000, 0.000000)</string>
						<string>(0.000000, 0.000000, 0.000000)</string>
						<string>(0.000000, 0.000000, 0.000000)</string>
						<string>(0.000000, 0.000000, 0.000000)</string>
						<string>(0.000000, 0.000000, 0.000000)</string>
						<string>(0.000000, 0.000000, 0.000000)</string>
						<string>(0.000000, 0.000000, 0.000000)</string>
						<string>(0.000000, 0.000000, 0.000000)</string>
						<string>(0.000000, 0.000000, 0.000000)</string>
						<string>(0.000000, 0.000000, 0.000000)</string>
						<string>(0.000000, 0.000000, 0.000000)</string>
						<string>(0.000000, 0.000000, 0.000000)</string>
						<string>(0.000000, 0.000000, 0.000000)</string>
						<string>(0.000000, 0.000000, 0.000000)</string>
						<string>(0.000000, 0.000000, 0.000000)</string>
						<string>(0.000000, 0.000000, 0.000000)</string>
						<string>(0.000000, 0.000000, 0.000000)</string>
						<string>(0.000000, 0.000000, 0.000000)</string>
						<string>(0.000000, 0.000000, 0.000000)</string>
						<string>(0.000000, 0.000000, 0.000000)</string>
						<string>(0.000000, 0.000000, 0.000000)</string>
						<string>(0.000000, 0.000000, 0.000000)</string>
						<string>(0.000000, 0.000000, 0.000000)</string>
						<string>(0.000000, 0.000000, 0.000000)</string>
						<string>(0.000000, 0.000000, 0.000000)</string>
						<string>(0.000000, 0.000000, 0.000000)</string>
						<string>(0.000000, 0.000000, 0.000000)</string>
						<string>(0.000000, 0.000000, 0.000000)</string>
						<string>(0.000000, 0.000000, 0.000000)</string>
						<string>(0.000000, 0.000000, 0.000000)</string>
						<string>(0.000000, 0.000000, 0.000000)</string>
						<string>(0.000000, 0.000000, 0.000000)</string>
						<string>(0.000000, 0.000000, 0.000000)</string>
						<string>(0.000000, 0.000000, 0.000000)</string>
						<string>(0.000000, 0.000000, 0.000000)</string>
						<string>(0.000000, 0.000000, 0.000000)</string>
						<string>(0.000000, 0.000000, 0.000000)</string>
						<string>(0.000000, 0.000000, 0.000000)</string>
						<string>(0.000000, 0.000000, 0.000000)</string>
						<string>(0.000000, 0.000000, 0.000000)</string>
						<string>(0.000000, 0.000000, 0.000000)</string>
						<string>(0.000000, 0.000000, 0.000000)</string>
						<string>(0.000000, 0.000000, 0.000000)</string>
						<string>(0.000000, 0.000000, 0.000000)</string>
						<string>(0.000000, 0.000000, 0.000000)</string>
						<string>(0.000000, 0.000000, 0.000000)</string>
						<string>(0.000000, 0.000000, 0.000000)</string>
						<string>(0.000000, 0.000000, 0.000000)</string>
						<string>(0.000000, 0.000000, 0.000000)</string>
						<string>(0.000000, 0.000000, 0.000000)</string>
						<string>(0.000000, 0.000000, 0.000000)</string>
						<string>(0.000000, 0.000000, 0.000000)</string>
						<string>(0.000000, 0.000000, 0.000000)</string>
						<string>(0.000000, 0.000000, 0.000000)</string>
						<string>(0.000000, 0.000000, 0.000000)</string>
						<string>(0.000000, 0.000000, 0.000000)</string>
						<string>(0.000000, 0.000000, 0.000000)</string>
						<string>(0.000000, 0.000000, 0.000000)</string>
						<string>(0.000000, 0.000000, 0.000000)</string>
						<string>(0.000000, 0.000000, 0.000000)</string>
						<string>(0.000000, 0.000000, 0.000000)</string>
						<string>(0.000000, 0.000000, 0.000000)</string>
						<string>(0.000000, 0.000000, 0.000000)</string>
						<string>(0.000000, 0.000000, 0.000000)</string>
						<string>(0.000000, 0.000000, 0.000000)</string>
						<string>(0.000000, 0.000000, 0.000000)</string>
						<string>(0.000000, 0.000000, 0.000000)</string>
						<string>(0.000000, 0.000000, 0.000000)</string>
						<string>(0.000000, 0.000000, 0.000000)</string>
						<string>(0.000000, 0.000000, 0.000000)</string>
						<string>(0.000000, 0.000000, 0.000000)</string>
						<string>(0.000000, 0.000000, 0.000000)</string>
						<string>(0.000000, 0.000000, 0.000000)</string>
						<string>(0.000000, 0.000000, 0.000000)</string>
						<string>(0.000000, 0.000000, 0.000000)</string>
						<string>(0.000000, 0.000000, 0.000000)</string>
						<string>(0.000000, 0.000000, 0.000000)</string>
						<string>(0.000000, 0.000000, 0.000000)</string>
						<string>(0.000000, 0.000000, 0.000000)</string>
						<string>(0.000000, 0.000000, 0.000000)</string>
						<string>(0.000000, 0.000000, 0.000000)</string>
						<string>(0.000000, 0.000000, 0.000000)</string>
						<string>(0.000000, 0.000000, 0.000000)</string>
						<string>(0.000000, 0.000000, 0.000000)</string>
						<string>(0.000000, 0.000000, 0.000000)</string>
						<string>(0.000000, 0.000000, 0.000000)</string>
						<string>(0.000000, 0.000000, 0.000000)</string>
						<string>(0.000000, 0.000000, 0.000000)</string>
						<string>(0.000000, 0.000000, 0.000000)</string>
						<string>(0.000000, 0.000000, 0.000000)</string>
						<string>(0.000000, 0.000000, 0.000000)</string>
						<string>(0.000000, 0.000000, 0.000000)</string>
						<string>(0.000000, 0.000000, 0.000000)</string>
						<string>(0.000000, 0.000000, 0.000000)</string>
						<string>(0.000000, 0.000000, 0.000000)</string>
						<string>(0.000000, 0.000000, 0.000000)</string>
						<string>(0.000000, 0.000000, 0.000000)</string>
						<string>(0.000000, 0.000000, 0.000000)</string>
						<string>(0.000000, 0.000000, 0.000000)</string>
						<string>(0.000000, 0.000000, 0.000000)</string>
						<string>(0.000000, 0.000000, 0.000000)</string>
						<string>(0.000000, 0.000000, 0.000000)</string>
						<string>(0.000000, 0.000000, 0.000000)</string>
						<string>(0.000000, 0.000000, 0.000000)</string>
						<string>(0.000000, 0.000000, 0.000000)</string>
					</array>
					<key>Point_px</key>
					<array>
						<string>(748.846985, 1444.959961)</string>
						<string>(747.317017, 1452.609985)</string>
						<string>(745.020996, 1460.260010)</string>
						<string>(751.906982, 1467.910034)</string>
						<string>(757.263000, 1475.560059)</string>
						<string>(762.619019, 1483.979980)</string>
						<string>(767.208984, 1491.630005)</string>
						<string>(769.505005, 1499.280029)</string>
						<string>(777.156006, 1506.170044)</string>
						<string>(785.572021, 1506.170044)</string>
						<string>(793.987976, 1503.109985)</string>
						<string>(802.403992, 1498.520020)</string>
						<string>(810.820007, 1497.750000)</string>
						<string>(819.236023, 1493.930054)</string>
						<string>(827.651978, 1487.800049)</string>
						<string>(836.067993, 1486.270020)</string>
						<string>(840.658997, 1493.930054)</string>
						<string>(837.598022, 1502.339966)</string>
						<string>(829.947021, 1509.989990)</string>
						<string>(821.531006, 1516.109985)</string>
						<string>(815.409973, 1523.760010)</string>
						<string>(807.758972, 1528.349976)</string>
						<string>(799.343018, 1528.349976)</string>
						<string>(791.692017, 1528.349976)</string>
						<string>(793.987976, 1536.770020)</string>
						<string>(797.812988, 1544.420044)</string>
						<string>(800.107971, 1552.069946)</string>
						<string>(792.456970, 1558.959961)</string>
						<string>(784.806030, 1557.430054)</string>
						<string>(782.510986, 1565.839966)</string>
						<string>(786.336975, 1573.500000)</string>
						<string>(793.987976, 1575.790039)</string>
						<string>(802.403992, 1571.199951)</string>
						<string>(810.820007, 1565.839966)</string>
						<string>(819.236023, 1566.609985)</string>
						<string>(827.651978, 1571.199951)</string>
						<string>(836.067993, 1574.260010)</string>
						<string>(844.484009, 1573.500000)</string>
						<string>(852.900024, 1571.969971)</string>
						<string>(860.551025, 1573.500000)</string>
						<string>(868.966980, 1574.260010)</string>
						<string>(876.617981, 1574.260010)</string>
						<string>(884.268982, 1574.260010)</string>
						<string>(891.919983, 1574.260010)</string>
						<string>(900.335999, 1574.260010)</string>
						<string>(908.752014, 1574.260010)</string>
						<string>(917.168030, 1574.260010)</string>
						<string>(924.818970, 1575.790039)</string>
						<string>(932.469971, 1578.849976)</string>
						<string>(940.120972, 1581.910034)</string>
						<string>(948.536987, 1588.030029)</string>
						<string>(954.658020, 1595.680054)</string>
						<string>(959.249023, 1603.329956)</string>
						<string>(963.073975, 1610.989990)</string>
						<string>(964.096985, 1621.579956)</string>
						<string>(962.309021, 1627.050049)</string>
						<string>(962.309021, 1634.699951)</string>
						<string>(960.013977, 1643.119995)</string>
						<string>(956.953979, 1650.770020)</string>
						<string>(953.127991, 1658.420044)</string>
						<string>(951.393982, 1667.150024)</string>
						<string>(948.666992, 1674.640015)</string>
						<string>(938.366028, 1687.239990)</string>
						<string>(933.929016, 1703.209961)</string>
						<string>(915.296021, 1700.550049)</string>
						<string>(897.549988, 1692.560059)</string>
						<string>(882.466003, 1690.790039)</string>
						<string>(900.211975, 1716.520020)</string>
						<string>(902.874023, 1730.719971)</string>
						<string>(886.903015, 1732.489990)</string>
						<string>(853.185974, 1714.739990)</string>
						<string>(875.367981, 1736.930054)</string>
						<string>(901.098999, 1752.010010)</string>
						<string>(892.090027, 1763.939941)</string>
						<string>(884.591980, 1765.979980)</string>
						<string>(877.093018, 1763.939941)</string>
						<string>(870.276978, 1756.439941)</string>
						<string>(862.778992, 1750.310059)</string>
						<string>(855.281006, 1744.849976)</string>
						<string>(847.781982, 1741.449951)</string>
						<string>(840.283997, 1740.079956)</string>
						<string>(833.468018, 1747.579956)</string>
						<string>(833.468018, 1755.079956)</string>
						<string>(836.193970, 1762.579956)</string>
						<string>(837.557983, 1770.069946)</string>
						<string>(843.010986, 1780.300049)</string>
						<string>(850.508972, 1785.069946)</string>
						<string>(858.007019, 1790.520020)</string>
						<string>(865.505005, 1794.609985)</string>
						<string>(871.640015, 1802.109985)</string>
						<string>(875.729980, 1809.609985)</string>
						<string>(877.818970, 1816.229980)</string>
						<string>(870.614990, 1814.260010)</string>
						<string>(864.067017, 1811.640015)</string>
						<string>(856.862976, 1808.369995)</string>
						<string>(850.314026, 1802.469971)</string>
						<string>(843.111023, 1796.579956)</string>
						<string>(836.562012, 1792.650024)</string>
						<string>(829.359009, 1788.069946)</string>
						<string>(822.809998, 1783.479980)</string>
						<string>(815.606018, 1780.209961)</string>
						<string>(809.057983, 1778.900024)</string>
						<string>(802.508972, 1773.660034)</string>
						<string>(797.270020, 1767.109985)</string>
						<string>(791.375977, 1759.910034)</string>
						<string>(789.411987, 1753.359985)</string>
						<string>(788.757019, 1746.810059)</string>
						<string>(788.757019, 1740.260010)</string>
						<string>(788.101990, 1733.709961)</string>
						<string>(783.518005, 1727.160034)</string>
						<string>(776.314026, 1721.270020)</string>
						<string>(769.111023, 1716.030029)</string>
						<string>(762.562012, 1715.380005)</string>
						<string>(756.013000, 1716.689941)</string>
						<string>(752.739014, 1723.239990)</string>
						<string>(754.703979, 1729.780029)</string>
						<string>(761.252014, 1735.680054)</string>
						<string>(768.455994, 1740.260010)</string>
						<string>(771.729980, 1746.810059)</string>
						<string>(771.075012, 1753.359985)</string>
						<string>(772.385010, 1759.910034)</string>
						<string>(775.005005, 1767.109985)</string>
						<string>(776.314026, 1773.660034)</string>
						<string>(776.314026, 1780.209961)</string>
						<string>(779.588989, 1787.410034)</string>
						<string>(783.518005, 1793.959961)</string>
						<string>(787.447021, 1801.170044)</string>
						<string>(788.757019, 1807.709961)</string>
						<string>(787.447021, 1814.260010)</string>
						<string>(788.101990, 1821.469971)</string>
						<string>(790.721008, 1828.010010)</string>
						<string>(797.270020, 1835.219971)</string>
						<string>(802.508972, 1841.770020)</string>
						<string>(807.093018, 1848.969971)</string>
						<string>(813.642029, 1853.550049)</string>
						<string>(818.880981, 1860.099976)</string>
						<string>(822.155029, 1866.650024)</string>
						<string>(827.393982, 1873.199951)</string>
						<string>(831.322998, 1879.750000)</string>
						<string>(831.322998, 1886.300049)</string>
						<string>(824.119995, 1887.609985)</string>
						<string>(817.570984, 1883.680054)</string>
						<string>(811.021973, 1879.750000)</string>
						<string>(804.473999, 1873.199951)</string>
						<string>(797.924988, 1867.310059)</string>
						<string>(791.375977, 1864.689941)</string>
						<string>(784.828003, 1861.410034)</string>
						<string>(780.898010, 1854.859985)</string>
						<string>(776.968994, 1847.660034)</string>
						<string>(773.695007, 1841.109985)</string>
						<string>(770.419983, 1834.560059)</string>
						<string>(765.835999, 1827.359985)</string>
						<string>(761.252014, 1820.810059)</string>
						<string>(756.668030, 1813.609985)</string>
						<string>(753.393982, 1807.060059)</string>
						<string>(748.809998, 1800.510010)</string>
						<string>(744.226013, 1793.310059)</string>
						<string>(740.296021, 1786.760010)</string>
						<string>(733.747986, 1782.170044)</string>
						<string>(727.198975, 1786.099976)</string>
						<string>(724.580017, 1792.650024)</string>
						<string>(723.924988, 1799.199951)</string>
						<string>(723.924988, 1805.750000)</string>
						<string>(724.580017, 1812.300049)</string>
						<string>(725.888977, 1818.849976)</string>
						<string>(725.888977, 1825.400024)</string>
						<string>(725.888977, 1831.939941)</string>
						<string>(727.198975, 1839.150024)</string>
						<string>(728.508972, 1845.699951)</string>
						<string>(729.817993, 1852.239990)</string>
						<string>(730.473022, 1858.790039)</string>
						<string>(728.508972, 1865.339966)</string>
						<string>(721.304993, 1865.339966)</string>
						<string>(714.101990, 1864.030029)</string>
						<string>(707.552979, 1862.719971)</string>
						<string>(701.004028, 1860.760010)</string>
						<string>(693.801025, 1855.520020)</string>
						<string>(686.596985, 1848.319946)</string>
						<string>(680.703003, 1841.770020)</string>
						<string>(676.773987, 1835.219971)</string>
						<string>(673.500000, 1828.670044)</string>
						<string>(670.224976, 1822.119995)</string>
						<string>(667.606018, 1815.569946)</string>
						<string>(663.021973, 1808.369995)</string>
						<string>(655.817993, 1806.400024)</string>
						<string>(648.614990, 1806.400024)</string>
						<string>(642.721008, 1812.949951)</string>
						<string>(640.755981, 1820.160034)</string>
						<string>(640.755981, 1826.699951)</string>
						<string>(641.411011, 1833.250000)</string>
						<string>(641.411011, 1839.800049)</string>
						<string>(642.065979, 1846.349976)</string>
						<string>(642.721008, 1852.900024)</string>
						<string>(640.755981, 1859.449951)</string>
						<string>(633.122986, 1864.109985)</string>
						<string>(625.807983, 1864.109985)</string>
						<string>(618.492004, 1864.109985)</string>
						<string>(610.445984, 1861.180054)</string>
						<string>(602.398987, 1856.790039)</string>
						<string>(594.351990, 1850.209961)</string>
						<string>(588.500000, 1842.890015)</string>
						<string>(588.500000, 1835.579956)</string>
						<string>(589.231995, 1828.260010)</string>
						<string>(592.888977, 1820.949951)</string>
						<string>(595.815002, 1812.900024)</string>
						<string>(594.351990, 1805.579956)</string>
						<string>(590.695007, 1798.270020)</string>
						<string>(589.231995, 1790.219971)</string>
						<string>(587.768982, 1782.180054)</string>
						<string>(583.380005, 1774.859985)</string>
						<string>(578.991028, 1767.540039)</string>
						<string>(571.674988, 1764.619995)</string>
						<string>(564.359985, 1765.349976)</string>
						<string>(561.434021, 1776.319946)</string>
						<string>(559.971008, 1783.640015)</string>
						<string>(559.971008, 1790.949951)</string>
						<string>(559.971008, 1798.270020)</string>
						<string>(557.776978, 1809.239990)</string>
						<string>(550.460999, 1810.699951)</string>
						<string>(543.145996, 1807.780029)</string>
						<string>(535.830994, 1801.930054)</string>
						<string>(532.905029, 1794.609985)</string>
						<string>(533.637024, 1787.300049)</string>
						<string>(535.830994, 1779.979980)</string>
						<string>(532.905029, 1771.930054)</string>
						<string>(525.590027, 1764.619995)</string>
						<string>(518.275024, 1766.079956)</string>
						<string>(510.959015, 1769.010010)</string>
						<string>(503.644012, 1771.930054)</string>
						<string>(496.329010, 1773.400024)</string>
						<string>(488.282013, 1776.319946)</string>
						<string>(480.967010, 1771.930054)</string>
						<string>(480.967010, 1763.890015)</string>
						<string>(488.282013, 1758.040039)</string>
						<string>(495.597992, 1752.910034)</string>
						<string>(503.644012, 1751.449951)</string>
						<string>(510.227997, 1744.140015)</string>
						<string>(502.912994, 1741.209961)</string>
						<string>(494.865997, 1739.750000)</string>
						<string>(487.550995, 1736.819946)</string>
						<string>(480.235992, 1733.900024)</string>
						<string>(472.920013, 1732.430054)</string>
						<string>(465.605011, 1731.699951)</string>
						<string>(457.269012, 1735.560059)</string>
						<string>(449.498993, 1734.000000)</string>
						<string>(449.498993, 1725.459961)</string>
						<string>(453.384003, 1717.689941)</string>
						<string>(452.606995, 1709.920044)</string>
						<string>(444.837006, 1704.479980)</string>
						<string>(436.290009, 1700.589966)</string>
						<string>(427.743011, 1699.819946)</string>
						<string>(419.972992, 1702.150024)</string>
						<string>(412.203003, 1704.479980)</string>
						<string>(404.433014, 1709.140015)</string>
						<string>(395.886993, 1716.130005)</string>
						<string>(397.440002, 1703.699951)</string>
						<string>(403.656006, 1695.150024)</string>
						<string>(410.648987, 1686.609985)</string>
						<string>(416.864990, 1678.839966)</string>
						<string>(414.533997, 1671.069946)</string>
						<string>(402.101990, 1661.739990)</string>
						<string>(395.886993, 1653.969971)</string>
						<string>(390.447998, 1646.199951)</string>
						<string>(385.009003, 1637.660034)</string>
						<string>(381.123993, 1629.109985)</string>
						<string>(377.239014, 1621.339966)</string>
						<string>(378.792999, 1613.569946)</string>
						<string>(375.684998, 1605.800049)</string>
						<string>(371.799988, 1597.250000)</string>
						<string>(379.570007, 1596.479980)</string>
						<string>(388.117004, 1600.359985)</string>
						<string>(396.664001, 1603.469971)</string>
						<string>(405.209991, 1606.579956)</string>
						<string>(412.980011, 1606.579956)</string>
						<string>(420.750000, 1604.250000)</string>
						<string>(422.303986, 1596.479980)</string>
						<string>(417.641998, 1588.709961)</string>
						<string>(413.756989, 1580.160034)</string>
						<string>(409.095001, 1571.609985)</string>
						<string>(405.987000, 1563.839966)</string>
						<string>(402.878998, 1556.069946)</string>
						<string>(399.772003, 1548.300049)</string>
						<string>(397.440002, 1539.760010)</string>
						<string>(397.440002, 1531.209961)</string>
						<string>(398.217987, 1522.660034)</string>
						<string>(402.101990, 1514.119995)</string>
						<string>(407.540985, 1505.569946)</string>
						<string>(415.311005, 1497.800049)</string>
						<string>(423.858002, 1492.359985)</string>
						<string>(431.627991, 1487.699951)</string>
						<string>(436.290009, 1479.930054)</string>
						<string>(427.743011, 1474.489990)</string>
						<string>(419.972992, 1472.939941)</string>
						<string>(406.764008, 1468.270020)</string>
						<string>(415.311005, 1462.060059)</string>
						<string>(423.858002, 1462.829956)</string>
						<string>(431.627991, 1463.609985)</string>
						<string>(439.398010, 1462.829956)</string>
						<string>(441.729004, 1455.060059)</string>
						<string>(433.959015, 1450.400024)</string>
						<string>(426.188995, 1446.520020)</string>
						<string>(417.641998, 1442.630005)</string>
						<string>(408.436005, 1435.910034)</string>
						<string>(416.725006, 1429.880005)</string>
						<string>(425.015015, 1432.140015)</string>
						<string>(433.303986, 1437.420044)</string>
						<string>(440.839996, 1441.189941)</string>
						<string>(449.128998, 1442.689941)</string>
						<string>(457.417999, 1441.939941)</string>
						<string>(465.707001, 1440.430054)</string>
						<string>(473.996002, 1432.900024)</string>
						<string>(477.764008, 1424.609985)</string>
						<string>(478.755005, 1415.500000)</string>
						<string>(482.967010, 1407.079956)</string>
						<string>(490.549011, 1397.810059)</string>
						<string>(498.131012, 1407.079956)</string>
						<string>(504.869995, 1415.500000)</string>
						<string>(514.137024, 1419.719971)</string>
						<string>(523.403992, 1419.719971)</string>
						<string>(533.513977, 1413.819946)</string>
						<string>(537.320984, 1425.420044)</string>
						<string>(539.411011, 1432.349976)</string>
						<string>(542.781006, 1441.619995)</string>
						<string>(552.046997, 1443.300049)</string>
						<string>(560.471985, 1434.040039)</string>
						<string>(562.156982, 1424.770020)</string>
						<string>(559.629028, 1415.500000)</string>
						<string>(559.629028, 1407.079956)</string>
						<string>(560.471985, 1397.810059)</string>
						<string>(561.314026, 1388.550049)</string>
						<string>(562.156982, 1380.119995)</string>
						<string>(562.999023, 1370.849976)</string>
						<string>(562.999023, 1361.589966)</string>
						<string>(562.156982, 1352.319946)</string>
						<string>(557.101990, 1343.900024)</string>
						<string>(548.677979, 1334.630005)</string>
						<string>(557.945007, 1329.569946)</string>
						<string>(567.210999, 1330.420044)</string>
						<string>(575.635986, 1337.160034)</string>
						<string>(577.320984, 1327.890015)</string>
						<string>(568.054016, 1319.459961)</string>
						<string>(563.841980, 1310.199951)</string>
						<string>(566.369019, 1300.930054)</string>
						<string>(575.635986, 1296.719971)</string>
						<string>(584.903015, 1302.619995)</string>
						<string>(594.169983, 1310.199951)</string>
						<string>(603.437012, 1307.670044)</string>
						<string>(605.120972, 1298.400024)</string>
						<string>(597.539001, 1289.140015)</string>
						<string>(593.208008, 1279.969971)</string>
						<string>(586.109985, 1271.099976)</string>
						<string>(580.786011, 1261.339966)</string>
						<string>(579.012024, 1251.579956)</string>
						<string>(578.124023, 1241.819946)</string>
						<string>(583.447998, 1232.060059)</string>
						<string>(593.208008, 1225.839966)</string>
						<string>(602.080994, 1222.300049)</string>
						<string>(611.841980, 1221.410034)</string>
						<string>(621.601990, 1222.300049)</string>
						<string>(631.362000, 1223.180054)</string>
						<string>(641.122009, 1223.180054)</string>
						<string>(651.770020, 1220.520020)</string>
						<string>(659.755981, 1230.280029)</string>
						<string>(664.192017, 1240.040039)</string>
						<string>(665.966980, 1249.800049)</string>
						<string>(667.741028, 1259.560059)</string>
						<string>(673.065002, 1269.319946)</string>
						<string>(678.388977, 1279.079956)</string>
						<string>(688.148987, 1287.069946)</string>
						<string>(697.908997, 1293.280029)</string>
						<string>(701.458008, 1303.040039)</string>
						<string>(702.346008, 1312.800049)</string>
						<string>(705.895020, 1322.560059)</string>
						<string>(715.655029, 1319.900024)</string>
						<string>(724.528015, 1321.670044)</string>
						<string>(734.288025, 1327.880005)</string>
						<string>(740.499023, 1337.640015)</string>
						<string>(741.387024, 1347.400024)</string>
						<string>(735.176025, 1357.160034)</string>
						<string>(728.963989, 1366.920044)</string>
						<string>(728.077026, 1376.680054)</string>
						<string>(727.190002, 1386.449951)</string>
						<string>(728.963989, 1396.209961)</string>
						<string>(731.625977, 1405.079956)</string>
						<string>(733.401001, 1414.839966)</string>
						<string>(736.950012, 1424.599976)</string>
						<string>(741.387024, 1434.359985)</string>
						<string>(750.260010, 1439.680054)</string>
					</array>
					<key>Total</key>
					<real>0.0</real>
					<key>Type</key>
					<integer>15</integer>
				</dict>
				<dict>
					<key>Area</key>
					<real>0.0085014998912811279</real>
					<key>Center</key>
					<string>(0.000000, 0.000000, 0.000000)</string>
					<key>Dev</key>
					<real>0.0</real>
					<key>IndexInImage</key>
					<integer>4</integer>
					<key>Max</key>
					<real>0.0</real>
					<key>Mean</key>
					<real>0.0</real>
					<key>Min</key>
					<real>0.0</real>
					<key>Name</key>
					<string>Calcification</string>
					<key>NumberOfPoints</key>
					<integer>6</integer>
					<key>Point_mm</key>
					<array>
						<string>(0.000000, 0.000000, 0.000000)</string>
						<string>(0.000000, 0.000000, 0.000000)</string>
						<string>(0.000000, 0.000000, 0.000000)</string>
						<string>(0.000000, 0.000000, 0.000000)</string>
						<string>(0.000000, 0.000000, 0.000000)</string>
						<string>(0.000000, 0.000000, 0.000000)</string>
					</array>
					<key>Point_px</key>
					<array>
						<string>(432.959015, 2170.459961)</string>
						<string>(430.971008, 2160.679932)</string>
						<string>(439.402008, 2162.090088)</string>
						<string>(442.623993, 2169.169922)</string>
						<string>(443.911987, 2176.260010)</string>
						<string>(437.468994, 2178.189941)</string>
					</array>
					<key>Total</key>
					<real>0.0</real>
					<key>Type</key>
					<integer>15</integer>
				</dict>
			</array>
		</dict>
	</array>
</dict>
</plist>
