<?xml version="1.0" encoding="UTF-8"?>
<!DOCTYPE plist PUBLIC "-//Apple//DTD PLIST 1.0//EN" "http://www.apple.com/DTDs/PropertyList-1.0.dtd">
<plist version="1.0">
<dict>
	<key>Images</key>
	<array>
		<dict>
			<key>ImageIndex</key>
			<integer>0</integer>
			<key>NumberOfROIs</key>
			<integer>2</integer>
			<key>ROIs</key>
			<array>
				<dict>
					<key>Area</key>
					<real>0.0</real>
					<key>Center</key>
					<string>(0.000000, 0.000000, 0.000000)</string>
					<key>Dev</key>
					<real>0.0</real>
					<key>IndexInImage</key>
					<integer>0</integer>
					<key>Max</key>
					<real>0.0</real>
					<key>Mean</key>
					<real>0.0</real>
					<key>Min</key>
					<real>0.0</real>
					<key>Name</key>
					<string>Calcification</string>
					<key>NumberOfPoints</key>
					<integer>1</integer>
					<key>Point_mm</key>
					<array>
						<string>(0.000000, 0.000000, 0.000000)</string>
					</array>
					<key>Point_px</key>
					<array>
						<string>(527.958984, 1490.650024)</string>
					</array>
					<key>Total</key>
					<real>0.0</real>
					<key>Type</key>
					<integer>19</integer>
				</dict>
				<dict>
					<key>Area</key>
					<real>2.2959425449371338</real>
					<key>Center</key>
					<string>(0.000000, 0.000000, 0.000000)</string>
					<key>Dev</key>
					<real>0.0</real>
					<key>IndexInImage</key>
					<integer>1</integer>
					<key>Max</key>
					<real>0.0</real>
					<key>Mean</key>
					<real>0.0</real>
					<key>Min</key>
					<real>0.0</real>
					<key>Name</key>
					<string>Mass</string>
					<key>NumberOfPoints</key>
					<integer>220</integer>
					<key>Point_mm</key>
					<array>
						<string>(0.000000, 0.000000, 0.000000)</string>
						<string>(0.000000, 0.000000, 0.000000)</string>
						<string>(0.000000, 0.000000, 0.000000)</string>
						<string>(0.000000, 0.000000, 0.000000)</string>
						<string>(0.000000, 0.000000, 0.000000)</string>
						<string>(0.000000, 0.000000, 0.000000)</string>
						<string>(0.000000, 0.000000, 0.000000)</string>
						<string>(0.000000, 0.000000, 0.000000)</string>
						<string>(0.000000, 0.000000, 0.000000)</string>
						<string>(0.000000, 0.000000, 0.000000)</string>
						<string>(0.000000, 0.000000, 0.000000)</string>
						<string>(0.000000, 0.000000, 0.000000)</string>
						<string>(0.000000, 0.000000, 0.000000)</string>
						<string>(0.000000, 0.000000, 0.000000)</string>
						<string>(0.000000, 0.000000, 0.000000)</string>
						<string>(0.000000, 0.000000, 0.000000)</string>
						<string>(0.000000, 0.000000, 0.000000)</string>
						<string>(0.000000, 0.000000, 0.000000)</string>
						<string>(0.000000, 0.000000, 0.000000)</string>
						<string>(0.000000, 0.000000, 0.000000)</string>
						<string>(0.000000, 0.000000, 0.000000)</string>
						<string>(0.000000, 0.000000, 0.000000)</string>
						<string>(0.000000, 0.000000, 0.000000)</string>
						<string>(0.000000, 0.000000, 0.000000)</string>
						<string>(0.000000, 0.000000, 0.000000)</string>
						<string>(0.000000, 0.000000, 0.000000)</string>
						<string>(0.000000, 0.000000, 0.000000)</string>
						<string>(0.000000, 0.000000, 0.000000)</string>
						<string>(0.000000, 0.000000, 0.000000)</string>
						<string>(0.000000, 0.000000, 0.000000)</string>
						<string>(0.000000, 0.000000, 0.000000)</string>
						<string>(0.000000, 0.000000, 0.000000)</string>
						<string>(0.000000, 0.000000, 0.000000)</string>
						<string>(0.000000, 0.000000, 0.000000)</string>
						<string>(0.000000, 0.000000, 0.000000)</string>
						<string>(0.000000, 0.000000, 0.000000)</string>
						<string>(0.000000, 0.000000, 0.000000)</string>
						<string>(0.000000, 0.000000, 0.000000)</string>
						<string>(0.000000, 0.000000, 0.000000)</string>
						<string>(0.000000, 0.000000, 0.000000)</string>
						<string>(0.000000, 0.000000, 0.000000)</string>
						<string>(0.000000, 0.000000, 0.000000)</string>
						<string>(0.000000, 0.000000, 0.000000)</string>
						<string>(0.000000, 0.000000, 0.000000)</string>
						<string>(0.000000, 0.000000, 0.000000)</string>
						<string>(0.000000, 0.000000, 0.000000)</string>
						<string>(0.000000, 0.000000, 0.000000)</string>
						<string>(0.000000, 0.000000, 0.000000)</string>
						<string>(0.000000, 0.000000, 0.000000)</string>
						<string>(0.000000, 0.000000, 0.000000)</string>
						<string>(0.000000, 0.000000, 0.000000)</string>
						<string>(0.000000, 0.000000, 0.000000)</string>
						<string>(0.000000, 0.000000, 0.000000)</string>
						<string>(0.000000, 0.000000, 0.000000)</string>
						<string>(0.000000, 0.000000, 0.000000)</string>
						<string>(0.000000, 0.000000, 0.000000)</string>
						<string>(0.000000, 0.000000, 0.000000)</string>
						<string>(0.000000, 0.000000, 0.000000)</string>
						<string>(0.000000, 0.000000, 0.000000)</string>
						<string>(0.000000, 0.000000, 0.000000)</string>
						<string>(0.000000, 0.000000, 0.000000)</string>
						<string>(0.000000, 0.000000, 0.000000)</string>
						<string>(0.000000, 0.000000, 0.000000)</string>
						<string>(0.000000, 0.000000, 0.000000)</string>
						<string>(0.000000, 0.000000, 0.000000)</string>
						<string>(0.000000, 0.000000, 0.000000)</string>
						<string>(0.000000, 0.000000, 0.000000)</string>
						<string>(0.000000, 0.000000, 0.000000)</string>
						<string>(0.000000, 0.000000, 0.000000)</string>
						<string>(0.000000, 0.000000, 0.000000)</string>
						<string>(0.000000, 0.000000, 0.000000)</string>
						<string>(0.000000, 0.000000, 0.000000)</string>
						<string>(0.000000, 0.000000, 0.000000)</string>
						<string>(0.000000, 0.000000, 0.000000)</string>
						<string>(0.000000, 0.000000, 0.000000)</string>
						<string>(0.000000, 0.000000, 0.000000)</string>
						<string>(0.000000, 0.000000, 0.000000)</string>
						<string>(0.000000, 0.000000, 0.000000)</string>
						<string>(0.000000, 0.000000, 0.000000)</string>
						<string>(0.000000, 0.000000, 0.000000)</string>
						<string>(0.000000, 0.000000, 0.000000)</string>
						<string>(0.000000, 0.000000, 0.000000)</string>
						<string>(0.000000, 0.000000, 0.000000)</string>
						<string>(0.000000, 0.000000, 0.000000)</string>
						<string>(0.000000, 0.000000, 0.000000)</string>
						<string>(0.000000, 0.000000, 0.000000)</string>
						<string>(0.000000, 0.000000, 0.000000)</string>
						<string>(0.000000, 0.000000, 0.000000)</string>
						<string>(0.000000, 0.000000, 0.000000)</string>
						<string>(0.000000, 0.000000, 0.000000)</string>
						<string>(0.000000, 0.000000, 0.000000)</string>
						<string>(0.000000, 0.000000, 0.000000)</string>
						<string>(0.000000, 0.000000, 0.000000)</string>
						<string>(0.000000, 0.000000, 0.000000)</string>
						<string>(0.000000, 0.000000, 0.000000)</string>
						<string>(0.000000, 0.000000, 0.000000)</string>
						<string>(0.000000, 0.000000, 0.000000)</string>
						<string>(0.000000, 0.000000, 0.000000)</string>
						<string>(0.000000, 0.000000, 0.000000)</string>
						<string>(0.000000, 0.000000, 0.000000)</string>
						<string>(0.000000, 0.000000, 0.000000)</string>
						<string>(0.000000, 0.000000, 0.000000)</string>
						<string>(0.000000, 0.000000, 0.000000)</string>
						<string>(0.000000, 0.000000, 0.000000)</string>
						<string>(0.000000, 0.000000, 0.000000)</string>
						<string>(0.000000, 0.000000, 0.000000)</string>
						<string>(0.000000, 0.000000, 0.000000)</string>
						<string>(0.000000, 0.000000, 0.000000)</string>
						<string>(0.000000, 0.000000, 0.000000)</string>
						<string>(0.000000, 0.000000, 0.000000)</string>
						<string>(0.000000, 0.000000, 0.000000)</string>
						<string>(0.000000, 0.000000, 0.000000)</string>
						<string>(0.000000, 0.000000, 0.000000)</string>
						<string>(0.000000, 0.000000, 0.000000)</string>
						<string>(0.000000, 0.000000, 0.000000)</string>
						<string>(0.000000, 0.000000, 0.000000)</string>
						<string>(0.000000, 0.000000, 0.000000)</string>
						<string>(0.000000, 0.000000, 0.000000)</string>
						<string>(0.000000, 0.000000, 0.000000)</string>
						<string>(0.000000, 0.000000, 0.000000)</string>
						<string>(0.000000, 0.000000, 0.000000)</string>
						<string>(0.000000, 0.000000, 0.000000)</string>
						<string>(0.000000, 0.000000, 0.000000)</string>
						<string>(0.000000, 0.000000, 0.000000)</string>
						<string>(0.000000, 0.000000, 0.000000)</string>
						<string>(0.000000, 0.000000, 0.000000)</string>
						<string>(0.000000, 0.000000, 0.000000)</string>
						<string>(0.000000, 0.000000, 0.000000)</string>
						<string>(0.000000, 0.000000, 0.000000)</string>
						<string>(0.000000, 0.000000, 0.000000)</string>
						<string>(0.000000, 0.000000, 0.000000)</string>
						<string>(0.000000, 0.000000, 0.000000)</string>
						<string>(0.000000, 0.000000, 0.000000)</string>
						<string>(0.000000, 0.000000, 0.000000)</string>
						<string>(0.000000, 0.000000, 0.000000)</string>
						<string>(0.000000, 0.000000, 0.000000)</string>
						<string>(0.000000, 0.000000, 0.000000)</string>
						<string>(0.000000, 0.000000, 0.000000)</string>
						<string>(0.000000, 0.000000, 0.000000)</string>
						<string>(0.000000, 0.000000, 0.000000)</string>
						<string>(0.000000, 0.000000, 0.000000)</string>
						<string>(0.000000, 0.000000, 0.000000)</string>
						<string>(0.000000, 0.000000, 0.000000)</string>
						<string>(0.000000, 0.000000, 0.000000)</string>
						<string>(0.000000, 0.000000, 0.000000)</string>
						<string>(0.000000, 0.000000, 0.000000)</string>
						<string>(0.000000, 0.000000, 0.000000)</string>
						<string>(0.000000, 0.000000, 0.000000)</string>
						<string>(0.000000, 0.000000, 0.000000)</string>
						<string>(0.000000, 0.000000, 0.000000)</string>
						<string>(0.000000, 0.000000, 0.000000)</string>
						<string>(0.000000, 0.000000, 0.000000)</string>
						<string>(0.000000, 0.000000, 0.000000)</string>
						<string>(0.000000, 0.000000, 0.000000)</string>
						<string>(0.000000, 0.000000, 0.000000)</string>
						<string>(0.000000, 0.000000, 0.000000)</string>
						<string>(0.000000, 0.000000, 0.000000)</string>
						<string>(0.000000, 0.000000, 0.000000)</string>
						<string>(0.000000, 0.000000, 0.000000)</string>
						<string>(0.000000, 0.000000, 0.000000)</string>
						<string>(0.000000, 0.000000, 0.000000)</string>
						<string>(0.000000, 0.000000, 0.000000)</string>
						<string>(0.000000, 0.000000, 0.000000)</string>
						<string>(0.000000, 0.000000, 0.000000)</string>
						<string>(0.000000, 0.000000, 0.000000)</string>
						<string>(0.000000, 0.000000, 0.000000)</string>
						<string>(0.000000, 0.000000, 0.000000)</string>
						<string>(0.000000, 0.000000, 0.000000)</string>
						<string>(0.000000, 0.000000, 0.000000)</string>
						<string>(0.000000, 0.000000, 0.000000)</string>
						<string>(0.000000, 0.000000, 0.000000)</string>
						<string>(0.000000, 0.000000, 0.000000)</string>
						<string>(0.000000, 0.000000, 0.000000)</string>
						<string>(0.000000, 0.000000, 0.000000)</string>
						<string>(0.000000, 0.000000, 0.000000)</string>
						<string>(0.000000, 0.000000, 0.000000)</string>
						<string>(0.000000, 0.000000, 0.000000)</string>
						<string>(0.000000, 0.000000, 0.000000)</string>
						<string>(0.000000, 0.000000, 0.000000)</string>
						<string>(0.000000, 0.000000, 0.000000)</string>
						<string>(0.000000, 0.000000, 0.000000)</string>
						<string>(0.000000, 0.000000, 0.000000)</string>
						<string>(0.000000, 0.000000, 0.000000)</string>
						<string>(0.000000, 0.000000, 0.000000)</string>
						<string>(0.000000, 0.000000, 0.000000)</string>
						<string>(0.000000, 0.000000, 0.000000)</string>
						<string>(0.000000, 0.000000, 0.000000)</string>
						<string>(0.000000, 0.000000, 0.000000)</string>
						<string>(0.000000, 0.000000, 0.000000)</string>
						<string>(0.000000, 0.000000, 0.000000)</string>
						<string>(0.000000, 0.000000, 0.000000)</string>
						<string>(0.000000, 0.000000, 0.000000)</string>
						<string>(0.000000, 0.000000, 0.000000)</string>
						<string>(0.000000, 0.000000, 0.000000)</string>
						<string>(0.000000, 0.000000, 0.000000)</string>
						<string>(0.000000, 0.000000, 0.000000)</string>
						<string>(0.000000, 0.000000, 0.000000)</string>
						<string>(0.000000, 0.000000, 0.000000)</string>
						<string>(0.000000, 0.000000, 0.000000)</string>
						<string>(0.000000, 0.000000, 0.000000)</string>
						<string>(0.000000, 0.000000, 0.000000)</string>
						<string>(0.000000, 0.000000, 0.000000)</string>
						<string>(0.000000, 0.000000, 0.000000)</string>
						<string>(0.000000, 0.000000, 0.000000)</string>
						<string>(0.000000, 0.000000, 0.000000)</string>
						<string>(0.000000, 0.000000, 0.000000)</string>
						<string>(0.000000, 0.000000, 0.000000)</string>
						<string>(0.000000, 0.000000, 0.000000)</string>
						<string>(0.000000, 0.000000, 0.000000)</string>
						<string>(0.000000, 0.000000, 0.000000)</string>
						<string>(0.000000, 0.000000, 0.000000)</string>
						<string>(0.000000, 0.000000, 0.000000)</string>
						<string>(0.000000, 0.000000, 0.000000)</string>
						<string>(0.000000, 0.000000, 0.000000)</string>
						<string>(0.000000, 0.000000, 0.000000)</string>
						<string>(0.000000, 0.000000, 0.000000)</string>
						<string>(0.000000, 0.000000, 0.000000)</string>
						<string>(0.000000, 0.000000, 0.000000)</string>
						<string>(0.000000, 0.000000, 0.000000)</string>
						<string>(0.000000, 0.000000, 0.000000)</string>
					</array>
					<key>Point_px</key>
					<array>
						<string>(475.808014, 1335.359985)</string>
						<string>(470.307007, 1336.729980)</string>
						<string>(464.806000, 1335.359985)</string>
						<string>(457.243011, 1336.040039)</string>
						<string>(449.678986, 1335.359985)</string>
						<string>(442.115997, 1335.359985)</string>
						<string>(433.177002, 1335.359985)</string>
						<string>(424.924988, 1331.920044)</string>
						<string>(417.362000, 1327.790039)</string>
						<string>(409.798004, 1328.479980)</string>
						<string>(407.048004, 1336.040039)</string>
						<string>(413.235992, 1343.609985)</string>
						<string>(417.362000, 1349.800049)</string>
						<string>(424.238007, 1355.979980)</string>
						<string>(428.920013, 1359.760010)</string>
						<string>(423.549988, 1362.859985)</string>
						<string>(416.674011, 1360.800049)</string>
						<string>(409.110992, 1358.739990)</string>
						<string>(402.234009, 1353.920044)</string>
						<string>(394.670990, 1349.109985)</string>
						<string>(387.795013, 1345.670044)</string>
						<string>(377.480988, 1348.420044)</string>
						<string>(371.291992, 1355.300049)</string>
						<string>(364.415985, 1360.109985)</string>
						<string>(356.852997, 1364.239990)</string>
						<string>(349.976990, 1367.670044)</string>
						<string>(342.412994, 1370.420044)</string>
						<string>(339.662994, 1377.989990)</string>
						<string>(345.851013, 1384.859985)</string>
						<string>(353.415009, 1388.300049)</string>
						<string>(360.977997, 1391.739990)</string>
						<string>(365.790985, 1398.619995)</string>
						<string>(373.355011, 1402.050049)</string>
						<string>(376.792999, 1408.930054)</string>
						<string>(368.541992, 1410.989990)</string>
						<string>(360.977997, 1407.560059)</string>
						<string>(353.415009, 1404.800049)</string>
						<string>(345.851013, 1403.430054)</string>
						<string>(348.601013, 1410.310059)</string>
						<string>(354.790009, 1417.869995)</string>
						<string>(359.602997, 1424.750000)</string>
						<string>(367.166992, 1429.560059)</string>
						<string>(374.730011, 1432.310059)</string>
						<string>(382.294006, 1435.750000)</string>
						<string>(390.545013, 1439.189941)</string>
						<string>(396.045990, 1446.750000)</string>
						<string>(397.420990, 1453.619995)</string>
						<string>(389.858002, 1458.439941)</string>
						<string>(382.981995, 1459.130005)</string>
						<string>(375.417999, 1460.500000)</string>
						<string>(368.541992, 1462.560059)</string>
						<string>(360.977997, 1461.880005)</string>
						<string>(372.667999, 1470.810059)</string>
						<string>(380.230988, 1477.000000)</string>
						<string>(387.106995, 1483.880005)</string>
						<string>(394.670990, 1486.630005)</string>
						<string>(402.234009, 1489.380005)</string>
						<string>(409.110992, 1490.760010)</string>
						<string>(416.674011, 1493.510010)</string>
						<string>(419.424988, 1503.819946)</string>
						<string>(413.235992, 1511.380005)</string>
						<string>(410.485992, 1518.260010)</string>
						<string>(406.359985, 1525.819946)</string>
						<string>(402.234009, 1532.699951)</string>
						<string>(394.670990, 1536.819946)</string>
						<string>(390.545013, 1543.699951)</string>
						<string>(388.481995, 1551.260010)</string>
						<string>(391.233002, 1558.140015)</string>
						<string>(398.795990, 1563.640015)</string>
						<string>(406.359985, 1565.020020)</string>
						<string>(413.924011, 1565.020020)</string>
						<string>(421.487000, 1564.329956)</string>
						<string>(428.363007, 1560.890015)</string>
						<string>(431.114014, 1554.010010)</string>
						<string>(435.239990, 1546.449951)</string>
						<string>(437.989990, 1539.579956)</string>
						<string>(438.678009, 1536.819946)</string>
						<string>(437.989990, 1532.010010)</string>
						<string>(444.865997, 1525.140015)</string>
						<string>(452.429993, 1519.630005)</string>
						<string>(455.868011, 1512.760010)</string>
						<string>(455.868011, 1505.880005)</string>
						<string>(463.431000, 1499.010010)</string>
						<string>(470.994995, 1503.130005)</string>
						<string>(478.558990, 1504.510010)</string>
						<string>(485.434998, 1502.439941)</string>
						<string>(492.311005, 1509.319946)</string>
						<string>(499.873993, 1511.380005)</string>
						<string>(505.375000, 1518.260010)</string>
						<string>(509.501007, 1525.819946)</string>
						<string>(513.625977, 1534.069946)</string>
						<string>(521.190002, 1535.449951)</string>
						<string>(521.877991, 1527.890015)</string>
						<string>(519.995972, 1522.010010)</string>
						<string>(527.958984, 1524.989990)</string>
						<string>(531.504028, 1532.699951)</string>
						<string>(534.942017, 1540.260010)</string>
						<string>(531.504028, 1547.140015)</string>
						<string>(523.940002, 1551.949951)</string>
						<string>(517.064026, 1558.140015)</string>
						<string>(517.064026, 1565.699951)</string>
						<string>(523.940002, 1571.890015)</string>
						<string>(531.504028, 1575.329956)</string>
						<string>(539.067993, 1578.770020)</string>
						<string>(550.068970, 1577.390015)</string>
						<string>(557.632996, 1575.329956)</string>
						<string>(564.508972, 1569.829956)</string>
						<string>(572.760010, 1562.270020)</string>
						<string>(580.323975, 1557.449951)</string>
						<string>(587.888000, 1554.010010)</string>
						<string>(595.450989, 1557.449951)</string>
						<string>(603.015015, 1559.520020)</string>
						<string>(610.578979, 1562.949951)</string>
						<string>(618.142029, 1563.640015)</string>
						<string>(626.002014, 1567.790039)</string>
						<string>(631.476013, 1569.780029)</string>
						<string>(637.945984, 1571.780029)</string>
						<string>(647.401978, 1573.770020)</string>
						<string>(640.833008, 1568.449951)</string>
						<string>(633.270020, 1562.270020)</string>
						<string>(634.960022, 1556.349976)</string>
						<string>(640.434021, 1552.859985)</string>
						<string>(646.903992, 1551.869995)</string>
						<string>(653.872009, 1551.869995)</string>
						<string>(661.460999, 1551.949951)</string>
						<string>(669.025024, 1553.329956)</string>
						<string>(676.588989, 1555.390015)</string>
						<string>(684.151978, 1557.449951)</string>
						<string>(691.028015, 1557.449951)</string>
						<string>(698.591980, 1556.770020)</string>
						<string>(708.218018, 1554.010010)</string>
						<string>(700.655029, 1550.579956)</string>
						<string>(693.778992, 1547.829956)</string>
						<string>(686.215027, 1544.390015)</string>
						<string>(679.338989, 1542.329956)</string>
						<string>(671.775024, 1539.579956)</string>
						<string>(664.898987, 1536.819946)</string>
						<string>(657.335999, 1534.069946)</string>
						<string>(650.460022, 1532.699951)</string>
						<string>(642.895996, 1531.319946)</string>
						<string>(636.020020, 1529.260010)</string>
						<string>(631.206970, 1522.390015)</string>
						<string>(623.643005, 1518.949951)</string>
						<string>(616.078979, 1518.949951)</string>
						<string>(608.515991, 1518.949951)</string>
						<string>(605.098999, 1516.040039)</string>
						<string>(604.104004, 1510.060059)</string>
						<string>(601.614990, 1505.089966)</string>
						<string>(598.629028, 1499.109985)</string>
						<string>(595.450989, 1492.819946)</string>
						<string>(588.575012, 1490.069946)</string>
						<string>(585.825012, 1483.189941)</string>
						<string>(583.073975, 1475.630005)</string>
						<string>(578.948975, 1468.750000)</string>
						<string>(585.825012, 1466.000000)</string>
						<string>(593.388000, 1465.310059)</string>
						<string>(596.138977, 1458.439941)</string>
						<string>(603.703003, 1454.310059)</string>
						<string>(610.578979, 1461.189941)</string>
						<string>(618.142029, 1463.250000)</string>
						<string>(625.705994, 1463.250000)</string>
						<string>(633.270020, 1465.310059)</string>
						<string>(636.020020, 1472.880005)</string>
						<string>(642.895996, 1478.380005)</string>
						<string>(650.460022, 1482.500000)</string>
						<string>(657.335999, 1485.250000)</string>
						<string>(664.898987, 1487.319946)</string>
						<string>(671.775024, 1488.000000)</string>
						<string>(679.338989, 1488.000000)</string>
						<string>(686.215027, 1490.069946)</string>
						<string>(693.778992, 1493.510010)</string>
						<string>(700.655029, 1494.880005)</string>
						<string>(699.280029, 1488.000000)</string>
						<string>(691.716003, 1483.880005)</string>
						<string>(684.151978, 1478.380005)</string>
						<string>(680.026978, 1470.810059)</string>
						<string>(675.213013, 1463.939941)</string>
						<string>(669.713013, 1456.380005)</string>
						<string>(666.275024, 1449.500000)</string>
						<string>(660.085999, 1441.939941)</string>
						<string>(654.585022, 1435.060059)</string>
						<string>(647.021973, 1429.560059)</string>
						<string>(639.458008, 1429.560059)</string>
						<string>(631.893982, 1433.000000)</string>
						<string>(624.330994, 1435.750000)</string>
						<string>(617.455017, 1435.750000)</string>
						<string>(609.890991, 1431.619995)</string>
						<string>(607.828003, 1424.060059)</string>
						<string>(614.703979, 1418.560059)</string>
						<string>(614.703979, 1411.680054)</string>
						<string>(607.828003, 1409.619995)</string>
						<string>(600.265015, 1406.869995)</string>
						<string>(593.388000, 1407.560059)</string>
						<string>(588.575012, 1414.430054)</string>
						<string>(581.012024, 1415.119995)</string>
						<string>(579.635986, 1408.239990)</string>
						<string>(579.635986, 1401.369995)</string>
						<string>(572.072998, 1396.550049)</string>
						<string>(564.508972, 1401.369995)</string>
						<string>(560.382996, 1393.800049)</string>
						<string>(563.820984, 1386.930054)</string>
						<string>(567.947021, 1379.359985)</string>
						<string>(570.010010, 1372.489990)</string>
						<string>(562.445984, 1369.050049)</string>
						<string>(554.882996, 1369.050049)</string>
						<string>(548.007019, 1370.420044)</string>
						<string>(540.442993, 1368.359985)</string>
						<string>(533.567017, 1365.609985)</string>
						<string>(526.002991, 1361.489990)</string>
						<string>(515.002014, 1360.800049)</string>
						<string>(508.812988, 1358.050049)</string>
						<string>(508.126007, 1351.859985)</string>
						<string>(506.062988, 1343.609985)</string>
						<string>(502.625000, 1339.479980)</string>
						<string>(499.187012, 1336.729980)</string>
						<string>(495.061005, 1333.979980)</string>
						<string>(503.312012, 1322.979980)</string>
						<string>(495.061005, 1322.290039)</string>
						<string>(486.809998, 1325.729980)</string>
						<string>(479.246002, 1333.290039)</string>
					</array>
					<key>Total</key>
					<real>0.0</real>
					<key>Type</key>
					<integer>15</integer>
				</dict>
			</array>
		</dict>
	</array>
</dict>
</plist>
