<?xml version="1.0" encoding="UTF-8"?>
<!DOCTYPE plist PUBLIC "-//Apple//DTD PLIST 1.0//EN" "http://www.apple.com/DTDs/PropertyList-1.0.dtd">
<plist version="1.0">
<dict>
	<key>Images</key>
	<array>
		<dict>
			<key>ImageIndex</key>
			<integer>0</integer>
			<key>NumberOfROIs</key>
			<integer>3</integer>
			<key>ROIs</key>
			<array>
				<dict>
					<key>Area</key>
					<real>0.0</real>
					<key>Center</key>
					<string>(0.000000, 0.000000, 0.000000)</string>
					<key>Dev</key>
					<real>0.0</real>
					<key>IndexInImage</key>
					<integer>0</integer>
					<key>Max</key>
					<real>2061</real>
					<key>Mean</key>
					<real>2061</real>
					<key>Min</key>
					<real>2061</real>
					<key>Name</key>
					<string>Calcification</string>
					<key>NumberOfPoints</key>
					<integer>1</integer>
					<key>Point_mm</key>
					<array>
						<string>(0.000000, 0.000000, 0.000000)</string>
					</array>
					<key>Point_px</key>
					<array>
						<string>(2825.909912, 947.765991)</string>
					</array>
					<key>Total</key>
					<real>2061</real>
					<key>Type</key>
					<integer>19</integer>
				</dict>
				<dict>
					<key>Area</key>
					<real>38.781906127929688</real>
					<key>Center</key>
					<string>(0.000000, 0.000000, 0.000000)</string>
					<key>Dev</key>
					<real>137.25099182128906</real>
					<key>IndexInImage</key>
					<integer>1</integer>
					<key>Max</key>
					<real>2447</real>
					<key>Mean</key>
					<real>1621.182373046875</real>
					<key>Min</key>
					<real>1218</real>
					<key>Name</key>
					<string>Spiculated Region</string>
					<key>NumberOfPoints</key>
					<integer>200</integer>
					<key>Point_mm</key>
					<array>
						<string>(0.000000, 0.000000, 0.000000)</string>
						<string>(0.000000, 0.000000, 0.000000)</string>
						<string>(0.000000, 0.000000, 0.000000)</string>
						<string>(0.000000, 0.000000, 0.000000)</string>
						<string>(0.000000, 0.000000, 0.000000)</string>
						<string>(0.000000, 0.000000, 0.000000)</string>
						<string>(0.000000, 0.000000, 0.000000)</string>
						<string>(0.000000, 0.000000, 0.000000)</string>
						<string>(0.000000, 0.000000, 0.000000)</string>
						<string>(0.000000, 0.000000, 0.000000)</string>
						<string>(0.000000, 0.000000, 0.000000)</string>
						<string>(0.000000, 0.000000, 0.000000)</string>
						<string>(0.000000, 0.000000, 0.000000)</string>
						<string>(0.000000, 0.000000, 0.000000)</string>
						<string>(0.000000, 0.000000, 0.000000)</string>
						<string>(0.000000, 0.000000, 0.000000)</string>
						<string>(0.000000, 0.000000, 0.000000)</string>
						<string>(0.000000, 0.000000, 0.000000)</string>
						<string>(0.000000, 0.000000, 0.000000)</string>
						<string>(0.000000, 0.000000, 0.000000)</string>
						<string>(0.000000, 0.000000, 0.000000)</string>
						<string>(0.000000, 0.000000, 0.000000)</string>
						<string>(0.000000, 0.000000, 0.000000)</string>
						<string>(0.000000, 0.000000, 0.000000)</string>
						<string>(0.000000, 0.000000, 0.000000)</string>
						<string>(0.000000, 0.000000, 0.000000)</string>
						<string>(0.000000, 0.000000, 0.000000)</string>
						<string>(0.000000, 0.000000, 0.000000)</string>
						<string>(0.000000, 0.000000, 0.000000)</string>
						<string>(0.000000, 0.000000, 0.000000)</string>
						<string>(0.000000, 0.000000, 0.000000)</string>
						<string>(0.000000, 0.000000, 0.000000)</string>
						<string>(0.000000, 0.000000, 0.000000)</string>
						<string>(0.000000, 0.000000, 0.000000)</string>
						<string>(0.000000, 0.000000, 0.000000)</string>
						<string>(0.000000, 0.000000, 0.000000)</string>
						<string>(0.000000, 0.000000, 0.000000)</string>
						<string>(0.000000, 0.000000, 0.000000)</string>
						<string>(0.000000, 0.000000, 0.000000)</string>
						<string>(0.000000, 0.000000, 0.000000)</string>
						<string>(0.000000, 0.000000, 0.000000)</string>
						<string>(0.000000, 0.000000, 0.000000)</string>
						<string>(0.000000, 0.000000, 0.000000)</string>
						<string>(0.000000, 0.000000, 0.000000)</string>
						<string>(0.000000, 0.000000, 0.000000)</string>
						<string>(0.000000, 0.000000, 0.000000)</string>
						<string>(0.000000, 0.000000, 0.000000)</string>
						<string>(0.000000, 0.000000, 0.000000)</string>
						<string>(0.000000, 0.000000, 0.000000)</string>
						<string>(0.000000, 0.000000, 0.000000)</string>
						<string>(0.000000, 0.000000, 0.000000)</string>
						<string>(0.000000, 0.000000, 0.000000)</string>
						<string>(0.000000, 0.000000, 0.000000)</string>
						<string>(0.000000, 0.000000, 0.000000)</string>
						<string>(0.000000, 0.000000, 0.000000)</string>
						<string>(0.000000, 0.000000, 0.000000)</string>
						<string>(0.000000, 0.000000, 0.000000)</string>
						<string>(0.000000, 0.000000, 0.000000)</string>
						<string>(0.000000, 0.000000, 0.000000)</string>
						<string>(0.000000, 0.000000, 0.000000)</string>
						<string>(0.000000, 0.000000, 0.000000)</string>
						<string>(0.000000, 0.000000, 0.000000)</string>
						<string>(0.000000, 0.000000, 0.000000)</string>
						<string>(0.000000, 0.000000, 0.000000)</string>
						<string>(0.000000, 0.000000, 0.000000)</string>
						<string>(0.000000, 0.000000, 0.000000)</string>
						<string>(0.000000, 0.000000, 0.000000)</string>
						<string>(0.000000, 0.000000, 0.000000)</string>
						<string>(0.000000, 0.000000, 0.000000)</string>
						<string>(0.000000, 0.000000, 0.000000)</string>
						<string>(0.000000, 0.000000, 0.000000)</string>
						<string>(0.000000, 0.000000, 0.000000)</string>
						<string>(0.000000, 0.000000, 0.000000)</string>
						<string>(0.000000, 0.000000, 0.000000)</string>
						<string>(0.000000, 0.000000, 0.000000)</string>
						<string>(0.000000, 0.000000, 0.000000)</string>
						<string>(0.000000, 0.000000, 0.000000)</string>
						<string>(0.000000, 0.000000, 0.000000)</string>
						<string>(0.000000, 0.000000, 0.000000)</string>
						<string>(0.000000, 0.000000, 0.000000)</string>
						<string>(0.000000, 0.000000, 0.000000)</string>
						<string>(0.000000, 0.000000, 0.000000)</string>
						<string>(0.000000, 0.000000, 0.000000)</string>
						<string>(0.000000, 0.000000, 0.000000)</string>
						<string>(0.000000, 0.000000, 0.000000)</string>
						<string>(0.000000, 0.000000, 0.000000)</string>
						<string>(0.000000, 0.000000, 0.000000)</string>
						<string>(0.000000, 0.000000, 0.000000)</string>
						<string>(0.000000, 0.000000, 0.000000)</string>
						<string>(0.000000, 0.000000, 0.000000)</string>
						<string>(0.000000, 0.000000, 0.000000)</string>
						<string>(0.000000, 0.000000, 0.000000)</string>
						<string>(0.000000, 0.000000, 0.000000)</string>
						<string>(0.000000, 0.000000, 0.000000)</string>
						<string>(0.000000, 0.000000, 0.000000)</string>
						<string>(0.000000, 0.000000, 0.000000)</string>
						<string>(0.000000, 0.000000, 0.000000)</string>
						<string>(0.000000, 0.000000, 0.000000)</string>
						<string>(0.000000, 0.000000, 0.000000)</string>
						<string>(0.000000, 0.000000, 0.000000)</string>
						<string>(0.000000, 0.000000, 0.000000)</string>
						<string>(0.000000, 0.000000, 0.000000)</string>
						<string>(0.000000, 0.000000, 0.000000)</string>
						<string>(0.000000, 0.000000, 0.000000)</string>
						<string>(0.000000, 0.000000, 0.000000)</string>
						<string>(0.000000, 0.000000, 0.000000)</string>
						<string>(0.000000, 0.000000, 0.000000)</string>
						<string>(0.000000, 0.000000, 0.000000)</string>
						<string>(0.000000, 0.000000, 0.000000)</string>
						<string>(0.000000, 0.000000, 0.000000)</string>
						<string>(0.000000, 0.000000, 0.000000)</string>
						<string>(0.000000, 0.000000, 0.000000)</string>
						<string>(0.000000, 0.000000, 0.000000)</string>
						<string>(0.000000, 0.000000, 0.000000)</string>
						<string>(0.000000, 0.000000, 0.000000)</string>
						<string>(0.000000, 0.000000, 0.000000)</string>
						<string>(0.000000, 0.000000, 0.000000)</string>
						<string>(0.000000, 0.000000, 0.000000)</string>
						<string>(0.000000, 0.000000, 0.000000)</string>
						<string>(0.000000, 0.000000, 0.000000)</string>
						<string>(0.000000, 0.000000, 0.000000)</string>
						<string>(0.000000, 0.000000, 0.000000)</string>
						<string>(0.000000, 0.000000, 0.000000)</string>
						<string>(0.000000, 0.000000, 0.000000)</string>
						<string>(0.000000, 0.000000, 0.000000)</string>
						<string>(0.000000, 0.000000, 0.000000)</string>
						<string>(0.000000, 0.000000, 0.000000)</string>
						<string>(0.000000, 0.000000, 0.000000)</string>
						<string>(0.000000, 0.000000, 0.000000)</string>
						<string>(0.000000, 0.000000, 0.000000)</string>
						<string>(0.000000, 0.000000, 0.000000)</string>
						<string>(0.000000, 0.000000, 0.000000)</string>
						<string>(0.000000, 0.000000, 0.000000)</string>
						<string>(0.000000, 0.000000, 0.000000)</string>
						<string>(0.000000, 0.000000, 0.000000)</string>
						<string>(0.000000, 0.000000, 0.000000)</string>
						<string>(0.000000, 0.000000, 0.000000)</string>
						<string>(0.000000, 0.000000, 0.000000)</string>
						<string>(0.000000, 0.000000, 0.000000)</string>
						<string>(0.000000, 0.000000, 0.000000)</string>
						<string>(0.000000, 0.000000, 0.000000)</string>
						<string>(0.000000, 0.000000, 0.000000)</string>
						<string>(0.000000, 0.000000, 0.000000)</string>
						<string>(0.000000, 0.000000, 0.000000)</string>
						<string>(0.000000, 0.000000, 0.000000)</string>
						<string>(0.000000, 0.000000, 0.000000)</string>
						<string>(0.000000, 0.000000, 0.000000)</string>
						<string>(0.000000, 0.000000, 0.000000)</string>
						<string>(0.000000, 0.000000, 0.000000)</string>
						<string>(0.000000, 0.000000, 0.000000)</string>
						<string>(0.000000, 0.000000, 0.000000)</string>
						<string>(0.000000, 0.000000, 0.000000)</string>
						<string>(0.000000, 0.000000, 0.000000)</string>
						<string>(0.000000, 0.000000, 0.000000)</string>
						<string>(0.000000, 0.000000, 0.000000)</string>
						<string>(0.000000, 0.000000, 0.000000)</string>
						<string>(0.000000, 0.000000, 0.000000)</string>
						<string>(0.000000, 0.000000, 0.000000)</string>
						<string>(0.000000, 0.000000, 0.000000)</string>
						<string>(0.000000, 0.000000, 0.000000)</string>
						<string>(0.000000, 0.000000, 0.000000)</string>
						<string>(0.000000, 0.000000, 0.000000)</string>
						<string>(0.000000, 0.000000, 0.000000)</string>
						<string>(0.000000, 0.000000, 0.000000)</string>
						<string>(0.000000, 0.000000, 0.000000)</string>
						<string>(0.000000, 0.000000, 0.000000)</string>
						<string>(0.000000, 0.000000, 0.000000)</string>
						<string>(0.000000, 0.000000, 0.000000)</string>
						<string>(0.000000, 0.000000, 0.000000)</string>
						<string>(0.000000, 0.000000, 0.000000)</string>
						<string>(0.000000, 0.000000, 0.000000)</string>
						<string>(0.000000, 0.000000, 0.000000)</string>
						<string>(0.000000, 0.000000, 0.000000)</string>
						<string>(0.000000, 0.000000, 0.000000)</string>
						<string>(0.000000, 0.000000, 0.000000)</string>
						<string>(0.000000, 0.000000, 0.000000)</string>
						<string>(0.000000, 0.000000, 0.000000)</string>
						<string>(0.000000, 0.000000, 0.000000)</string>
						<string>(0.000000, 0.000000, 0.000000)</string>
						<string>(0.000000, 0.000000, 0.000000)</string>
						<string>(0.000000, 0.000000, 0.000000)</string>
						<string>(0.000000, 0.000000, 0.000000)</string>
						<string>(0.000000, 0.000000, 0.000000)</string>
						<string>(0.000000, 0.000000, 0.000000)</string>
						<string>(0.000000, 0.000000, 0.000000)</string>
						<string>(0.000000, 0.000000, 0.000000)</string>
						<string>(0.000000, 0.000000, 0.000000)</string>
						<string>(0.000000, 0.000000, 0.000000)</string>
						<string>(0.000000, 0.000000, 0.000000)</string>
						<string>(0.000000, 0.000000, 0.000000)</string>
						<string>(0.000000, 0.000000, 0.000000)</string>
						<string>(0.000000, 0.000000, 0.000000)</string>
						<string>(0.000000, 0.000000, 0.000000)</string>
						<string>(0.000000, 0.000000, 0.000000)</string>
						<string>(0.000000, 0.000000, 0.000000)</string>
						<string>(0.000000, 0.000000, 0.000000)</string>
						<string>(0.000000, 0.000000, 0.000000)</string>
						<string>(0.000000, 0.000000, 0.000000)</string>
						<string>(0.000000, 0.000000, 0.000000)</string>
						<string>(0.000000, 0.000000, 0.000000)</string>
					</array>
					<key>Point_px</key>
					<array>
						<string>(3408.429932, 1212.020020)</string>
						<string>(3408.195801, 1228.689941)</string>
						<string>(3407.493164, 1245.343384)</string>
						<string>(3406.323242, 1261.963989)</string>
						<string>(3404.686768, 1278.535278)</string>
						<string>(3402.585449, 1295.040894)</string>
						<string>(3400.021484, 1311.464600)</string>
						<string>(3396.997314, 1327.790161)</string>
						<string>(3393.516113, 1344.001465)</string>
						<string>(3389.581055, 1360.082520)</string>
						<string>(3385.196045, 1376.017456)</string>
						<string>(3380.365479, 1391.790649)</string>
						<string>(3375.094238, 1407.386230)</string>
						<string>(3369.387207, 1422.789185)</string>
						<string>(3363.250488, 1437.984009)</string>
						<string>(3356.689697, 1452.955933)</string>
						<string>(3349.711426, 1467.690063)</string>
						<string>(3342.322754, 1482.171875)</string>
						<string>(3334.530762, 1496.387085)</string>
						<string>(3326.343262, 1510.321533)</string>
						<string>(3317.768311, 1523.961792)</string>
						<string>(3308.814453, 1537.294067)</string>
						<string>(3299.490234, 1550.305420)</string>
						<string>(3289.805176, 1562.982788)</string>
						<string>(3279.768555, 1575.313965)</string>
						<string>(3269.390625, 1587.286499)</string>
						<string>(3258.681396, 1598.888794)</string>
						<string>(3247.651367, 1610.109131)</string>
						<string>(3236.311523, 1620.936768)</string>
						<string>(3224.673096, 1631.360840)</string>
						<string>(3212.747559, 1641.370972)</string>
						<string>(3200.546631, 1650.957397)</string>
						<string>(3188.082275, 1660.110718)</string>
						<string>(3175.366943, 1668.821777)</string>
						<string>(3162.413330, 1677.082031)</string>
						<string>(3149.233887, 1684.883423)</string>
						<string>(3135.841553, 1692.218018)</string>
						<string>(3122.250000, 1699.078735)</string>
						<string>(3108.472412, 1705.458862)</string>
						<string>(3094.522217, 1711.352051)</string>
						<string>(3080.413330, 1716.752319)</string>
						<string>(3066.159912, 1721.654541)</string>
						<string>(3051.775635, 1726.053833)</string>
						<string>(3037.274658, 1729.945801)</string>
						<string>(3022.671875, 1733.326660)</string>
						<string>(3007.980957, 1736.193115)</string>
						<string>(2993.216797, 1738.542236)</string>
						<string>(2978.394043, 1740.371704)</string>
						<string>(2963.527344, 1741.679810)</string>
						<string>(2948.630859, 1742.465088)</string>
						<string>(2933.719971, 1742.726929)</string>
						<string>(2918.808838, 1742.465088)</string>
						<string>(2903.912598, 1741.679810)</string>
						<string>(2889.045898, 1740.371704)</string>
						<string>(2874.223145, 1738.542236)</string>
						<string>(2859.458984, 1736.193115)</string>
						<string>(2844.768066, 1733.326660)</string>
						<string>(2830.165283, 1729.945801)</string>
						<string>(2815.664307, 1726.053833)</string>
						<string>(2801.280029, 1721.654541)</string>
						<string>(2787.026611, 1716.752319)</string>
						<string>(2772.917725, 1711.352051)</string>
						<string>(2758.967529, 1705.458862)</string>
						<string>(2745.189941, 1699.078857)</string>
						<string>(2731.598145, 1692.218018)</string>
						<string>(2718.206055, 1684.883423)</string>
						<string>(2705.026855, 1677.082153)</string>
						<string>(2692.072998, 1668.821899)</string>
						<string>(2679.357666, 1660.110718)</string>
						<string>(2666.893311, 1650.957520)</string>
						<string>(2654.692383, 1641.370972)</string>
						<string>(2642.766846, 1631.360840)</string>
						<string>(2631.128418, 1620.936768)</string>
						<string>(2619.788574, 1610.109253)</string>
						<string>(2608.758545, 1598.888794)</string>
						<string>(2598.049316, 1587.286499)</string>
						<string>(2587.671387, 1575.313965)</string>
						<string>(2577.634766, 1562.982788)</string>
						<string>(2567.949707, 1550.305298)</string>
						<string>(2558.625488, 1537.294067)</string>
						<string>(2549.671387, 1523.961670)</string>
						<string>(2541.096436, 1510.321533)</string>
						<string>(2532.908936, 1496.386963)</string>
						<string>(2525.117188, 1482.171753)</string>
						<string>(2517.728516, 1467.690063)</string>
						<string>(2510.750244, 1452.955933)</string>
						<string>(2504.189453, 1437.984131)</string>
						<string>(2498.052734, 1422.789185)</string>
						<string>(2492.345703, 1407.386353)</string>
						<string>(2487.074463, 1391.790649)</string>
						<string>(2482.243896, 1376.017456)</string>
						<string>(2477.858887, 1360.082520)</string>
						<string>(2473.923828, 1344.001465)</string>
						<string>(2470.442627, 1327.790161)</string>
						<string>(2467.418457, 1311.464600)</string>
						<string>(2464.854492, 1295.040894)</string>
						<string>(2462.753174, 1278.535278)</string>
						<string>(2461.116699, 1261.963989)</string>
						<string>(2459.946777, 1245.343384)</string>
						<string>(2459.244141, 1228.689941)</string>
						<string>(2459.010010, 1212.020020)</string>
						<string>(2459.244141, 1195.350098)</string>
						<string>(2459.946777, 1178.696533)</string>
						<string>(2461.116699, 1162.076172)</string>
						<string>(2462.753174, 1145.504883)</string>
						<string>(2464.854492, 1128.999146)</string>
						<string>(2467.418457, 1112.575439)</string>
						<string>(2470.442627, 1096.249878)</string>
						<string>(2473.923828, 1080.038574)</string>
						<string>(2477.858887, 1063.957520)</string>
						<string>(2482.243896, 1048.022583)</string>
						<string>(2487.074463, 1032.249390)</string>
						<string>(2492.345703, 1016.653748)</string>
						<string>(2498.052734, 1001.250854)</string>
						<string>(2504.189453, 986.055969)</string>
						<string>(2510.750244, 971.084106)</string>
						<string>(2517.728516, 956.349976)</string>
						<string>(2525.117188, 941.868164)</string>
						<string>(2532.909180, 927.652954)</string>
						<string>(2541.096680, 913.718384)</string>
						<string>(2549.671631, 900.078247)</string>
						<string>(2558.625488, 886.745911)</string>
						<string>(2567.949707, 873.734680)</string>
						<string>(2577.634766, 861.057251)</string>
						<string>(2587.671143, 848.726135)</string>
						<string>(2598.049316, 836.753540)</string>
						<string>(2608.758545, 825.151306)</string>
						<string>(2619.788574, 813.930847)</string>
						<string>(2631.128418, 803.103210)</string>
						<string>(2642.766846, 792.679199)</string>
						<string>(2654.692627, 782.669006)</string>
						<string>(2666.893311, 773.082642)</string>
						<string>(2679.357666, 763.929382)</string>
						<string>(2692.072754, 755.218262)</string>
						<string>(2705.026611, 746.958008)</string>
						<string>(2718.206055, 739.156677)</string>
						<string>(2731.598145, 731.822021)</string>
						<string>(2745.189941, 724.961304)</string>
						<string>(2758.967529, 718.581177)</string>
						<string>(2772.917725, 712.688049)</string>
						<string>(2787.026367, 707.287720)</string>
						<string>(2801.280029, 702.385498)</string>
						<string>(2815.664307, 697.986206)</string>
						<string>(2830.165039, 694.094177)</string>
						<string>(2844.768066, 690.713318)</string>
						<string>(2859.458984, 687.846924)</string>
						<string>(2874.222900, 685.497864)</string>
						<string>(2889.045898, 683.668335)</string>
						<string>(2903.912598, 682.360291)</string>
						<string>(2918.809082, 681.574951)</string>
						<string>(2933.719971, 681.313049)</string>
						<string>(2948.631104, 681.574951)</string>
						<string>(2963.527344, 682.360291)</string>
						<string>(2978.394043, 683.668335)</string>
						<string>(2993.217041, 685.497864)</string>
						<string>(3007.980957, 687.846924)</string>
						<string>(3022.671875, 690.713318)</string>
						<string>(3037.274902, 694.094177)</string>
						<string>(3051.775635, 697.986206)</string>
						<string>(3066.159912, 702.385498)</string>
						<string>(3080.413574, 707.287720)</string>
						<string>(3094.522217, 712.688049)</string>
						<string>(3108.472412, 718.581177)</string>
						<string>(3122.250000, 724.961304)</string>
						<string>(3135.841797, 731.822021)</string>
						<string>(3149.233887, 739.156677)</string>
						<string>(3162.413330, 746.958008)</string>
						<string>(3175.367188, 755.218262)</string>
						<string>(3188.082275, 763.929260)</string>
						<string>(3200.546387, 773.082520)</string>
						<string>(3212.747314, 782.669006)</string>
						<string>(3224.673096, 792.679199)</string>
						<string>(3236.311523, 803.103210)</string>
						<string>(3247.651367, 813.930786)</string>
						<string>(3258.681152, 825.151245)</string>
						<string>(3269.390625, 836.753479)</string>
						<string>(3279.768555, 848.726074)</string>
						<string>(3289.805176, 861.057129)</string>
						<string>(3299.490234, 873.734619)</string>
						<string>(3308.814453, 886.745911)</string>
						<string>(3317.768311, 900.078247)</string>
						<string>(3326.343262, 913.718445)</string>
						<string>(3334.530762, 927.652954)</string>
						<string>(3342.322754, 941.868164)</string>
						<string>(3349.711426, 956.349976)</string>
						<string>(3356.689697, 971.084106)</string>
						<string>(3363.250488, 986.055969)</string>
						<string>(3369.387207, 1001.250854)</string>
						<string>(3375.094238, 1016.653748)</string>
						<string>(3380.365479, 1032.249512)</string>
						<string>(3385.196045, 1048.022583)</string>
						<string>(3389.581055, 1063.957520)</string>
						<string>(3393.516113, 1080.038574)</string>
						<string>(3396.997314, 1096.249878)</string>
						<string>(3400.021484, 1112.575562)</string>
						<string>(3402.585449, 1128.999268)</string>
						<string>(3404.686768, 1145.504883)</string>
						<string>(3406.323242, 1162.076172)</string>
						<string>(3407.493164, 1178.696777)</string>
						<string>(3408.195801, 1195.350220)</string>
					</array>
					<key>Total</key>
					<real>1231936512</real>
					<key>Type</key>
					<integer>9</integer>
				</dict>
				<dict>
					<key>Area</key>
					<real>3.8031840324401855</real>
					<key>Center</key>
					<string>(0.000000, 0.000000, 0.000000)</string>
					<key>Dev</key>
					<real>155.55522155761719</real>
					<key>IndexInImage</key>
					<integer>2</integer>
					<key>Max</key>
					<real>2447</real>
					<key>Mean</key>
					<real>1889.2139892578125</real>
					<key>Min</key>
					<real>1400</real>
					<key>Name</key>
					<string>Mass</string>
					<key>NumberOfPoints</key>
					<integer>262</integer>
					<key>Point_mm</key>
					<array>
						<string>(0.000000, 0.000000, 0.000000)</string>
						<string>(0.000000, 0.000000, 0.000000)</string>
						<string>(0.000000, 0.000000, 0.000000)</string>
						<string>(0.000000, 0.000000, 0.000000)</string>
						<string>(0.000000, 0.000000, 0.000000)</string>
						<string>(0.000000, 0.000000, 0.000000)</string>
						<string>(0.000000, 0.000000, 0.000000)</string>
						<string>(0.000000, 0.000000, 0.000000)</string>
						<string>(0.000000, 0.000000, 0.000000)</string>
						<string>(0.000000, 0.000000, 0.000000)</string>
						<string>(0.000000, 0.000000, 0.000000)</string>
						<string>(0.000000, 0.000000, 0.000000)</string>
						<string>(0.000000, 0.000000, 0.000000)</string>
						<string>(0.000000, 0.000000, 0.000000)</string>
						<string>(0.000000, 0.000000, 0.000000)</string>
						<string>(0.000000, 0.000000, 0.000000)</string>
						<string>(0.000000, 0.000000, 0.000000)</string>
						<string>(0.000000, 0.000000, 0.000000)</string>
						<string>(0.000000, 0.000000, 0.000000)</string>
						<string>(0.000000, 0.000000, 0.000000)</string>
						<string>(0.000000, 0.000000, 0.000000)</string>
						<string>(0.000000, 0.000000, 0.000000)</string>
						<string>(0.000000, 0.000000, 0.000000)</string>
						<string>(0.000000, 0.000000, 0.000000)</string>
						<string>(0.000000, 0.000000, 0.000000)</string>
						<string>(0.000000, 0.000000, 0.000000)</string>
						<string>(0.000000, 0.000000, 0.000000)</string>
						<string>(0.000000, 0.000000, 0.000000)</string>
						<string>(0.000000, 0.000000, 0.000000)</string>
						<string>(0.000000, 0.000000, 0.000000)</string>
						<string>(0.000000, 0.000000, 0.000000)</string>
						<string>(0.000000, 0.000000, 0.000000)</string>
						<string>(0.000000, 0.000000, 0.000000)</string>
						<string>(0.000000, 0.000000, 0.000000)</string>
						<string>(0.000000, 0.000000, 0.000000)</string>
						<string>(0.000000, 0.000000, 0.000000)</string>
						<string>(0.000000, 0.000000, 0.000000)</string>
						<string>(0.000000, 0.000000, 0.000000)</string>
						<string>(0.000000, 0.000000, 0.000000)</string>
						<string>(0.000000, 0.000000, 0.000000)</string>
						<string>(0.000000, 0.000000, 0.000000)</string>
						<string>(0.000000, 0.000000, 0.000000)</string>
						<string>(0.000000, 0.000000, 0.000000)</string>
						<string>(0.000000, 0.000000, 0.000000)</string>
						<string>(0.000000, 0.000000, 0.000000)</string>
						<string>(0.000000, 0.000000, 0.000000)</string>
						<string>(0.000000, 0.000000, 0.000000)</string>
						<string>(0.000000, 0.000000, 0.000000)</string>
						<string>(0.000000, 0.000000, 0.000000)</string>
						<string>(0.000000, 0.000000, 0.000000)</string>
						<string>(0.000000, 0.000000, 0.000000)</string>
						<string>(0.000000, 0.000000, 0.000000)</string>
						<string>(0.000000, 0.000000, 0.000000)</string>
						<string>(0.000000, 0.000000, 0.000000)</string>
						<string>(0.000000, 0.000000, 0.000000)</string>
						<string>(0.000000, 0.000000, 0.000000)</string>
						<string>(0.000000, 0.000000, 0.000000)</string>
						<string>(0.000000, 0.000000, 0.000000)</string>
						<string>(0.000000, 0.000000, 0.000000)</string>
						<string>(0.000000, 0.000000, 0.000000)</string>
						<string>(0.000000, 0.000000, 0.000000)</string>
						<string>(0.000000, 0.000000, 0.000000)</string>
						<string>(0.000000, 0.000000, 0.000000)</string>
						<string>(0.000000, 0.000000, 0.000000)</string>
						<string>(0.000000, 0.000000, 0.000000)</string>
						<string>(0.000000, 0.000000, 0.000000)</string>
						<string>(0.000000, 0.000000, 0.000000)</string>
						<string>(0.000000, 0.000000, 0.000000)</string>
						<string>(0.000000, 0.000000, 0.000000)</string>
						<string>(0.000000, 0.000000, 0.000000)</string>
						<string>(0.000000, 0.000000, 0.000000)</string>
						<string>(0.000000, 0.000000, 0.000000)</string>
						<string>(0.000000, 0.000000, 0.000000)</string>
						<string>(0.000000, 0.000000, 0.000000)</string>
						<string>(0.000000, 0.000000, 0.000000)</string>
						<string>(0.000000, 0.000000, 0.000000)</string>
						<string>(0.000000, 0.000000, 0.000000)</string>
						<string>(0.000000, 0.000000, 0.000000)</string>
						<string>(0.000000, 0.000000, 0.000000)</string>
						<string>(0.000000, 0.000000, 0.000000)</string>
						<string>(0.000000, 0.000000, 0.000000)</string>
						<string>(0.000000, 0.000000, 0.000000)</string>
						<string>(0.000000, 0.000000, 0.000000)</string>
						<string>(0.000000, 0.000000, 0.000000)</string>
						<string>(0.000000, 0.000000, 0.000000)</string>
						<string>(0.000000, 0.000000, 0.000000)</string>
						<string>(0.000000, 0.000000, 0.000000)</string>
						<string>(0.000000, 0.000000, 0.000000)</string>
						<string>(0.000000, 0.000000, 0.000000)</string>
						<string>(0.000000, 0.000000, 0.000000)</string>
						<string>(0.000000, 0.000000, 0.000000)</string>
						<string>(0.000000, 0.000000, 0.000000)</string>
						<string>(0.000000, 0.000000, 0.000000)</string>
						<string>(0.000000, 0.000000, 0.000000)</string>
						<string>(0.000000, 0.000000, 0.000000)</string>
						<string>(0.000000, 0.000000, 0.000000)</string>
						<string>(0.000000, 0.000000, 0.000000)</string>
						<string>(0.000000, 0.000000, 0.000000)</string>
						<string>(0.000000, 0.000000, 0.000000)</string>
						<string>(0.000000, 0.000000, 0.000000)</string>
						<string>(0.000000, 0.000000, 0.000000)</string>
						<string>(0.000000, 0.000000, 0.000000)</string>
						<string>(0.000000, 0.000000, 0.000000)</string>
						<string>(0.000000, 0.000000, 0.000000)</string>
						<string>(0.000000, 0.000000, 0.000000)</string>
						<string>(0.000000, 0.000000, 0.000000)</string>
						<string>(0.000000, 0.000000, 0.000000)</string>
						<string>(0.000000, 0.000000, 0.000000)</string>
						<string>(0.000000, 0.000000, 0.000000)</string>
						<string>(0.000000, 0.000000, 0.000000)</string>
						<string>(0.000000, 0.000000, 0.000000)</string>
						<string>(0.000000, 0.000000, 0.000000)</string>
						<string>(0.000000, 0.000000, 0.000000)</string>
						<string>(0.000000, 0.000000, 0.000000)</string>
						<string>(0.000000, 0.000000, 0.000000)</string>
						<string>(0.000000, 0.000000, 0.000000)</string>
						<string>(0.000000, 0.000000, 0.000000)</string>
						<string>(0.000000, 0.000000, 0.000000)</string>
						<string>(0.000000, 0.000000, 0.000000)</string>
						<string>(0.000000, 0.000000, 0.000000)</string>
						<string>(0.000000, 0.000000, 0.000000)</string>
						<string>(0.000000, 0.000000, 0.000000)</string>
						<string>(0.000000, 0.000000, 0.000000)</string>
						<string>(0.000000, 0.000000, 0.000000)</string>
						<string>(0.000000, 0.000000, 0.000000)</string>
						<string>(0.000000, 0.000000, 0.000000)</string>
						<string>(0.000000, 0.000000, 0.000000)</string>
						<string>(0.000000, 0.000000, 0.000000)</string>
						<string>(0.000000, 0.000000, 0.000000)</string>
						<string>(0.000000, 0.000000, 0.000000)</string>
						<string>(0.000000, 0.000000, 0.000000)</string>
						<string>(0.000000, 0.000000, 0.000000)</string>
						<string>(0.000000, 0.000000, 0.000000)</string>
						<string>(0.000000, 0.000000, 0.000000)</string>
						<string>(0.000000, 0.000000, 0.000000)</string>
						<string>(0.000000, 0.000000, 0.000000)</string>
						<string>(0.000000, 0.000000, 0.000000)</string>
						<string>(0.000000, 0.000000, 0.000000)</string>
						<string>(0.000000, 0.000000, 0.000000)</string>
						<string>(0.000000, 0.000000, 0.000000)</string>
						<string>(0.000000, 0.000000, 0.000000)</string>
						<string>(0.000000, 0.000000, 0.000000)</string>
						<string>(0.000000, 0.000000, 0.000000)</string>
						<string>(0.000000, 0.000000, 0.000000)</string>
						<string>(0.000000, 0.000000, 0.000000)</string>
						<string>(0.000000, 0.000000, 0.000000)</string>
						<string>(0.000000, 0.000000, 0.000000)</string>
						<string>(0.000000, 0.000000, 0.000000)</string>
						<string>(0.000000, 0.000000, 0.000000)</string>
						<string>(0.000000, 0.000000, 0.000000)</string>
						<string>(0.000000, 0.000000, 0.000000)</string>
						<string>(0.000000, 0.000000, 0.000000)</string>
						<string>(0.000000, 0.000000, 0.000000)</string>
						<string>(0.000000, 0.000000, 0.000000)</string>
						<string>(0.000000, 0.000000, 0.000000)</string>
						<string>(0.000000, 0.000000, 0.000000)</string>
						<string>(0.000000, 0.000000, 0.000000)</string>
						<string>(0.000000, 0.000000, 0.000000)</string>
						<string>(0.000000, 0.000000, 0.000000)</string>
						<string>(0.000000, 0.000000, 0.000000)</string>
						<string>(0.000000, 0.000000, 0.000000)</string>
						<string>(0.000000, 0.000000, 0.000000)</string>
						<string>(0.000000, 0.000000, 0.000000)</string>
						<string>(0.000000, 0.000000, 0.000000)</string>
						<string>(0.000000, 0.000000, 0.000000)</string>
						<string>(0.000000, 0.000000, 0.000000)</string>
						<string>(0.000000, 0.000000, 0.000000)</string>
						<string>(0.000000, 0.000000, 0.000000)</string>
						<string>(0.000000, 0.000000, 0.000000)</string>
						<string>(0.000000, 0.000000, 0.000000)</string>
						<string>(0.000000, 0.000000, 0.000000)</string>
						<string>(0.000000, 0.000000, 0.000000)</string>
						<string>(0.000000, 0.000000, 0.000000)</string>
						<string>(0.000000, 0.000000, 0.000000)</string>
						<string>(0.000000, 0.000000, 0.000000)</string>
						<string>(0.000000, 0.000000, 0.000000)</string>
						<string>(0.000000, 0.000000, 0.000000)</string>
						<string>(0.000000, 0.000000, 0.000000)</string>
						<string>(0.000000, 0.000000, 0.000000)</string>
						<string>(0.000000, 0.000000, 0.000000)</string>
						<string>(0.000000, 0.000000, 0.000000)</string>
						<string>(0.000000, 0.000000, 0.000000)</string>
						<string>(0.000000, 0.000000, 0.000000)</string>
						<string>(0.000000, 0.000000, 0.000000)</string>
						<string>(0.000000, 0.000000, 0.000000)</string>
						<string>(0.000000, 0.000000, 0.000000)</string>
						<string>(0.000000, 0.000000, 0.000000)</string>
						<string>(0.000000, 0.000000, 0.000000)</string>
						<string>(0.000000, 0.000000, 0.000000)</string>
						<string>(0.000000, 0.000000, 0.000000)</string>
						<string>(0.000000, 0.000000, 0.000000)</string>
						<string>(0.000000, 0.000000, 0.000000)</string>
						<string>(0.000000, 0.000000, 0.000000)</string>
						<string>(0.000000, 0.000000, 0.000000)</string>
						<string>(0.000000, 0.000000, 0.000000)</string>
						<string>(0.000000, 0.000000, 0.000000)</string>
						<string>(0.000000, 0.000000, 0.000000)</string>
						<string>(0.000000, 0.000000, 0.000000)</string>
						<string>(0.000000, 0.000000, 0.000000)</string>
						<string>(0.000000, 0.000000, 0.000000)</string>
						<string>(0.000000, 0.000000, 0.000000)</string>
						<string>(0.000000, 0.000000, 0.000000)</string>
						<string>(0.000000, 0.000000, 0.000000)</string>
						<string>(0.000000, 0.000000, 0.000000)</string>
						<string>(0.000000, 0.000000, 0.000000)</string>
						<string>(0.000000, 0.000000, 0.000000)</string>
						<string>(0.000000, 0.000000, 0.000000)</string>
						<string>(0.000000, 0.000000, 0.000000)</string>
						<string>(0.000000, 0.000000, 0.000000)</string>
						<string>(0.000000, 0.000000, 0.000000)</string>
						<string>(0.000000, 0.000000, 0.000000)</string>
						<string>(0.000000, 0.000000, 0.000000)</string>
						<string>(0.000000, 0.000000, 0.000000)</string>
						<string>(0.000000, 0.000000, 0.000000)</string>
						<string>(0.000000, 0.000000, 0.000000)</string>
						<string>(0.000000, 0.000000, 0.000000)</string>
						<string>(0.000000, 0.000000, 0.000000)</string>
						<string>(0.000000, 0.000000, 0.000000)</string>
						<string>(0.000000, 0.000000, 0.000000)</string>
						<string>(0.000000, 0.000000, 0.000000)</string>
						<string>(0.000000, 0.000000, 0.000000)</string>
						<string>(0.000000, 0.000000, 0.000000)</string>
						<string>(0.000000, 0.000000, 0.000000)</string>
						<string>(0.000000, 0.000000, 0.000000)</string>
						<string>(0.000000, 0.000000, 0.000000)</string>
						<string>(0.000000, 0.000000, 0.000000)</string>
						<string>(0.000000, 0.000000, 0.000000)</string>
						<string>(0.000000, 0.000000, 0.000000)</string>
						<string>(0.000000, 0.000000, 0.000000)</string>
						<string>(0.000000, 0.000000, 0.000000)</string>
						<string>(0.000000, 0.000000, 0.000000)</string>
						<string>(0.000000, 0.000000, 0.000000)</string>
						<string>(0.000000, 0.000000, 0.000000)</string>
						<string>(0.000000, 0.000000, 0.000000)</string>
						<string>(0.000000, 0.000000, 0.000000)</string>
						<string>(0.000000, 0.000000, 0.000000)</string>
						<string>(0.000000, 0.000000, 0.000000)</string>
						<string>(0.000000, 0.000000, 0.000000)</string>
						<string>(0.000000, 0.000000, 0.000000)</string>
						<string>(0.000000, 0.000000, 0.000000)</string>
						<string>(0.000000, 0.000000, 0.000000)</string>
						<string>(0.000000, 0.000000, 0.000000)</string>
						<string>(0.000000, 0.000000, 0.000000)</string>
						<string>(0.000000, 0.000000, 0.000000)</string>
						<string>(0.000000, 0.000000, 0.000000)</string>
						<string>(0.000000, 0.000000, 0.000000)</string>
						<string>(0.000000, 0.000000, 0.000000)</string>
						<string>(0.000000, 0.000000, 0.000000)</string>
						<string>(0.000000, 0.000000, 0.000000)</string>
						<string>(0.000000, 0.000000, 0.000000)</string>
						<string>(0.000000, 0.000000, 0.000000)</string>
						<string>(0.000000, 0.000000, 0.000000)</string>
						<string>(0.000000, 0.000000, 0.000000)</string>
						<string>(0.000000, 0.000000, 0.000000)</string>
						<string>(0.000000, 0.000000, 0.000000)</string>
						<string>(0.000000, 0.000000, 0.000000)</string>
						<string>(0.000000, 0.000000, 0.000000)</string>
						<string>(0.000000, 0.000000, 0.000000)</string>
						<string>(0.000000, 0.000000, 0.000000)</string>
						<string>(0.000000, 0.000000, 0.000000)</string>
						<string>(0.000000, 0.000000, 0.000000)</string>
						<string>(0.000000, 0.000000, 0.000000)</string>
					</array>
					<key>Point_px</key>
					<array>
						<string>(2898.969971, 1230.239990)</string>
						<string>(2905.040039, 1231.250000)</string>
						<string>(2910.090088, 1231.250000)</string>
						<string>(2916.159912, 1230.239990)</string>
						<string>(2922.219971, 1230.239990)</string>
						<string>(2928.290039, 1231.250000)</string>
						<string>(2933.340088, 1231.250000)</string>
						<string>(2939.409912, 1232.260010)</string>
						<string>(2939.409912, 1227.209961)</string>
						<string>(2934.350098, 1223.160034)</string>
						<string>(2934.350098, 1217.099976)</string>
						<string>(2935.370117, 1211.030029)</string>
						<string>(2937.389893, 1205.979980)</string>
						<string>(2943.449951, 1208.000000)</string>
						<string>(2948.510010, 1210.020020)</string>
						<string>(2954.570068, 1210.020020)</string>
						<string>(2960.639893, 1211.030029)</string>
						<string>(2966.709961, 1212.040039)</string>
						<string>(2971.760010, 1211.030029)</string>
						<string>(2972.770020, 1205.979980)</string>
						<string>(2972.770020, 1200.920044)</string>
						<string>(2977.830078, 1195.869995)</string>
						<string>(2983.889893, 1189.800049)</string>
						<string>(2988.949951, 1185.760010)</string>
						<string>(2994.000000, 1180.699951)</string>
						<string>(2999.060059, 1177.670044)</string>
						<string>(3005.120117, 1175.650024)</string>
						<string>(3010.179932, 1172.609985)</string>
						<string>(3016.250000, 1170.589966)</string>
						<string>(3022.310059, 1168.569946)</string>
						<string>(3027.370117, 1166.550049)</string>
						<string>(3033.429932, 1165.540039)</string>
						<string>(3039.500000, 1161.489990)</string>
						<string>(3044.550049, 1155.430054)</string>
						<string>(3045.560059, 1149.359985)</string>
						<string>(3045.560059, 1144.310059)</string>
						<string>(3051.629883, 1138.239990)</string>
						<string>(3056.689941, 1137.229980)</string>
						<string>(3059.719971, 1143.290039)</string>
						<string>(3060.729980, 1148.349976)</string>
						<string>(3062.750000, 1153.410034)</string>
						<string>(3065.780029, 1159.469971)</string>
						<string>(3069.830078, 1165.540039)</string>
						<string>(3074.879883, 1170.589966)</string>
						<string>(3080.949951, 1176.660034)</string>
						<string>(3087.020020, 1178.680054)</string>
						<string>(3093.080078, 1179.689941)</string>
						<string>(3099.149902, 1176.660034)</string>
						<string>(3105.209961, 1173.619995)</string>
						<string>(3110.270020, 1170.589966)</string>
						<string>(3116.330078, 1166.550049)</string>
						<string>(3122.399902, 1168.569946)</string>
						<string>(3124.419922, 1173.619995)</string>
						<string>(3125.429932, 1179.689941)</string>
						<string>(3125.429932, 1184.750000)</string>
						<string>(3125.429932, 1189.800049)</string>
						<string>(3126.439941, 1195.869995)</string>
						<string>(3126.439941, 1201.930054)</string>
						<string>(3127.459961, 1206.989990)</string>
						<string>(3131.500000, 1212.040039)</string>
						<string>(3137.560059, 1215.079956)</string>
						<string>(3143.629883, 1218.109985)</string>
						<string>(3148.689941, 1216.089966)</string>
						<string>(3154.750000, 1212.040039)</string>
						<string>(3160.820068, 1208.000000)</string>
						<string>(3165.870117, 1208.000000)</string>
						<string>(3171.939941, 1210.020020)</string>
						<string>(3178.000000, 1212.040039)</string>
						<string>(3184.070068, 1211.030029)</string>
						<string>(3189.129883, 1211.030029)</string>
						<string>(3195.189941, 1211.030029)</string>
						<string>(3200.250000, 1217.099976)</string>
						<string>(3206.310059, 1220.130005)</string>
						<string>(3209.350098, 1225.189941)</string>
						<string>(3212.379883, 1230.239990)</string>
						<string>(3213.389893, 1236.310059)</string>
						<string>(3207.320068, 1236.310059)</string>
						<string>(3201.260010, 1236.310059)</string>
						<string>(3195.189941, 1238.329956)</string>
						<string>(3190.139893, 1242.369995)</string>
						<string>(3184.070068, 1243.380005)</string>
						<string>(3178.000000, 1243.380005)</string>
						<string>(3172.949951, 1243.380005)</string>
						<string>(3166.879883, 1246.420044)</string>
						<string>(3160.820068, 1251.469971)</string>
						<string>(3154.750000, 1254.500000)</string>
						<string>(3149.699951, 1256.530029)</string>
						<string>(3143.629883, 1260.569946)</string>
						<string>(3143.629883, 1265.630005)</string>
						<string>(3147.669922, 1270.680054)</string>
						<string>(3152.729980, 1270.680054)</string>
						<string>(3158.800049, 1276.750000)</string>
						<string>(3160.820068, 1282.810059)</string>
						<string>(3165.870117, 1283.819946)</string>
						<string>(3171.939941, 1283.819946)</string>
						<string>(3178.000000, 1285.849976)</string>
						<string>(3184.070068, 1286.859985)</string>
						<string>(3188.110107, 1291.910034)</string>
						<string>(3190.139893, 1297.979980)</string>
						<string>(3192.159912, 1303.030029)</string>
						<string>(3197.209961, 1306.069946)</string>
						<string>(3203.280029, 1311.119995)</string>
						<string>(3208.330078, 1314.150024)</string>
						<string>(3214.399902, 1318.199951)</string>
						<string>(3220.469971, 1319.209961)</string>
						<string>(3225.520020, 1319.209961)</string>
						<string>(3231.590088, 1319.209961)</string>
						<string>(3237.649902, 1319.209961)</string>
						<string>(3236.639893, 1324.260010)</string>
						<string>(3232.600098, 1329.319946)</string>
						<string>(3230.580078, 1335.380005)</string>
						<string>(3235.629883, 1339.430054)</string>
						<string>(3241.699951, 1339.430054)</string>
						<string>(3246.750000, 1339.430054)</string>
						<string>(3252.820068, 1339.430054)</string>
						<string>(3258.879883, 1339.430054)</string>
						<string>(3263.939941, 1340.439941)</string>
						<string>(3264.949951, 1345.489990)</string>
						<string>(3259.899902, 1350.550049)</string>
						<string>(3254.840088, 1356.619995)</string>
						<string>(3255.850098, 1361.670044)</string>
						<string>(3261.919922, 1365.709961)</string>
						<string>(3267.979980, 1370.770020)</string>
						<string>(3272.030029, 1376.839966)</string>
						<string>(3278.090088, 1381.890015)</string>
						<string>(3279.100098, 1387.959961)</string>
						<string>(3273.040039, 1390.989990)</string>
						<string>(3266.969971, 1390.989990)</string>
						<string>(3260.909912, 1389.979980)</string>
						<string>(3254.840088, 1387.959961)</string>
						<string>(3249.790039, 1385.930054)</string>
						<string>(3243.719971, 1384.920044)</string>
						<string>(3237.649902, 1382.900024)</string>
						<string>(3231.590088, 1380.880005)</string>
						<string>(3226.530029, 1377.849976)</string>
						<string>(3220.469971, 1373.800049)</string>
						<string>(3214.399902, 1370.770020)</string>
						<string>(3209.350098, 1368.750000)</string>
						<string>(3203.280029, 1364.699951)</string>
						<string>(3197.209961, 1361.670044)</string>
						<string>(3192.159912, 1359.650024)</string>
						<string>(3186.090088, 1357.630005)</string>
						<string>(3180.030029, 1356.619995)</string>
						<string>(3173.959961, 1355.599976)</string>
						<string>(3168.909912, 1355.599976)</string>
						<string>(3162.840088, 1355.599976)</string>
						<string>(3156.770020, 1357.630005)</string>
						<string>(3151.719971, 1359.650024)</string>
						<string>(3145.649902, 1362.680054)</string>
						<string>(3139.590088, 1364.699951)</string>
						<string>(3133.520020, 1366.729980)</string>
						<string>(3128.469971, 1368.750000)</string>
						<string>(3122.399902, 1371.780029)</string>
						<string>(3116.330078, 1375.819946)</string>
						<string>(3110.270020, 1377.849976)</string>
						<string>(3105.209961, 1377.849976)</string>
						<string>(3099.149902, 1379.869995)</string>
						<string>(3094.090088, 1383.910034)</string>
						<string>(3082.969971, 1385.930054)</string>
						<string>(3076.909912, 1384.920044)</string>
						<string>(3070.840088, 1384.920044)</string>
						<string>(3067.810059, 1389.979980)</string>
						<string>(3066.790039, 1396.040039)</string>
						<string>(3069.830078, 1401.099976)</string>
						<string>(3075.889893, 1403.119995)</string>
						<string>(3081.959961, 1408.180054)</string>
						<string>(3076.909912, 1414.239990)</string>
						<string>(3071.850098, 1420.310059)</string>
						<string>(3070.840088, 1426.369995)</string>
						<string>(3067.810059, 1431.430054)</string>
						<string>(3063.760010, 1437.500000)</string>
						<string>(3057.699951, 1440.530029)</string>
						<string>(3054.659912, 1446.589966)</string>
						<string>(3050.620117, 1452.660034)</string>
						<string>(3045.560059, 1456.699951)</string>
						<string>(3039.500000, 1458.729980)</string>
						<string>(3034.439941, 1460.750000)</string>
						<string>(3028.379883, 1461.760010)</string>
						<string>(3022.310059, 1463.780029)</string>
						<string>(3016.250000, 1466.810059)</string>
						<string>(3011.189941, 1468.839966)</string>
						<string>(3009.169922, 1463.780029)</string>
						<string>(3007.149902, 1458.729980)</string>
						<string>(3010.179932, 1452.660034)</string>
						<string>(3010.179932, 1446.589966)</string>
						<string>(3005.120117, 1445.579956)</string>
						<string>(2999.060059, 1445.579956)</string>
						<string>(2996.030029, 1450.640015)</string>
						<string>(2995.010010, 1456.699951)</string>
						<string>(2989.959961, 1458.729980)</string>
						<string>(2983.889893, 1459.739990)</string>
						<string>(2977.830078, 1459.739990)</string>
						<string>(2969.739990, 1456.699951)</string>
						<string>(2964.679932, 1456.699951)</string>
						<string>(2958.620117, 1456.699951)</string>
						<string>(2953.560059, 1455.689941)</string>
						<string>(2947.500000, 1455.689941)</string>
						<string>(2941.429932, 1454.680054)</string>
						<string>(2935.370117, 1453.670044)</string>
						<string>(2930.310059, 1452.660034)</string>
						<string>(2924.239990, 1449.630005)</string>
						<string>(2918.179932, 1445.579956)</string>
						<string>(2914.129883, 1439.520020)</string>
						<string>(2911.100098, 1433.449951)</string>
						<string>(2908.070068, 1427.390015)</string>
						<string>(2907.060059, 1422.329956)</string>
						<string>(2907.060059, 1417.280029)</string>
						<string>(2900.989990, 1420.310059)</string>
						<string>(2895.939941, 1425.359985)</string>
						<string>(2888.860107, 1429.410034)</string>
						<string>(2879.810059, 1431.369995)</string>
						<string>(2877.899902, 1433.910034)</string>
						<string>(2874.080078, 1439.000000)</string>
						<string>(2869.629883, 1441.550049)</string>
						<string>(2868.360107, 1433.270020)</string>
						<string>(2870.899902, 1428.819946)</string>
						<string>(2875.360107, 1422.459961)</string>
						<string>(2879.760010, 1419.300049)</string>
						<string>(2885.830078, 1414.239990)</string>
						<string>(2890.879883, 1409.189941)</string>
						<string>(2893.909912, 1404.130005)</string>
						<string>(2895.939941, 1399.079956)</string>
						<string>(2897.959961, 1393.010010)</string>
						<string>(2897.959961, 1386.949951)</string>
						<string>(2896.949951, 1380.880005)</string>
						<string>(2895.939941, 1375.819946)</string>
						<string>(2889.870117, 1369.760010)</string>
						<string>(2883.800049, 1367.739990)</string>
						<string>(2877.739990, 1364.699951)</string>
						<string>(2872.679932, 1360.660034)</string>
						<string>(2868.639893, 1354.589966)</string>
						<string>(2863.580078, 1348.530029)</string>
						<string>(2857.520020, 1345.489990)</string>
						<string>(2852.459961, 1340.439941)</string>
						<string>(2845.459961, 1334.660034)</string>
						<string>(2840.330078, 1330.630005)</string>
						<string>(2835.909912, 1326.390015)</string>
						<string>(2832.239990, 1319.209961)</string>
						<string>(2828.199951, 1312.130005)</string>
						<string>(2826.179932, 1307.079956)</string>
						<string>(2825.169922, 1302.020020)</string>
						<string>(2823.139893, 1295.959961)</string>
						<string>(2822.129883, 1289.890015)</string>
						<string>(2821.120117, 1284.829956)</string>
						<string>(2820.110107, 1279.780029)</string>
						<string>(2820.110107, 1273.709961)</string>
						<string>(2820.110107, 1267.650024)</string>
						<string>(2822.129883, 1262.589966)</string>
						<string>(2826.179932, 1256.530029)</string>
						<string>(2829.209961, 1250.459961)</string>
						<string>(2834.270020, 1245.410034)</string>
						<string>(2839.320068, 1241.359985)</string>
						<string>(2845.389893, 1236.310059)</string>
						<string>(2850.439941, 1234.280029)</string>
						<string>(2856.510010, 1233.270020)</string>
						<string>(2862.570068, 1233.270020)</string>
						<string>(2868.639893, 1233.270020)</string>
						<string>(2873.689941, 1233.270020)</string>
						<string>(2879.760010, 1233.270020)</string>
						<string>(2885.830078, 1234.280029)</string>
						<string>(2890.879883, 1234.280029)</string>
						<string>(2896.949951, 1234.280029)</string>
					</array>
					<key>Total</key>
					<real>147528720</real>
					<key>Type</key>
					<integer>15</integer>
				</dict>
			</array>
		</dict>
	</array>
</dict>
</plist>
