<?xml version="1.0" encoding="UTF-8"?>
<!DOCTYPE plist PUBLIC "-//Apple//DTD PLIST 1.0//EN" "http://www.apple.com/DTDs/PropertyList-1.0.dtd">
<plist version="1.0">
<dict>
	<key>Images</key>
	<array>
		<dict>
			<key>ImageIndex</key>
			<integer>0</integer>
			<key>NumberOfROIs</key>
			<integer>1</integer>
			<key>ROIs</key>
			<array>
				<dict>
					<key>Area</key>
					<real>2.0104639530181885</real>
					<key>Center</key>
					<string>(0.000000, 0.000000, 0.000000)</string>
					<key>Dev</key>
					<real>123.62150573730469</real>
					<key>IndexInImage</key>
					<integer>0</integer>
					<key>Max</key>
					<real>2166</real>
					<key>Mean</key>
					<real>1765.8416748046875</real>
					<key>Min</key>
					<real>1285</real>
					<key>Name</key>
					<string>Mass</string>
					<key>NumberOfPoints</key>
					<integer>222</integer>
					<key>Point_mm</key>
					<array>
						<string>(0.000000, 0.000000, 0.000000)</string>
						<string>(0.000000, 0.000000, 0.000000)</string>
						<string>(0.000000, 0.000000, 0.000000)</string>
						<string>(0.000000, 0.000000, 0.000000)</string>
						<string>(0.000000, 0.000000, 0.000000)</string>
						<string>(0.000000, 0.000000, 0.000000)</string>
						<string>(0.000000, 0.000000, 0.000000)</string>
						<string>(0.000000, 0.000000, 0.000000)</string>
						<string>(0.000000, 0.000000, 0.000000)</string>
						<string>(0.000000, 0.000000, 0.000000)</string>
						<string>(0.000000, 0.000000, 0.000000)</string>
						<string>(0.000000, 0.000000, 0.000000)</string>
						<string>(0.000000, 0.000000, 0.000000)</string>
						<string>(0.000000, 0.000000, 0.000000)</string>
						<string>(0.000000, 0.000000, 0.000000)</string>
						<string>(0.000000, 0.000000, 0.000000)</string>
						<string>(0.000000, 0.000000, 0.000000)</string>
						<string>(0.000000, 0.000000, 0.000000)</string>
						<string>(0.000000, 0.000000, 0.000000)</string>
						<string>(0.000000, 0.000000, 0.000000)</string>
						<string>(0.000000, 0.000000, 0.000000)</string>
						<string>(0.000000, 0.000000, 0.000000)</string>
						<string>(0.000000, 0.000000, 0.000000)</string>
						<string>(0.000000, 0.000000, 0.000000)</string>
						<string>(0.000000, 0.000000, 0.000000)</string>
						<string>(0.000000, 0.000000, 0.000000)</string>
						<string>(0.000000, 0.000000, 0.000000)</string>
						<string>(0.000000, 0.000000, 0.000000)</string>
						<string>(0.000000, 0.000000, 0.000000)</string>
						<string>(0.000000, 0.000000, 0.000000)</string>
						<string>(0.000000, 0.000000, 0.000000)</string>
						<string>(0.000000, 0.000000, 0.000000)</string>
						<string>(0.000000, 0.000000, 0.000000)</string>
						<string>(0.000000, 0.000000, 0.000000)</string>
						<string>(0.000000, 0.000000, 0.000000)</string>
						<string>(0.000000, 0.000000, 0.000000)</string>
						<string>(0.000000, 0.000000, 0.000000)</string>
						<string>(0.000000, 0.000000, 0.000000)</string>
						<string>(0.000000, 0.000000, 0.000000)</string>
						<string>(0.000000, 0.000000, 0.000000)</string>
						<string>(0.000000, 0.000000, 0.000000)</string>
						<string>(0.000000, 0.000000, 0.000000)</string>
						<string>(0.000000, 0.000000, 0.000000)</string>
						<string>(0.000000, 0.000000, 0.000000)</string>
						<string>(0.000000, 0.000000, 0.000000)</string>
						<string>(0.000000, 0.000000, 0.000000)</string>
						<string>(0.000000, 0.000000, 0.000000)</string>
						<string>(0.000000, 0.000000, 0.000000)</string>
						<string>(0.000000, 0.000000, 0.000000)</string>
						<string>(0.000000, 0.000000, 0.000000)</string>
						<string>(0.000000, 0.000000, 0.000000)</string>
						<string>(0.000000, 0.000000, 0.000000)</string>
						<string>(0.000000, 0.000000, 0.000000)</string>
						<string>(0.000000, 0.000000, 0.000000)</string>
						<string>(0.000000, 0.000000, 0.000000)</string>
						<string>(0.000000, 0.000000, 0.000000)</string>
						<string>(0.000000, 0.000000, 0.000000)</string>
						<string>(0.000000, 0.000000, 0.000000)</string>
						<string>(0.000000, 0.000000, 0.000000)</string>
						<string>(0.000000, 0.000000, 0.000000)</string>
						<string>(0.000000, 0.000000, 0.000000)</string>
						<string>(0.000000, 0.000000, 0.000000)</string>
						<string>(0.000000, 0.000000, 0.000000)</string>
						<string>(0.000000, 0.000000, 0.000000)</string>
						<string>(0.000000, 0.000000, 0.000000)</string>
						<string>(0.000000, 0.000000, 0.000000)</string>
						<string>(0.000000, 0.000000, 0.000000)</string>
						<string>(0.000000, 0.000000, 0.000000)</string>
						<string>(0.000000, 0.000000, 0.000000)</string>
						<string>(0.000000, 0.000000, 0.000000)</string>
						<string>(0.000000, 0.000000, 0.000000)</string>
						<string>(0.000000, 0.000000, 0.000000)</string>
						<string>(0.000000, 0.000000, 0.000000)</string>
						<string>(0.000000, 0.000000, 0.000000)</string>
						<string>(0.000000, 0.000000, 0.000000)</string>
						<string>(0.000000, 0.000000, 0.000000)</string>
						<string>(0.000000, 0.000000, 0.000000)</string>
						<string>(0.000000, 0.000000, 0.000000)</string>
						<string>(0.000000, 0.000000, 0.000000)</string>
						<string>(0.000000, 0.000000, 0.000000)</string>
						<string>(0.000000, 0.000000, 0.000000)</string>
						<string>(0.000000, 0.000000, 0.000000)</string>
						<string>(0.000000, 0.000000, 0.000000)</string>
						<string>(0.000000, 0.000000, 0.000000)</string>
						<string>(0.000000, 0.000000, 0.000000)</string>
						<string>(0.000000, 0.000000, 0.000000)</string>
						<string>(0.000000, 0.000000, 0.000000)</string>
						<string>(0.000000, 0.000000, 0.000000)</string>
						<string>(0.000000, 0.000000, 0.000000)</string>
						<string>(0.000000, 0.000000, 0.000000)</string>
						<string>(0.000000, 0.000000, 0.000000)</string>
						<string>(0.000000, 0.000000, 0.000000)</string>
						<string>(0.000000, 0.000000, 0.000000)</string>
						<string>(0.000000, 0.000000, 0.000000)</string>
						<string>(0.000000, 0.000000, 0.000000)</string>
						<string>(0.000000, 0.000000, 0.000000)</string>
						<string>(0.000000, 0.000000, 0.000000)</string>
						<string>(0.000000, 0.000000, 0.000000)</string>
						<string>(0.000000, 0.000000, 0.000000)</string>
						<string>(0.000000, 0.000000, 0.000000)</string>
						<string>(0.000000, 0.000000, 0.000000)</string>
						<string>(0.000000, 0.000000, 0.000000)</string>
						<string>(0.000000, 0.000000, 0.000000)</string>
						<string>(0.000000, 0.000000, 0.000000)</string>
						<string>(0.000000, 0.000000, 0.000000)</string>
						<string>(0.000000, 0.000000, 0.000000)</string>
						<string>(0.000000, 0.000000, 0.000000)</string>
						<string>(0.000000, 0.000000, 0.000000)</string>
						<string>(0.000000, 0.000000, 0.000000)</string>
						<string>(0.000000, 0.000000, 0.000000)</string>
						<string>(0.000000, 0.000000, 0.000000)</string>
						<string>(0.000000, 0.000000, 0.000000)</string>
						<string>(0.000000, 0.000000, 0.000000)</string>
						<string>(0.000000, 0.000000, 0.000000)</string>
						<string>(0.000000, 0.000000, 0.000000)</string>
						<string>(0.000000, 0.000000, 0.000000)</string>
						<string>(0.000000, 0.000000, 0.000000)</string>
						<string>(0.000000, 0.000000, 0.000000)</string>
						<string>(0.000000, 0.000000, 0.000000)</string>
						<string>(0.000000, 0.000000, 0.000000)</string>
						<string>(0.000000, 0.000000, 0.000000)</string>
						<string>(0.000000, 0.000000, 0.000000)</string>
						<string>(0.000000, 0.000000, 0.000000)</string>
						<string>(0.000000, 0.000000, 0.000000)</string>
						<string>(0.000000, 0.000000, 0.000000)</string>
						<string>(0.000000, 0.000000, 0.000000)</string>
						<string>(0.000000, 0.000000, 0.000000)</string>
						<string>(0.000000, 0.000000, 0.000000)</string>
						<string>(0.000000, 0.000000, 0.000000)</string>
						<string>(0.000000, 0.000000, 0.000000)</string>
						<string>(0.000000, 0.000000, 0.000000)</string>
						<string>(0.000000, 0.000000, 0.000000)</string>
						<string>(0.000000, 0.000000, 0.000000)</string>
						<string>(0.000000, 0.000000, 0.000000)</string>
						<string>(0.000000, 0.000000, 0.000000)</string>
						<string>(0.000000, 0.000000, 0.000000)</string>
						<string>(0.000000, 0.000000, 0.000000)</string>
						<string>(0.000000, 0.000000, 0.000000)</string>
						<string>(0.000000, 0.000000, 0.000000)</string>
						<string>(0.000000, 0.000000, 0.000000)</string>
						<string>(0.000000, 0.000000, 0.000000)</string>
						<string>(0.000000, 0.000000, 0.000000)</string>
						<string>(0.000000, 0.000000, 0.000000)</string>
						<string>(0.000000, 0.000000, 0.000000)</string>
						<string>(0.000000, 0.000000, 0.000000)</string>
						<string>(0.000000, 0.000000, 0.000000)</string>
						<string>(0.000000, 0.000000, 0.000000)</string>
						<string>(0.000000, 0.000000, 0.000000)</string>
						<string>(0.000000, 0.000000, 0.000000)</string>
						<string>(0.000000, 0.000000, 0.000000)</string>
						<string>(0.000000, 0.000000, 0.000000)</string>
						<string>(0.000000, 0.000000, 0.000000)</string>
						<string>(0.000000, 0.000000, 0.000000)</string>
						<string>(0.000000, 0.000000, 0.000000)</string>
						<string>(0.000000, 0.000000, 0.000000)</string>
						<string>(0.000000, 0.000000, 0.000000)</string>
						<string>(0.000000, 0.000000, 0.000000)</string>
						<string>(0.000000, 0.000000, 0.000000)</string>
						<string>(0.000000, 0.000000, 0.000000)</string>
						<string>(0.000000, 0.000000, 0.000000)</string>
						<string>(0.000000, 0.000000, 0.000000)</string>
						<string>(0.000000, 0.000000, 0.000000)</string>
						<string>(0.000000, 0.000000, 0.000000)</string>
						<string>(0.000000, 0.000000, 0.000000)</string>
						<string>(0.000000, 0.000000, 0.000000)</string>
						<string>(0.000000, 0.000000, 0.000000)</string>
						<string>(0.000000, 0.000000, 0.000000)</string>
						<string>(0.000000, 0.000000, 0.000000)</string>
						<string>(0.000000, 0.000000, 0.000000)</string>
						<string>(0.000000, 0.000000, 0.000000)</string>
						<string>(0.000000, 0.000000, 0.000000)</string>
						<string>(0.000000, 0.000000, 0.000000)</string>
						<string>(0.000000, 0.000000, 0.000000)</string>
						<string>(0.000000, 0.000000, 0.000000)</string>
						<string>(0.000000, 0.000000, 0.000000)</string>
						<string>(0.000000, 0.000000, 0.000000)</string>
						<string>(0.000000, 0.000000, 0.000000)</string>
						<string>(0.000000, 0.000000, 0.000000)</string>
						<string>(0.000000, 0.000000, 0.000000)</string>
						<string>(0.000000, 0.000000, 0.000000)</string>
						<string>(0.000000, 0.000000, 0.000000)</string>
						<string>(0.000000, 0.000000, 0.000000)</string>
						<string>(0.000000, 0.000000, 0.000000)</string>
						<string>(0.000000, 0.000000, 0.000000)</string>
						<string>(0.000000, 0.000000, 0.000000)</string>
						<string>(0.000000, 0.000000, 0.000000)</string>
						<string>(0.000000, 0.000000, 0.000000)</string>
						<string>(0.000000, 0.000000, 0.000000)</string>
						<string>(0.000000, 0.000000, 0.000000)</string>
						<string>(0.000000, 0.000000, 0.000000)</string>
						<string>(0.000000, 0.000000, 0.000000)</string>
						<string>(0.000000, 0.000000, 0.000000)</string>
						<string>(0.000000, 0.000000, 0.000000)</string>
						<string>(0.000000, 0.000000, 0.000000)</string>
						<string>(0.000000, 0.000000, 0.000000)</string>
						<string>(0.000000, 0.000000, 0.000000)</string>
						<string>(0.000000, 0.000000, 0.000000)</string>
						<string>(0.000000, 0.000000, 0.000000)</string>
						<string>(0.000000, 0.000000, 0.000000)</string>
						<string>(0.000000, 0.000000, 0.000000)</string>
						<string>(0.000000, 0.000000, 0.000000)</string>
						<string>(0.000000, 0.000000, 0.000000)</string>
						<string>(0.000000, 0.000000, 0.000000)</string>
						<string>(0.000000, 0.000000, 0.000000)</string>
						<string>(0.000000, 0.000000, 0.000000)</string>
						<string>(0.000000, 0.000000, 0.000000)</string>
						<string>(0.000000, 0.000000, 0.000000)</string>
						<string>(0.000000, 0.000000, 0.000000)</string>
						<string>(0.000000, 0.000000, 0.000000)</string>
						<string>(0.000000, 0.000000, 0.000000)</string>
						<string>(0.000000, 0.000000, 0.000000)</string>
						<string>(0.000000, 0.000000, 0.000000)</string>
						<string>(0.000000, 0.000000, 0.000000)</string>
						<string>(0.000000, 0.000000, 0.000000)</string>
						<string>(0.000000, 0.000000, 0.000000)</string>
						<string>(0.000000, 0.000000, 0.000000)</string>
						<string>(0.000000, 0.000000, 0.000000)</string>
						<string>(0.000000, 0.000000, 0.000000)</string>
						<string>(0.000000, 0.000000, 0.000000)</string>
						<string>(0.000000, 0.000000, 0.000000)</string>
						<string>(0.000000, 0.000000, 0.000000)</string>
						<string>(0.000000, 0.000000, 0.000000)</string>
					</array>
					<key>Point_px</key>
					<array>
						<string>(3055.729980, 1281.140015)</string>
						<string>(3053.959961, 1284.099976)</string>
						<string>(3050.409912, 1287.050049)</string>
						<string>(3046.860107, 1288.829956)</string>
						<string>(3043.899902, 1291.790039)</string>
						<string>(3043.310059, 1295.329956)</string>
						<string>(3043.620117, 1298.859985)</string>
						<string>(3043.620117, 1302.189941)</string>
						<string>(3043.620117, 1304.979980)</string>
						<string>(3043.620117, 1307.760010)</string>
						<string>(3043.060059, 1310.819946)</string>
						<string>(3041.669922, 1314.430054)</string>
						<string>(3040.280029, 1318.329956)</string>
						<string>(3040.360107, 1321.349976)</string>
						<string>(3041.540039, 1324.310059)</string>
						<string>(3043.310059, 1327.270020)</string>
						<string>(3044.500000, 1330.819946)</string>
						<string>(3046.270020, 1333.770020)</string>
						<string>(3046.860107, 1337.319946)</string>
						<string>(3047.449951, 1340.869995)</string>
						<string>(3047.449951, 1343.829956)</string>
						<string>(3048.639893, 1346.780029)</string>
						<string>(3049.229980, 1350.329956)</string>
						<string>(3050.409912, 1354.469971)</string>
						<string>(3053.959961, 1359.199951)</string>
						<string>(3056.320068, 1362.750000)</string>
						<string>(3059.280029, 1366.300049)</string>
						<string>(3061.649902, 1369.849976)</string>
						<string>(3063.419922, 1372.800049)</string>
						<string>(3064.600098, 1374.579956)</string>
						<string>(3067.560059, 1376.349976)</string>
						<string>(3071.110107, 1376.939941)</string>
						<string>(3074.659912, 1376.939941)</string>
						<string>(3078.199951, 1376.939941)</string>
						<string>(3081.159912, 1377.530029)</string>
						<string>(3084.500000, 1378.680054)</string>
						<string>(3087.560059, 1380.349976)</string>
						<string>(3089.439941, 1382.260010)</string>
						<string>(3091.810059, 1385.219971)</string>
						<string>(3095.350098, 1388.180054)</string>
						<string>(3098.899902, 1391.729980)</string>
						<string>(3102.449951, 1394.089966)</string>
						<string>(3105.409912, 1394.680054)</string>
						<string>(3108.959961, 1395.869995)</string>
						<string>(3112.500000, 1397.050049)</string>
						<string>(3115.459961, 1398.819946)</string>
						<string>(3119.010010, 1400.599976)</string>
						<string>(3122.560059, 1401.780029)</string>
						<string>(3125.510010, 1402.959961)</string>
						<string>(3129.060059, 1404.150024)</string>
						<string>(3132.610107, 1404.739990)</string>
						<string>(3136.159912, 1405.329956)</string>
						<string>(3139.120117, 1405.329956)</string>
						<string>(3142.659912, 1405.920044)</string>
						<string>(3146.209961, 1406.510010)</string>
						<string>(3149.169922, 1406.510010)</string>
						<string>(3152.719971, 1406.510010)</string>
						<string>(3156.260010, 1407.099976)</string>
						<string>(3159.810059, 1406.510010)</string>
						<string>(3163.949951, 1405.329956)</string>
						<string>(3167.500000, 1404.150024)</string>
						<string>(3171.050049, 1404.150024)</string>
						<string>(3174.600098, 1403.550049)</string>
						<string>(3177.550049, 1403.550049)</string>
						<string>(3181.100098, 1403.550049)</string>
						<string>(3184.649902, 1403.550049)</string>
						<string>(3187.610107, 1404.150024)</string>
						<string>(3191.159912, 1404.150024)</string>
						<string>(3194.699951, 1404.150024)</string>
						<string>(3197.659912, 1404.150024)</string>
						<string>(3201.209961, 1404.150024)</string>
						<string>(3204.760010, 1404.150024)</string>
						<string>(3208.310059, 1404.150024)</string>
						<string>(3211.260010, 1404.150024)</string>
						<string>(3214.810059, 1404.150024)</string>
						<string>(3218.360107, 1404.150024)</string>
						<string>(3221.320068, 1404.150024)</string>
						<string>(3224.409912, 1403.989990)</string>
						<string>(3228.300049, 1403.989990)</string>
						<string>(3231.639893, 1403.719971)</string>
						<string>(3234.979980, 1403.160034)</string>
						<string>(3239.060059, 1402.959961)</string>
						<string>(3242.600098, 1402.369995)</string>
						<string>(3245.560059, 1402.369995)</string>
						<string>(3249.159912, 1402.329956)</string>
						<string>(3252.659912, 1401.780029)</string>
						<string>(3255.610107, 1401.189941)</string>
						<string>(3259.159912, 1400.599976)</string>
						<string>(3262.709961, 1399.410034)</string>
						<string>(3266.260010, 1398.819946)</string>
						<string>(3269.479980, 1398.449951)</string>
						<string>(3272.760010, 1397.640015)</string>
						<string>(3276.310059, 1397.050049)</string>
						<string>(3279.270020, 1395.270020)</string>
						<string>(3282.820068, 1392.910034)</string>
						<string>(3286.370117, 1389.949951)</string>
						<string>(3288.669922, 1387.479980)</string>
						<string>(3290.040039, 1385.660034)</string>
						<string>(3292.320068, 1383.369995)</string>
						<string>(3294.149902, 1380.170044)</string>
						<string>(3295.520020, 1376.979980)</string>
						<string>(3296.429932, 1374.239990)</string>
						<string>(3298.780029, 1372.209961)</string>
						<string>(3302.330078, 1371.619995)</string>
						<string>(3304.510010, 1367.560059)</string>
						<string>(3305.620117, 1363.939941)</string>
						<string>(3307.570068, 1360.599976)</string>
						<string>(3311.739990, 1357.819946)</string>
						<string>(3316.080078, 1356.880005)</string>
						<string>(3318.360107, 1355.050049)</string>
						<string>(3319.729980, 1352.770020)</string>
						<string>(3320.189941, 1349.569946)</string>
						<string>(3320.919922, 1346.140015)</string>
						<string>(3321.760010, 1342.800049)</string>
						<string>(3322.590088, 1340.020020)</string>
						<string>(3322.929932, 1335.859985)</string>
						<string>(3323.620117, 1331.410034)</string>
						<string>(3323.620117, 1328.449951)</string>
						<string>(3323.620117, 1324.900024)</string>
						<string>(3323.620117, 1321.949951)</string>
						<string>(3323.429932, 1319.160034)</string>
						<string>(3323.429932, 1316.660034)</string>
						<string>(3323.429932, 1313.599976)</string>
						<string>(3323.429932, 1309.699951)</string>
						<string>(3323.429932, 1306.369995)</string>
						<string>(3322.439941, 1302.430054)</string>
						<string>(3321.199951, 1300.250000)</string>
						<string>(3318.889893, 1298.880005)</string>
						<string>(3315.340088, 1297.699951)</string>
						<string>(3312.389893, 1294.739990)</string>
						<string>(3309.429932, 1291.790039)</string>
						<string>(3306.469971, 1288.239990)</string>
						<string>(3302.919922, 1285.869995)</string>
						<string>(3300.560059, 1282.910034)</string>
						<string>(3297.600098, 1279.369995)</string>
						<string>(3294.050049, 1277.000000)</string>
						<string>(3291.100098, 1276.410034)</string>
						<string>(3287.550049, 1274.040039)</string>
						<string>(3284.000000, 1272.859985)</string>
						<string>(3281.040039, 1272.859985)</string>
						<string>(3277.500000, 1272.859985)</string>
						<string>(3273.949951, 1271.680054)</string>
						<string>(3273.360107, 1268.719971)</string>
						<string>(3272.760010, 1265.770020)</string>
						<string>(3272.169922, 1262.219971)</string>
						<string>(3271.580078, 1259.260010)</string>
						<string>(3270.989990, 1256.300049)</string>
						<string>(3270.989990, 1253.939941)</string>
						<string>(3269.810059, 1250.979980)</string>
						<string>(3267.520020, 1247.680054)</string>
						<string>(3265.020020, 1244.619995)</string>
						<string>(3262.120117, 1242.699951)</string>
						<string>(3257.389893, 1240.930054)</string>
						<string>(3253.840088, 1240.339966)</string>
						<string>(3250.290039, 1240.339966)</string>
						<string>(3247.340088, 1239.739990)</string>
						<string>(3243.790039, 1239.150024)</string>
						<string>(3240.239990, 1238.560059)</string>
						<string>(3237.280029, 1238.560059)</string>
						<string>(3233.729980, 1237.969971)</string>
						<string>(3230.189941, 1237.969971)</string>
						<string>(3227.229980, 1237.380005)</string>
						<string>(3223.679932, 1236.790039)</string>
						<string>(3220.129883, 1235.609985)</string>
						<string>(3216.580078, 1235.609985)</string>
						<string>(3213.629883, 1235.010010)</string>
						<string>(3210.080078, 1235.010010)</string>
						<string>(3206.530029, 1235.010010)</string>
						<string>(3203.570068, 1235.010010)</string>
						<string>(3200.030029, 1235.010010)</string>
						<string>(3196.870117, 1233.489990)</string>
						<string>(3196.040039, 1230.430054)</string>
						<string>(3194.370117, 1227.650024)</string>
						<string>(3191.860107, 1225.979980)</string>
						<string>(3188.659912, 1225.510010)</string>
						<string>(3185.750000, 1222.920044)</string>
						<string>(3182.399902, 1223.010010)</string>
						<string>(3179.899902, 1223.760010)</string>
						<string>(3177.399902, 1225.150024)</string>
						<string>(3173.790039, 1225.430054)</string>
						<string>(3170.310059, 1225.099976)</string>
						<string>(3166.830078, 1225.709961)</string>
						<string>(3163.770020, 1227.380005)</string>
						<string>(3159.889893, 1228.020020)</string>
						<string>(3156.260010, 1230.280029)</string>
						<string>(3152.719971, 1231.469971)</string>
						<string>(3149.310059, 1231.550049)</string>
						<string>(3146.209961, 1231.469971)</string>
						<string>(3142.659912, 1231.469971)</string>
						<string>(3139.120117, 1229.689941)</string>
						<string>(3136.159912, 1227.920044)</string>
						<string>(3132.610107, 1226.729980)</string>
						<string>(3129.060059, 1226.140015)</string>
						<string>(3126.100098, 1225.550049)</string>
						<string>(3122.560059, 1226.729980)</string>
						<string>(3119.010010, 1226.729980)</string>
						<string>(3115.649902, 1227.099976)</string>
						<string>(3112.040039, 1226.819946)</string>
						<string>(3108.419922, 1225.979980)</string>
						<string>(3105.409912, 1225.550049)</string>
						<string>(3102.449951, 1225.550049)</string>
						<string>(3098.899902, 1225.550049)</string>
						<string>(3095.350098, 1226.140015)</string>
						<string>(3092.399902, 1227.329956)</string>
						<string>(3088.850098, 1227.920044)</string>
						<string>(3085.300049, 1229.099976)</string>
						<string>(3081.750000, 1231.469971)</string>
						<string>(3078.800049, 1234.420044)</string>
						<string>(3075.250000, 1236.790039)</string>
						<string>(3072.290039, 1239.739990)</string>
						<string>(3069.330078, 1241.520020)</string>
						<string>(3066.379883, 1243.880005)</string>
						<string>(3064.600098, 1246.250000)</string>
						<string>(3063.080078, 1249.900024)</string>
						<string>(3060.580078, 1252.689941)</string>
						<string>(3058.360107, 1256.020020)</string>
						<string>(3056.919922, 1259.849976)</string>
						<string>(3056.919922, 1263.400024)</string>
						<string>(3056.320068, 1266.359985)</string>
						<string>(3056.320068, 1269.310059)</string>
						<string>(3056.919922, 1272.859985)</string>
						<string>(3056.919922, 1275.819946)</string>
					</array>
					<key>Total</key>
					<real>72842736</real>
					<key>Type</key>
					<integer>15</integer>
				</dict>
			</array>
		</dict>
	</array>
</dict>
</plist>
