<?xml version="1.0" encoding="UTF-8"?>
<!DOCTYPE plist PUBLIC "-//Apple//DTD PLIST 1.0//EN" "http://www.apple.com/DTDs/PropertyList-1.0.dtd">
<plist version="1.0">
<dict>
	<key>Images</key>
	<array>
		<dict>
			<key>ImageIndex</key>
			<integer>0</integer>
			<key>NumberOfROIs</key>
			<integer>1</integer>
			<key>ROIs</key>
			<array>
				<dict>
					<key>Area</key>
					<real>2.2098233699798584</real>
					<key>Center</key>
					<string>(0.000000, 0.000000, 0.000000)</string>
					<key>Dev</key>
					<real>123.61444854736328</real>
					<key>IndexInImage</key>
					<integer>0</integer>
					<key>Max</key>
					<real>2213</real>
					<key>Mean</key>
					<real>1753.8983154296875</real>
					<key>Min</key>
					<real>1308</real>
					<key>Name</key>
					<string>Mass</string>
					<key>NumberOfPoints</key>
					<integer>253</integer>
					<key>Point_mm</key>
					<array>
						<string>(0.000000, 0.000000, 0.000000)</string>
						<string>(0.000000, 0.000000, 0.000000)</string>
						<string>(0.000000, 0.000000, 0.000000)</string>
						<string>(0.000000, 0.000000, 0.000000)</string>
						<string>(0.000000, 0.000000, 0.000000)</string>
						<string>(0.000000, 0.000000, 0.000000)</string>
						<string>(0.000000, 0.000000, 0.000000)</string>
						<string>(0.000000, 0.000000, 0.000000)</string>
						<string>(0.000000, 0.000000, 0.000000)</string>
						<string>(0.000000, 0.000000, 0.000000)</string>
						<string>(0.000000, 0.000000, 0.000000)</string>
						<string>(0.000000, 0.000000, 0.000000)</string>
						<string>(0.000000, 0.000000, 0.000000)</string>
						<string>(0.000000, 0.000000, 0.000000)</string>
						<string>(0.000000, 0.000000, 0.000000)</string>
						<string>(0.000000, 0.000000, 0.000000)</string>
						<string>(0.000000, 0.000000, 0.000000)</string>
						<string>(0.000000, 0.000000, 0.000000)</string>
						<string>(0.000000, 0.000000, 0.000000)</string>
						<string>(0.000000, 0.000000, 0.000000)</string>
						<string>(0.000000, 0.000000, 0.000000)</string>
						<string>(0.000000, 0.000000, 0.000000)</string>
						<string>(0.000000, 0.000000, 0.000000)</string>
						<string>(0.000000, 0.000000, 0.000000)</string>
						<string>(0.000000, 0.000000, 0.000000)</string>
						<string>(0.000000, 0.000000, 0.000000)</string>
						<string>(0.000000, 0.000000, 0.000000)</string>
						<string>(0.000000, 0.000000, 0.000000)</string>
						<string>(0.000000, 0.000000, 0.000000)</string>
						<string>(0.000000, 0.000000, 0.000000)</string>
						<string>(0.000000, 0.000000, 0.000000)</string>
						<string>(0.000000, 0.000000, 0.000000)</string>
						<string>(0.000000, 0.000000, 0.000000)</string>
						<string>(0.000000, 0.000000, 0.000000)</string>
						<string>(0.000000, 0.000000, 0.000000)</string>
						<string>(0.000000, 0.000000, 0.000000)</string>
						<string>(0.000000, 0.000000, 0.000000)</string>
						<string>(0.000000, 0.000000, 0.000000)</string>
						<string>(0.000000, 0.000000, 0.000000)</string>
						<string>(0.000000, 0.000000, 0.000000)</string>
						<string>(0.000000, 0.000000, 0.000000)</string>
						<string>(0.000000, 0.000000, 0.000000)</string>
						<string>(0.000000, 0.000000, 0.000000)</string>
						<string>(0.000000, 0.000000, 0.000000)</string>
						<string>(0.000000, 0.000000, 0.000000)</string>
						<string>(0.000000, 0.000000, 0.000000)</string>
						<string>(0.000000, 0.000000, 0.000000)</string>
						<string>(0.000000, 0.000000, 0.000000)</string>
						<string>(0.000000, 0.000000, 0.000000)</string>
						<string>(0.000000, 0.000000, 0.000000)</string>
						<string>(0.000000, 0.000000, 0.000000)</string>
						<string>(0.000000, 0.000000, 0.000000)</string>
						<string>(0.000000, 0.000000, 0.000000)</string>
						<string>(0.000000, 0.000000, 0.000000)</string>
						<string>(0.000000, 0.000000, 0.000000)</string>
						<string>(0.000000, 0.000000, 0.000000)</string>
						<string>(0.000000, 0.000000, 0.000000)</string>
						<string>(0.000000, 0.000000, 0.000000)</string>
						<string>(0.000000, 0.000000, 0.000000)</string>
						<string>(0.000000, 0.000000, 0.000000)</string>
						<string>(0.000000, 0.000000, 0.000000)</string>
						<string>(0.000000, 0.000000, 0.000000)</string>
						<string>(0.000000, 0.000000, 0.000000)</string>
						<string>(0.000000, 0.000000, 0.000000)</string>
						<string>(0.000000, 0.000000, 0.000000)</string>
						<string>(0.000000, 0.000000, 0.000000)</string>
						<string>(0.000000, 0.000000, 0.000000)</string>
						<string>(0.000000, 0.000000, 0.000000)</string>
						<string>(0.000000, 0.000000, 0.000000)</string>
						<string>(0.000000, 0.000000, 0.000000)</string>
						<string>(0.000000, 0.000000, 0.000000)</string>
						<string>(0.000000, 0.000000, 0.000000)</string>
						<string>(0.000000, 0.000000, 0.000000)</string>
						<string>(0.000000, 0.000000, 0.000000)</string>
						<string>(0.000000, 0.000000, 0.000000)</string>
						<string>(0.000000, 0.000000, 0.000000)</string>
						<string>(0.000000, 0.000000, 0.000000)</string>
						<string>(0.000000, 0.000000, 0.000000)</string>
						<string>(0.000000, 0.000000, 0.000000)</string>
						<string>(0.000000, 0.000000, 0.000000)</string>
						<string>(0.000000, 0.000000, 0.000000)</string>
						<string>(0.000000, 0.000000, 0.000000)</string>
						<string>(0.000000, 0.000000, 0.000000)</string>
						<string>(0.000000, 0.000000, 0.000000)</string>
						<string>(0.000000, 0.000000, 0.000000)</string>
						<string>(0.000000, 0.000000, 0.000000)</string>
						<string>(0.000000, 0.000000, 0.000000)</string>
						<string>(0.000000, 0.000000, 0.000000)</string>
						<string>(0.000000, 0.000000, 0.000000)</string>
						<string>(0.000000, 0.000000, 0.000000)</string>
						<string>(0.000000, 0.000000, 0.000000)</string>
						<string>(0.000000, 0.000000, 0.000000)</string>
						<string>(0.000000, 0.000000, 0.000000)</string>
						<string>(0.000000, 0.000000, 0.000000)</string>
						<string>(0.000000, 0.000000, 0.000000)</string>
						<string>(0.000000, 0.000000, 0.000000)</string>
						<string>(0.000000, 0.000000, 0.000000)</string>
						<string>(0.000000, 0.000000, 0.000000)</string>
						<string>(0.000000, 0.000000, 0.000000)</string>
						<string>(0.000000, 0.000000, 0.000000)</string>
						<string>(0.000000, 0.000000, 0.000000)</string>
						<string>(0.000000, 0.000000, 0.000000)</string>
						<string>(0.000000, 0.000000, 0.000000)</string>
						<string>(0.000000, 0.000000, 0.000000)</string>
						<string>(0.000000, 0.000000, 0.000000)</string>
						<string>(0.000000, 0.000000, 0.000000)</string>
						<string>(0.000000, 0.000000, 0.000000)</string>
						<string>(0.000000, 0.000000, 0.000000)</string>
						<string>(0.000000, 0.000000, 0.000000)</string>
						<string>(0.000000, 0.000000, 0.000000)</string>
						<string>(0.000000, 0.000000, 0.000000)</string>
						<string>(0.000000, 0.000000, 0.000000)</string>
						<string>(0.000000, 0.000000, 0.000000)</string>
						<string>(0.000000, 0.000000, 0.000000)</string>
						<string>(0.000000, 0.000000, 0.000000)</string>
						<string>(0.000000, 0.000000, 0.000000)</string>
						<string>(0.000000, 0.000000, 0.000000)</string>
						<string>(0.000000, 0.000000, 0.000000)</string>
						<string>(0.000000, 0.000000, 0.000000)</string>
						<string>(0.000000, 0.000000, 0.000000)</string>
						<string>(0.000000, 0.000000, 0.000000)</string>
						<string>(0.000000, 0.000000, 0.000000)</string>
						<string>(0.000000, 0.000000, 0.000000)</string>
						<string>(0.000000, 0.000000, 0.000000)</string>
						<string>(0.000000, 0.000000, 0.000000)</string>
						<string>(0.000000, 0.000000, 0.000000)</string>
						<string>(0.000000, 0.000000, 0.000000)</string>
						<string>(0.000000, 0.000000, 0.000000)</string>
						<string>(0.000000, 0.000000, 0.000000)</string>
						<string>(0.000000, 0.000000, 0.000000)</string>
						<string>(0.000000, 0.000000, 0.000000)</string>
						<string>(0.000000, 0.000000, 0.000000)</string>
						<string>(0.000000, 0.000000, 0.000000)</string>
						<string>(0.000000, 0.000000, 0.000000)</string>
						<string>(0.000000, 0.000000, 0.000000)</string>
						<string>(0.000000, 0.000000, 0.000000)</string>
						<string>(0.000000, 0.000000, 0.000000)</string>
						<string>(0.000000, 0.000000, 0.000000)</string>
						<string>(0.000000, 0.000000, 0.000000)</string>
						<string>(0.000000, 0.000000, 0.000000)</string>
						<string>(0.000000, 0.000000, 0.000000)</string>
						<string>(0.000000, 0.000000, 0.000000)</string>
						<string>(0.000000, 0.000000, 0.000000)</string>
						<string>(0.000000, 0.000000, 0.000000)</string>
						<string>(0.000000, 0.000000, 0.000000)</string>
						<string>(0.000000, 0.000000, 0.000000)</string>
						<string>(0.000000, 0.000000, 0.000000)</string>
						<string>(0.000000, 0.000000, 0.000000)</string>
						<string>(0.000000, 0.000000, 0.000000)</string>
						<string>(0.000000, 0.000000, 0.000000)</string>
						<string>(0.000000, 0.000000, 0.000000)</string>
						<string>(0.000000, 0.000000, 0.000000)</string>
						<string>(0.000000, 0.000000, 0.000000)</string>
						<string>(0.000000, 0.000000, 0.000000)</string>
						<string>(0.000000, 0.000000, 0.000000)</string>
						<string>(0.000000, 0.000000, 0.000000)</string>
						<string>(0.000000, 0.000000, 0.000000)</string>
						<string>(0.000000, 0.000000, 0.000000)</string>
						<string>(0.000000, 0.000000, 0.000000)</string>
						<string>(0.000000, 0.000000, 0.000000)</string>
						<string>(0.000000, 0.000000, 0.000000)</string>
						<string>(0.000000, 0.000000, 0.000000)</string>
						<string>(0.000000, 0.000000, 0.000000)</string>
						<string>(0.000000, 0.000000, 0.000000)</string>
						<string>(0.000000, 0.000000, 0.000000)</string>
						<string>(0.000000, 0.000000, 0.000000)</string>
						<string>(0.000000, 0.000000, 0.000000)</string>
						<string>(0.000000, 0.000000, 0.000000)</string>
						<string>(0.000000, 0.000000, 0.000000)</string>
						<string>(0.000000, 0.000000, 0.000000)</string>
						<string>(0.000000, 0.000000, 0.000000)</string>
						<string>(0.000000, 0.000000, 0.000000)</string>
						<string>(0.000000, 0.000000, 0.000000)</string>
						<string>(0.000000, 0.000000, 0.000000)</string>
						<string>(0.000000, 0.000000, 0.000000)</string>
						<string>(0.000000, 0.000000, 0.000000)</string>
						<string>(0.000000, 0.000000, 0.000000)</string>
						<string>(0.000000, 0.000000, 0.000000)</string>
						<string>(0.000000, 0.000000, 0.000000)</string>
						<string>(0.000000, 0.000000, 0.000000)</string>
						<string>(0.000000, 0.000000, 0.000000)</string>
						<string>(0.000000, 0.000000, 0.000000)</string>
						<string>(0.000000, 0.000000, 0.000000)</string>
						<string>(0.000000, 0.000000, 0.000000)</string>
						<string>(0.000000, 0.000000, 0.000000)</string>
						<string>(0.000000, 0.000000, 0.000000)</string>
						<string>(0.000000, 0.000000, 0.000000)</string>
						<string>(0.000000, 0.000000, 0.000000)</string>
						<string>(0.000000, 0.000000, 0.000000)</string>
						<string>(0.000000, 0.000000, 0.000000)</string>
						<string>(0.000000, 0.000000, 0.000000)</string>
						<string>(0.000000, 0.000000, 0.000000)</string>
						<string>(0.000000, 0.000000, 0.000000)</string>
						<string>(0.000000, 0.000000, 0.000000)</string>
						<string>(0.000000, 0.000000, 0.000000)</string>
						<string>(0.000000, 0.000000, 0.000000)</string>
						<string>(0.000000, 0.000000, 0.000000)</string>
						<string>(0.000000, 0.000000, 0.000000)</string>
						<string>(0.000000, 0.000000, 0.000000)</string>
						<string>(0.000000, 0.000000, 0.000000)</string>
						<string>(0.000000, 0.000000, 0.000000)</string>
						<string>(0.000000, 0.000000, 0.000000)</string>
						<string>(0.000000, 0.000000, 0.000000)</string>
						<string>(0.000000, 0.000000, 0.000000)</string>
						<string>(0.000000, 0.000000, 0.000000)</string>
						<string>(0.000000, 0.000000, 0.000000)</string>
						<string>(0.000000, 0.000000, 0.000000)</string>
						<string>(0.000000, 0.000000, 0.000000)</string>
						<string>(0.000000, 0.000000, 0.000000)</string>
						<string>(0.000000, 0.000000, 0.000000)</string>
						<string>(0.000000, 0.000000, 0.000000)</string>
						<string>(0.000000, 0.000000, 0.000000)</string>
						<string>(0.000000, 0.000000, 0.000000)</string>
						<string>(0.000000, 0.000000, 0.000000)</string>
						<string>(0.000000, 0.000000, 0.000000)</string>
						<string>(0.000000, 0.000000, 0.000000)</string>
						<string>(0.000000, 0.000000, 0.000000)</string>
						<string>(0.000000, 0.000000, 0.000000)</string>
						<string>(0.000000, 0.000000, 0.000000)</string>
						<string>(0.000000, 0.000000, 0.000000)</string>
						<string>(0.000000, 0.000000, 0.000000)</string>
						<string>(0.000000, 0.000000, 0.000000)</string>
						<string>(0.000000, 0.000000, 0.000000)</string>
						<string>(0.000000, 0.000000, 0.000000)</string>
						<string>(0.000000, 0.000000, 0.000000)</string>
						<string>(0.000000, 0.000000, 0.000000)</string>
						<string>(0.000000, 0.000000, 0.000000)</string>
						<string>(0.000000, 0.000000, 0.000000)</string>
						<string>(0.000000, 0.000000, 0.000000)</string>
						<string>(0.000000, 0.000000, 0.000000)</string>
						<string>(0.000000, 0.000000, 0.000000)</string>
						<string>(0.000000, 0.000000, 0.000000)</string>
						<string>(0.000000, 0.000000, 0.000000)</string>
						<string>(0.000000, 0.000000, 0.000000)</string>
						<string>(0.000000, 0.000000, 0.000000)</string>
						<string>(0.000000, 0.000000, 0.000000)</string>
						<string>(0.000000, 0.000000, 0.000000)</string>
						<string>(0.000000, 0.000000, 0.000000)</string>
						<string>(0.000000, 0.000000, 0.000000)</string>
						<string>(0.000000, 0.000000, 0.000000)</string>
						<string>(0.000000, 0.000000, 0.000000)</string>
						<string>(0.000000, 0.000000, 0.000000)</string>
						<string>(0.000000, 0.000000, 0.000000)</string>
						<string>(0.000000, 0.000000, 0.000000)</string>
						<string>(0.000000, 0.000000, 0.000000)</string>
						<string>(0.000000, 0.000000, 0.000000)</string>
						<string>(0.000000, 0.000000, 0.000000)</string>
						<string>(0.000000, 0.000000, 0.000000)</string>
						<string>(0.000000, 0.000000, 0.000000)</string>
						<string>(0.000000, 0.000000, 0.000000)</string>
						<string>(0.000000, 0.000000, 0.000000)</string>
						<string>(0.000000, 0.000000, 0.000000)</string>
						<string>(0.000000, 0.000000, 0.000000)</string>
					</array>
					<key>Point_px</key>
					<array>
						<string>(3324.919922, 683.556030)</string>
						<string>(3324.169922, 680.528992)</string>
						<string>(3321.300049, 678.809021)</string>
						<string>(3318.439941, 677.088989)</string>
						<string>(3316.719971, 673.648987)</string>
						<string>(3316.139893, 670.208984)</string>
						<string>(3316.139893, 666.768982)</string>
						<string>(3318.439941, 663.328979)</string>
						<string>(3320.159912, 659.888977)</string>
						<string>(3320.729980, 656.448975)</string>
						<string>(3320.729980, 653.008972)</string>
						<string>(3320.729980, 649.568970)</string>
						<string>(3317.860107, 647.276001)</string>
						<string>(3315.000000, 646.130005)</string>
						<string>(3312.129883, 644.409973)</string>
						<string>(3308.689941, 642.116028)</string>
						<string>(3305.250000, 640.395996)</string>
						<string>(3301.810059, 636.955994)</string>
						<string>(3298.370117, 634.663025)</string>
						<string>(3294.929932, 633.515991)</string>
						<string>(3291.489990, 631.796021)</string>
						<string>(3288.620117, 630.650024)</string>
						<string>(3285.189941, 628.929993)</string>
						<string>(3281.750000, 627.783020)</string>
						<string>(3278.310059, 627.210022)</string>
						<string>(3274.870117, 626.062988)</string>
						<string>(3271.429932, 624.343018)</string>
						<string>(3267.989990, 623.770020)</string>
						<string>(3264.550049, 622.622986)</string>
						<string>(3261.110107, 621.476990)</string>
						<string>(3257.669922, 620.903015)</string>
						<string>(3254.800049, 620.330017)</string>
						<string>(3251.360107, 618.609985)</string>
						<string>(3247.919922, 617.463013)</string>
						<string>(3244.479980, 616.890015)</string>
						<string>(3241.040039, 616.317017)</string>
						<string>(3237.600098, 615.742981)</string>
						<string>(3234.159912, 616.890015)</string>
						<string>(3230.719971, 618.609985)</string>
						<string>(3227.850098, 621.476990)</string>
						<string>(3229.570068, 624.916992)</string>
						<string>(3233.129883, 628.135010)</string>
						<string>(3230.100098, 628.567993)</string>
						<string>(3226.709961, 627.783020)</string>
						<string>(3224.040039, 629.000977)</string>
						<string>(3221.870117, 632.465027)</string>
						<string>(3220.969971, 627.783020)</string>
						<string>(3217.969971, 625.104004)</string>
						<string>(3214.939941, 623.372009)</string>
						<string>(3211.909912, 622.505981)</string>
						<string>(3208.449951, 622.072998)</string>
						<string>(3204.550049, 620.773987)</string>
						<string>(3201.090088, 619.474976)</string>
						<string>(3199.360107, 619.474976)</string>
						<string>(3195.889893, 618.609009)</string>
						<string>(3191.560059, 619.041992)</string>
						<string>(3187.669922, 618.176025)</string>
						<string>(3183.340088, 617.742981)</string>
						<string>(3180.300049, 616.010986)</string>
						<string>(3177.399902, 612.877014)</string>
						<string>(3173.959961, 612.302979)</string>
						<string>(3170.520020, 611.729980)</string>
						<string>(3167.649902, 611.729980)</string>
						<string>(3164.209961, 611.156982)</string>
						<string>(3160.199951, 611.156982)</string>
						<string>(3157.330078, 611.156982)</string>
						<string>(3153.889893, 611.156982)</string>
						<string>(3150.449951, 611.156982)</string>
						<string>(3147.010010, 611.729980)</string>
						<string>(3143.570068, 612.302979)</string>
						<string>(3140.129883, 612.302979)</string>
						<string>(3136.689941, 612.877014)</string>
						<string>(3133.250000, 613.450012)</string>
						<string>(3130.389893, 613.450012)</string>
						<string>(3126.949951, 614.023010)</string>
						<string>(3123.510010, 615.169983)</string>
						<string>(3120.070068, 615.169983)</string>
						<string>(3116.629883, 616.317017)</string>
						<string>(3113.189941, 617.463013)</string>
						<string>(3109.750000, 618.609985)</string>
						<string>(3106.879883, 621.476990)</string>
						<string>(3105.830078, 625.536987)</string>
						<string>(3104.100098, 629.434021)</string>
						<string>(3100.570068, 631.796021)</string>
						<string>(3099.070068, 634.856018)</string>
						<string>(3095.409912, 637.530029)</string>
						<string>(3094.139893, 641.557007)</string>
						<string>(3093.709961, 645.020996)</string>
						<string>(3092.840088, 647.619019)</string>
						<string>(3091.979980, 651.515991)</string>
						<string>(3091.540039, 655.411987)</string>
						<string>(3093.689941, 657.596008)</string>
						<string>(3097.129883, 658.742981)</string>
						<string>(3100.000000, 660.463013)</string>
						<string>(3103.439941, 662.755981)</string>
						<string>(3100.570068, 663.903015)</string>
						<string>(3097.709961, 663.328979)</string>
						<string>(3094.840088, 662.755981)</string>
						<string>(3091.969971, 662.755981)</string>
						<string>(3088.530029, 663.903015)</string>
						<string>(3085.669922, 667.343018)</string>
						<string>(3083.949951, 670.781982)</string>
						<string>(3082.800049, 674.221985)</string>
						<string>(3081.080078, 677.661987)</string>
						<string>(3078.209961, 679.955994)</string>
						<string>(3074.770020, 681.101990)</string>
						<string>(3071.909912, 681.101990)</string>
						<string>(3068.469971, 681.101990)</string>
						<string>(3066.889893, 685.187988)</string>
						<string>(3068.929932, 688.041992)</string>
						<string>(3070.149902, 691.710999)</string>
						<string>(3072.479980, 695.434998)</string>
						<string>(3073.820068, 698.640991)</string>
						<string>(3075.350098, 701.742004)</string>
						<string>(3076.500000, 704.609009)</string>
						<string>(3078.790039, 708.049011)</string>
						<string>(3079.939941, 711.489014)</string>
						<string>(3081.080078, 714.927979)</string>
						<string>(3082.790039, 720.655029)</string>
						<string>(3084.830078, 724.731995)</string>
						<string>(3087.649902, 727.286011)</string>
						<string>(3090.250000, 730.750000)</string>
						<string>(3092.840088, 734.213989)</string>
						<string>(3093.280029, 737.677979)</string>
						<string>(3092.840088, 741.142029)</string>
						<string>(3090.250000, 744.168030)</string>
						<string>(3087.389893, 745.315002)</string>
						<string>(3084.520020, 745.888000)</string>
						<string>(3081.649902, 745.888000)</string>
						<string>(3078.209961, 745.888000)</string>
						<string>(3074.770020, 745.888000)</string>
						<string>(3071.909912, 745.888000)</string>
						<string>(3068.469971, 745.888000)</string>
						<string>(3068.469971, 749.328003)</string>
						<string>(3071.330078, 750.474976)</string>
						<string>(3074.199951, 752.768005)</string>
						<string>(3075.919922, 756.208008)</string>
						<string>(3079.939941, 755.635010)</string>
						<string>(3083.379883, 755.060974)</string>
						<string>(3086.810059, 755.060974)</string>
						<string>(3090.250000, 754.487976)</string>
						<string>(3093.689941, 753.341003)</string>
						<string>(3097.129883, 755.635010)</string>
						<string>(3100.000000, 757.927979)</string>
						<string>(3100.570068, 761.367981)</string>
						<string>(3100.570068, 764.807983)</string>
						<string>(3100.570068, 768.247986)</string>
						<string>(3100.570068, 771.687988)</string>
						<string>(3101.719971, 775.127991)</string>
						<string>(3104.590088, 776.848022)</string>
						<string>(3106.310059, 779.713989)</string>
						<string>(3108.030029, 783.153992)</string>
						<string>(3109.750000, 786.593994)</string>
						<string>(3112.610107, 789.460999)</string>
						<string>(3116.050049, 791.181030)</string>
						<string>(3119.070068, 791.997009)</string>
						<string>(3122.330078, 793.219971)</string>
						<string>(3126.409912, 794.442993)</string>
						<string>(3130.889893, 796.073975)</string>
						<string>(3134.969971, 798.112000)</string>
						<string>(3139.449951, 799.742981)</string>
						<string>(3142.709961, 801.781006)</string>
						<string>(3147.199951, 804.635010)</string>
						<string>(3150.459961, 806.672974)</string>
						<string>(3154.469971, 807.807007)</string>
						<string>(3157.909912, 808.953979)</string>
						<string>(3161.350098, 809.526978)</string>
						<string>(3164.790039, 809.526978)</string>
						<string>(3168.229980, 809.526978)</string>
						<string>(3171.090088, 810.099976)</string>
						<string>(3174.530029, 810.674011)</string>
						<string>(3177.969971, 810.674011)</string>
						<string>(3181.409912, 811.247009)</string>
						<string>(3185.110107, 811.156982)</string>
						<string>(3187.969971, 811.565002)</string>
						<string>(3191.629883, 813.195984)</string>
						<string>(3195.300049, 814.825989)</string>
						<string>(3197.340088, 816.864990)</string>
						<string>(3200.199951, 818.903015)</string>
						<string>(3203.459961, 820.533997)</string>
						<string>(3207.939941, 821.757019)</string>
						<string>(3212.429932, 822.164001)</string>
						<string>(3215.810059, 822.140015)</string>
						<string>(3218.679932, 822.140015)</string>
						<string>(3222.120117, 822.713989)</string>
						<string>(3225.560059, 823.859985)</string>
						<string>(3229.000000, 825.580017)</string>
						<string>(3232.439941, 827.872986)</string>
						<string>(3235.879883, 830.166992)</string>
						<string>(3239.320068, 831.887024)</string>
						<string>(3242.189941, 833.033020)</string>
						<string>(3245.449951, 835.210022)</string>
						<string>(3249.070068, 836.473022)</string>
						<string>(3253.080078, 836.473022)</string>
						<string>(3255.949951, 836.473022)</string>
						<string>(3259.389893, 836.473022)</string>
						<string>(3262.830078, 837.046997)</string>
						<string>(3266.270020, 837.046997)</string>
						<string>(3269.709961, 837.046997)</string>
						<string>(3273.149902, 837.046997)</string>
						<string>(3276.010010, 835.327026)</string>
						<string>(3277.729980, 831.887024)</string>
						<string>(3280.600098, 829.593994)</string>
						<string>(3281.750000, 826.726990)</string>
						<string>(3284.040039, 823.286987)</string>
						<string>(3286.909912, 822.140015)</string>
						<string>(3289.770020, 821.567017)</string>
						<string>(3290.919922, 818.127014)</string>
						<string>(3292.639893, 814.687012)</string>
						<string>(3292.639893, 811.820007)</string>
						<string>(3295.510010, 809.526978)</string>
						<string>(3298.949951, 809.526978)</string>
						<string>(3302.389893, 808.953979)</string>
						<string>(3305.250000, 805.513977)</string>
						<string>(3308.120117, 804.367004)</string>
						<string>(3312.300049, 804.635010)</string>
						<string>(3315.570068, 804.635010)</string>
						<string>(3319.580078, 805.513977)</string>
						<string>(3321.300049, 802.073975)</string>
						<string>(3322.830078, 797.168030)</string>
						<string>(3325.540039, 795.427979)</string>
						<string>(3327.469971, 793.882019)</string>
						<string>(3328.050049, 789.242004)</string>
						<string>(3327.850098, 784.989990)</string>
						<string>(3327.850098, 781.510010)</string>
						<string>(3327.850098, 778.031006)</string>
						<string>(3327.850098, 775.130981)</string>
						<string>(3327.659912, 771.265015)</string>
						<string>(3327.659912, 767.978027)</string>
						<string>(3327.659912, 764.692017)</string>
						<string>(3327.659912, 761.018982)</string>
						<string>(3327.659912, 757.539978)</string>
						<string>(3327.850098, 754.447021)</string>
						<string>(3327.850098, 750.580994)</string>
						<string>(3327.850098, 746.908020)</string>
						<string>(3327.850098, 743.427979)</string>
						<string>(3327.850098, 740.721985)</string>
						<string>(3327.850098, 737.242004)</string>
						<string>(3327.850098, 733.955994)</string>
						<string>(3327.850098, 730.476013)</string>
						<string>(3327.850098, 726.416992)</string>
						<string>(3327.850098, 723.323975)</string>
						<string>(3327.850098, 720.038025)</string>
						<string>(3327.850098, 716.750977)</string>
						<string>(3327.850098, 713.271973)</string>
						<string>(3327.850098, 709.406006)</string>
						<string>(3327.850098, 706.312988)</string>
						<string>(3327.659912, 703.026001)</string>
						<string>(3327.659912, 699.934021)</string>
						<string>(3327.659912, 696.260986)</string>
						<string>(3327.610107, 693.142029)</string>
						<string>(3327.040039, 689.702026)</string>
						<string>(3326.219971, 685.719971)</string>
					</array>
					<key>Total</key>
					<real>79413008</real>
					<key>Type</key>
					<integer>15</integer>
				</dict>
			</array>
		</dict>
	</array>
</dict>
</plist>
