<?xml version="1.0" encoding="UTF-8"?>
<!DOCTYPE plist PUBLIC "-//Apple//DTD PLIST 1.0//EN" "http://www.apple.com/DTDs/PropertyList-1.0.dtd">
<plist version="1.0">
<dict>
	<key>Images</key>
	<array>
		<dict>
			<key>ImageIndex</key>
			<integer>0</integer>
			<key>NumberOfROIs</key>
			<integer>1</integer>
			<key>ROIs</key>
			<array>
				<dict>
					<key>Area</key>
					<real>2.0653562545776367</real>
					<key>Center</key>
					<string>(0.000000, 0.000000, 0.000000)</string>
					<key>Dev</key>
					<real>127.55873107910156</real>
					<key>IndexInImage</key>
					<integer>0</integer>
					<key>Max</key>
					<real>2142</real>
					<key>Mean</key>
					<real>1737.9466552734375</real>
					<key>Min</key>
					<real>1321</real>
					<key>Name</key>
					<string>Mass</string>
					<key>NumberOfPoints</key>
					<integer>91</integer>
					<key>Point_mm</key>
					<array>
						<string>(0.000000, 0.000000, 0.000000)</string>
						<string>(0.000000, 0.000000, 0.000000)</string>
						<string>(0.000000, 0.000000, 0.000000)</string>
						<string>(0.000000, 0.000000, 0.000000)</string>
						<string>(0.000000, 0.000000, 0.000000)</string>
						<string>(0.000000, 0.000000, 0.000000)</string>
						<string>(0.000000, 0.000000, 0.000000)</string>
						<string>(0.000000, 0.000000, 0.000000)</string>
						<string>(0.000000, 0.000000, 0.000000)</string>
						<string>(0.000000, 0.000000, 0.000000)</string>
						<string>(0.000000, 0.000000, 0.000000)</string>
						<string>(0.000000, 0.000000, 0.000000)</string>
						<string>(0.000000, 0.000000, 0.000000)</string>
						<string>(0.000000, 0.000000, 0.000000)</string>
						<string>(0.000000, 0.000000, 0.000000)</string>
						<string>(0.000000, 0.000000, 0.000000)</string>
						<string>(0.000000, 0.000000, 0.000000)</string>
						<string>(0.000000, 0.000000, 0.000000)</string>
						<string>(0.000000, 0.000000, 0.000000)</string>
						<string>(0.000000, 0.000000, 0.000000)</string>
						<string>(0.000000, 0.000000, 0.000000)</string>
						<string>(0.000000, 0.000000, 0.000000)</string>
						<string>(0.000000, 0.000000, 0.000000)</string>
						<string>(0.000000, 0.000000, 0.000000)</string>
						<string>(0.000000, 0.000000, 0.000000)</string>
						<string>(0.000000, 0.000000, 0.000000)</string>
						<string>(0.000000, 0.000000, 0.000000)</string>
						<string>(0.000000, 0.000000, 0.000000)</string>
						<string>(0.000000, 0.000000, 0.000000)</string>
						<string>(0.000000, 0.000000, 0.000000)</string>
						<string>(0.000000, 0.000000, 0.000000)</string>
						<string>(0.000000, 0.000000, 0.000000)</string>
						<string>(0.000000, 0.000000, 0.000000)</string>
						<string>(0.000000, 0.000000, 0.000000)</string>
						<string>(0.000000, 0.000000, 0.000000)</string>
						<string>(0.000000, 0.000000, 0.000000)</string>
						<string>(0.000000, 0.000000, 0.000000)</string>
						<string>(0.000000, 0.000000, 0.000000)</string>
						<string>(0.000000, 0.000000, 0.000000)</string>
						<string>(0.000000, 0.000000, 0.000000)</string>
						<string>(0.000000, 0.000000, 0.000000)</string>
						<string>(0.000000, 0.000000, 0.000000)</string>
						<string>(0.000000, 0.000000, 0.000000)</string>
						<string>(0.000000, 0.000000, 0.000000)</string>
						<string>(0.000000, 0.000000, 0.000000)</string>
						<string>(0.000000, 0.000000, 0.000000)</string>
						<string>(0.000000, 0.000000, 0.000000)</string>
						<string>(0.000000, 0.000000, 0.000000)</string>
						<string>(0.000000, 0.000000, 0.000000)</string>
						<string>(0.000000, 0.000000, 0.000000)</string>
						<string>(0.000000, 0.000000, 0.000000)</string>
						<string>(0.000000, 0.000000, 0.000000)</string>
						<string>(0.000000, 0.000000, 0.000000)</string>
						<string>(0.000000, 0.000000, 0.000000)</string>
						<string>(0.000000, 0.000000, 0.000000)</string>
						<string>(0.000000, 0.000000, 0.000000)</string>
						<string>(0.000000, 0.000000, 0.000000)</string>
						<string>(0.000000, 0.000000, 0.000000)</string>
						<string>(0.000000, 0.000000, 0.000000)</string>
						<string>(0.000000, 0.000000, 0.000000)</string>
						<string>(0.000000, 0.000000, 0.000000)</string>
						<string>(0.000000, 0.000000, 0.000000)</string>
						<string>(0.000000, 0.000000, 0.000000)</string>
						<string>(0.000000, 0.000000, 0.000000)</string>
						<string>(0.000000, 0.000000, 0.000000)</string>
						<string>(0.000000, 0.000000, 0.000000)</string>
						<string>(0.000000, 0.000000, 0.000000)</string>
						<string>(0.000000, 0.000000, 0.000000)</string>
						<string>(0.000000, 0.000000, 0.000000)</string>
						<string>(0.000000, 0.000000, 0.000000)</string>
						<string>(0.000000, 0.000000, 0.000000)</string>
						<string>(0.000000, 0.000000, 0.000000)</string>
						<string>(0.000000, 0.000000, 0.000000)</string>
						<string>(0.000000, 0.000000, 0.000000)</string>
						<string>(0.000000, 0.000000, 0.000000)</string>
						<string>(0.000000, 0.000000, 0.000000)</string>
						<string>(0.000000, 0.000000, 0.000000)</string>
						<string>(0.000000, 0.000000, 0.000000)</string>
						<string>(0.000000, 0.000000, 0.000000)</string>
						<string>(0.000000, 0.000000, 0.000000)</string>
						<string>(0.000000, 0.000000, 0.000000)</string>
						<string>(0.000000, 0.000000, 0.000000)</string>
						<string>(0.000000, 0.000000, 0.000000)</string>
						<string>(0.000000, 0.000000, 0.000000)</string>
						<string>(0.000000, 0.000000, 0.000000)</string>
						<string>(0.000000, 0.000000, 0.000000)</string>
						<string>(0.000000, 0.000000, 0.000000)</string>
						<string>(0.000000, 0.000000, 0.000000)</string>
						<string>(0.000000, 0.000000, 0.000000)</string>
						<string>(0.000000, 0.000000, 0.000000)</string>
						<string>(0.000000, 0.000000, 0.000000)</string>
					</array>
					<key>Point_px</key>
					<array>
						<string>(1607.229980, 1298.229980)</string>
						<string>(1616.250000, 1295.229980)</string>
						<string>(1625.869995, 1291.020020)</string>
						<string>(1635.489990, 1285.010010)</string>
						<string>(1644.510010, 1276.589966)</string>
						<string>(1654.130005, 1272.979980)</string>
						<string>(1664.349976, 1270.579956)</string>
						<string>(1673.969971, 1268.770020)</string>
						<string>(1683.589966, 1263.959961)</string>
						<string>(1692.599976, 1259.750000)</string>
						<string>(1701.619995, 1256.750000)</string>
						<string>(1711.239990, 1254.339966)</string>
						<string>(1720.859985, 1251.939941)</string>
						<string>(1730.479980, 1251.939941)</string>
						<string>(1739.500000, 1251.939941)</string>
						<string>(1749.719971, 1256.150024)</string>
						<string>(1755.729980, 1263.959961)</string>
						<string>(1753.930054, 1273.579956)</string>
						<string>(1759.339966, 1282.599976)</string>
						<string>(1756.939941, 1292.219971)</string>
						<string>(1751.520020, 1301.839966)</string>
						<string>(1755.729980, 1311.459961)</string>
						<string>(1758.140015, 1321.079956)</string>
						<string>(1755.729980, 1330.099976)</string>
						<string>(1750.920044, 1339.719971)</string>
						<string>(1750.319946, 1349.339966)</string>
						<string>(1756.939941, 1358.959961)</string>
						<string>(1765.949951, 1368.579956)</string>
						<string>(1771.969971, 1377.589966)</string>
						<string>(1780.979980, 1387.209961)</string>
						<string>(1790.599976, 1390.819946)</string>
						<string>(1799.619995, 1393.229980)</string>
						<string>(1809.239990, 1399.239990)</string>
						<string>(1817.660034, 1408.260010)</string>
						<string>(1818.260010, 1417.280029)</string>
						<string>(1808.640015, 1424.489990)</string>
						<string>(1799.020020, 1425.089966)</string>
						<string>(1789.400024, 1425.689941)</string>
						<string>(1779.780029, 1428.699951)</string>
						<string>(1770.760010, 1435.310059)</string>
						<string>(1760.540039, 1444.930054)</string>
						<string>(1752.130005, 1454.550049)</string>
						<string>(1743.109985, 1461.770020)</string>
						<string>(1732.280029, 1467.780029)</string>
						<string>(1723.270020, 1474.989990)</string>
						<string>(1717.250000, 1484.609985)</string>
						<string>(1711.839966, 1493.630005)</string>
						<string>(1705.229980, 1502.650024)</string>
						<string>(1695.609985, 1512.270020)</string>
						<string>(1684.790039, 1518.280029)</string>
						<string>(1675.770020, 1524.290039)</string>
						<string>(1665.550049, 1530.910034)</string>
						<string>(1655.329956, 1537.520020)</string>
						<string>(1645.709961, 1544.130005)</string>
						<string>(1635.489990, 1550.150024)</string>
						<string>(1625.869995, 1554.349976)</string>
						<string>(1616.849976, 1556.760010)</string>
						<string>(1612.040039, 1546.540039)</string>
						<string>(1610.239990, 1536.920044)</string>
						<string>(1610.839966, 1527.300049)</string>
						<string>(1612.040039, 1518.280029)</string>
						<string>(1613.839966, 1508.060059)</string>
						<string>(1614.439941, 1499.640015)</string>
						<string>(1611.439941, 1489.420044)</string>
						<string>(1602.420044, 1484.609985)</string>
						<string>(1597.010010, 1474.390015)</string>
						<string>(1605.430054, 1465.369995)</string>
						<string>(1609.489990, 1456.410034)</string>
						<string>(1608.099976, 1446.979980)</string>
						<string>(1604.219971, 1437.119995)</string>
						<string>(1595.209961, 1435.310059)</string>
						<string>(1585.589966, 1437.719971)</string>
						<string>(1575.969971, 1442.530029)</string>
						<string>(1569.949951, 1433.510010)</string>
						<string>(1572.959961, 1424.489990)</string>
						<string>(1581.979980, 1416.069946)</string>
						<string>(1587.390015, 1407.050049)</string>
						<string>(1589.189941, 1397.430054)</string>
						<string>(1586.189941, 1388.420044)</string>
						<string>(1581.380005, 1378.800049)</string>
						<string>(1583.180054, 1369.180054)</string>
						<string>(1592.800049, 1363.160034)</string>
						<string>(1599.410034, 1353.550049)</string>
						<string>(1598.810059, 1343.930054)</string>
						<string>(1591.189941, 1336.599976)</string>
						<string>(1580.780029, 1330.699951)</string>
						<string>(1578.969971, 1321.680054)</string>
						<string>(1572.959961, 1312.060059)</string>
						<string>(1581.979980, 1303.640015)</string>
						<string>(1591.000000, 1303.640015)</string>
						<string>(1600.619995, 1300.040039)</string>
					</array>
					<key>Total</key>
					<real>73615944</real>
					<key>Type</key>
					<integer>15</integer>
				</dict>
			</array>
		</dict>
	</array>
</dict>
</plist>
