<?xml version="1.0" encoding="UTF-8"?>
<!DOCTYPE plist PUBLIC "-//Apple//DTD PLIST 1.0//EN" "http://www.apple.com/DTDs/PropertyList-1.0.dtd">
<plist version="1.0">
<dict>
	<key>Images</key>
	<array>
		<dict>
			<key>ImageIndex</key>
			<integer>0</integer>
			<key>NumberOfROIs</key>
			<integer>1</integer>
			<key>ROIs</key>
			<array>
				<dict>
					<key>Area</key>
					<real>2.9516336917877197</real>
					<key>Center</key>
					<string>(0.000000, 0.000000, 0.000000)</string>
					<key>Dev</key>
					<real>0.0</real>
					<key>IndexInImage</key>
					<integer>0</integer>
					<key>Max</key>
					<real>0.0</real>
					<key>Mean</key>
					<real>0.0</real>
					<key>Min</key>
					<real>0.0</real>
					<key>Name</key>
					<string>Mass</string>
					<key>NumberOfPoints</key>
					<integer>156</integer>
					<key>Point_mm</key>
					<array>
						<string>(0.000000, 0.000000, 0.000000)</string>
						<string>(0.000000, 0.000000, 0.000000)</string>
						<string>(0.000000, 0.000000, 0.000000)</string>
						<string>(0.000000, 0.000000, 0.000000)</string>
						<string>(0.000000, 0.000000, 0.000000)</string>
						<string>(0.000000, 0.000000, 0.000000)</string>
						<string>(0.000000, 0.000000, 0.000000)</string>
						<string>(0.000000, 0.000000, 0.000000)</string>
						<string>(0.000000, 0.000000, 0.000000)</string>
						<string>(0.000000, 0.000000, 0.000000)</string>
						<string>(0.000000, 0.000000, 0.000000)</string>
						<string>(0.000000, 0.000000, 0.000000)</string>
						<string>(0.000000, 0.000000, 0.000000)</string>
						<string>(0.000000, 0.000000, 0.000000)</string>
						<string>(0.000000, 0.000000, 0.000000)</string>
						<string>(0.000000, 0.000000, 0.000000)</string>
						<string>(0.000000, 0.000000, 0.000000)</string>
						<string>(0.000000, 0.000000, 0.000000)</string>
						<string>(0.000000, 0.000000, 0.000000)</string>
						<string>(0.000000, 0.000000, 0.000000)</string>
						<string>(0.000000, 0.000000, 0.000000)</string>
						<string>(0.000000, 0.000000, 0.000000)</string>
						<string>(0.000000, 0.000000, 0.000000)</string>
						<string>(0.000000, 0.000000, 0.000000)</string>
						<string>(0.000000, 0.000000, 0.000000)</string>
						<string>(0.000000, 0.000000, 0.000000)</string>
						<string>(0.000000, 0.000000, 0.000000)</string>
						<string>(0.000000, 0.000000, 0.000000)</string>
						<string>(0.000000, 0.000000, 0.000000)</string>
						<string>(0.000000, 0.000000, 0.000000)</string>
						<string>(0.000000, 0.000000, 0.000000)</string>
						<string>(0.000000, 0.000000, 0.000000)</string>
						<string>(0.000000, 0.000000, 0.000000)</string>
						<string>(0.000000, 0.000000, 0.000000)</string>
						<string>(0.000000, 0.000000, 0.000000)</string>
						<string>(0.000000, 0.000000, 0.000000)</string>
						<string>(0.000000, 0.000000, 0.000000)</string>
						<string>(0.000000, 0.000000, 0.000000)</string>
						<string>(0.000000, 0.000000, 0.000000)</string>
						<string>(0.000000, 0.000000, 0.000000)</string>
						<string>(0.000000, 0.000000, 0.000000)</string>
						<string>(0.000000, 0.000000, 0.000000)</string>
						<string>(0.000000, 0.000000, 0.000000)</string>
						<string>(0.000000, 0.000000, 0.000000)</string>
						<string>(0.000000, 0.000000, 0.000000)</string>
						<string>(0.000000, 0.000000, 0.000000)</string>
						<string>(0.000000, 0.000000, 0.000000)</string>
						<string>(0.000000, 0.000000, 0.000000)</string>
						<string>(0.000000, 0.000000, 0.000000)</string>
						<string>(0.000000, 0.000000, 0.000000)</string>
						<string>(0.000000, 0.000000, 0.000000)</string>
						<string>(0.000000, 0.000000, 0.000000)</string>
						<string>(0.000000, 0.000000, 0.000000)</string>
						<string>(0.000000, 0.000000, 0.000000)</string>
						<string>(0.000000, 0.000000, 0.000000)</string>
						<string>(0.000000, 0.000000, 0.000000)</string>
						<string>(0.000000, 0.000000, 0.000000)</string>
						<string>(0.000000, 0.000000, 0.000000)</string>
						<string>(0.000000, 0.000000, 0.000000)</string>
						<string>(0.000000, 0.000000, 0.000000)</string>
						<string>(0.000000, 0.000000, 0.000000)</string>
						<string>(0.000000, 0.000000, 0.000000)</string>
						<string>(0.000000, 0.000000, 0.000000)</string>
						<string>(0.000000, 0.000000, 0.000000)</string>
						<string>(0.000000, 0.000000, 0.000000)</string>
						<string>(0.000000, 0.000000, 0.000000)</string>
						<string>(0.000000, 0.000000, 0.000000)</string>
						<string>(0.000000, 0.000000, 0.000000)</string>
						<string>(0.000000, 0.000000, 0.000000)</string>
						<string>(0.000000, 0.000000, 0.000000)</string>
						<string>(0.000000, 0.000000, 0.000000)</string>
						<string>(0.000000, 0.000000, 0.000000)</string>
						<string>(0.000000, 0.000000, 0.000000)</string>
						<string>(0.000000, 0.000000, 0.000000)</string>
						<string>(0.000000, 0.000000, 0.000000)</string>
						<string>(0.000000, 0.000000, 0.000000)</string>
						<string>(0.000000, 0.000000, 0.000000)</string>
						<string>(0.000000, 0.000000, 0.000000)</string>
						<string>(0.000000, 0.000000, 0.000000)</string>
						<string>(0.000000, 0.000000, 0.000000)</string>
						<string>(0.000000, 0.000000, 0.000000)</string>
						<string>(0.000000, 0.000000, 0.000000)</string>
						<string>(0.000000, 0.000000, 0.000000)</string>
						<string>(0.000000, 0.000000, 0.000000)</string>
						<string>(0.000000, 0.000000, 0.000000)</string>
						<string>(0.000000, 0.000000, 0.000000)</string>
						<string>(0.000000, 0.000000, 0.000000)</string>
						<string>(0.000000, 0.000000, 0.000000)</string>
						<string>(0.000000, 0.000000, 0.000000)</string>
						<string>(0.000000, 0.000000, 0.000000)</string>
						<string>(0.000000, 0.000000, 0.000000)</string>
						<string>(0.000000, 0.000000, 0.000000)</string>
						<string>(0.000000, 0.000000, 0.000000)</string>
						<string>(0.000000, 0.000000, 0.000000)</string>
						<string>(0.000000, 0.000000, 0.000000)</string>
						<string>(0.000000, 0.000000, 0.000000)</string>
						<string>(0.000000, 0.000000, 0.000000)</string>
						<string>(0.000000, 0.000000, 0.000000)</string>
						<string>(0.000000, 0.000000, 0.000000)</string>
						<string>(0.000000, 0.000000, 0.000000)</string>
						<string>(0.000000, 0.000000, 0.000000)</string>
						<string>(0.000000, 0.000000, 0.000000)</string>
						<string>(0.000000, 0.000000, 0.000000)</string>
						<string>(0.000000, 0.000000, 0.000000)</string>
						<string>(0.000000, 0.000000, 0.000000)</string>
						<string>(0.000000, 0.000000, 0.000000)</string>
						<string>(0.000000, 0.000000, 0.000000)</string>
						<string>(0.000000, 0.000000, 0.000000)</string>
						<string>(0.000000, 0.000000, 0.000000)</string>
						<string>(0.000000, 0.000000, 0.000000)</string>
						<string>(0.000000, 0.000000, 0.000000)</string>
						<string>(0.000000, 0.000000, 0.000000)</string>
						<string>(0.000000, 0.000000, 0.000000)</string>
						<string>(0.000000, 0.000000, 0.000000)</string>
						<string>(0.000000, 0.000000, 0.000000)</string>
						<string>(0.000000, 0.000000, 0.000000)</string>
						<string>(0.000000, 0.000000, 0.000000)</string>
						<string>(0.000000, 0.000000, 0.000000)</string>
						<string>(0.000000, 0.000000, 0.000000)</string>
						<string>(0.000000, 0.000000, 0.000000)</string>
						<string>(0.000000, 0.000000, 0.000000)</string>
						<string>(0.000000, 0.000000, 0.000000)</string>
						<string>(0.000000, 0.000000, 0.000000)</string>
						<string>(0.000000, 0.000000, 0.000000)</string>
						<string>(0.000000, 0.000000, 0.000000)</string>
						<string>(0.000000, 0.000000, 0.000000)</string>
						<string>(0.000000, 0.000000, 0.000000)</string>
						<string>(0.000000, 0.000000, 0.000000)</string>
						<string>(0.000000, 0.000000, 0.000000)</string>
						<string>(0.000000, 0.000000, 0.000000)</string>
						<string>(0.000000, 0.000000, 0.000000)</string>
						<string>(0.000000, 0.000000, 0.000000)</string>
						<string>(0.000000, 0.000000, 0.000000)</string>
						<string>(0.000000, 0.000000, 0.000000)</string>
						<string>(0.000000, 0.000000, 0.000000)</string>
						<string>(0.000000, 0.000000, 0.000000)</string>
						<string>(0.000000, 0.000000, 0.000000)</string>
						<string>(0.000000, 0.000000, 0.000000)</string>
						<string>(0.000000, 0.000000, 0.000000)</string>
						<string>(0.000000, 0.000000, 0.000000)</string>
						<string>(0.000000, 0.000000, 0.000000)</string>
						<string>(0.000000, 0.000000, 0.000000)</string>
						<string>(0.000000, 0.000000, 0.000000)</string>
						<string>(0.000000, 0.000000, 0.000000)</string>
						<string>(0.000000, 0.000000, 0.000000)</string>
						<string>(0.000000, 0.000000, 0.000000)</string>
						<string>(0.000000, 0.000000, 0.000000)</string>
						<string>(0.000000, 0.000000, 0.000000)</string>
						<string>(0.000000, 0.000000, 0.000000)</string>
						<string>(0.000000, 0.000000, 0.000000)</string>
						<string>(0.000000, 0.000000, 0.000000)</string>
						<string>(0.000000, 0.000000, 0.000000)</string>
						<string>(0.000000, 0.000000, 0.000000)</string>
						<string>(0.000000, 0.000000, 0.000000)</string>
						<string>(0.000000, 0.000000, 0.000000)</string>
						<string>(0.000000, 0.000000, 0.000000)</string>
					</array>
					<key>Point_px</key>
					<array>
						<string>(150.203003, 2208.959961)</string>
						<string>(145.382004, 2208.959961)</string>
						<string>(139.595993, 2210.889893)</string>
						<string>(134.774994, 2213.780029)</string>
						<string>(129.953995, 2215.709961)</string>
						<string>(124.168999, 2215.709961)</string>
						<string>(119.026001, 2218.350098)</string>
						<string>(113.561996, 2217.639893)</string>
						<string>(108.740997, 2219.560059)</string>
						<string>(103.919998, 2219.560059)</string>
						<string>(98.134804, 2221.489990)</string>
						<string>(93.313599, 2223.419922)</string>
						<string>(87.528297, 2227.280029)</string>
						<string>(82.707199, 2229.209961)</string>
						<string>(77.886002, 2231.139893)</string>
						<string>(72.100700, 2234.030029)</string>
						<string>(67.279503, 2235.959961)</string>
						<string>(61.494301, 2237.879883)</string>
						<string>(56.673100, 2240.780029)</string>
						<string>(50.887798, 2243.669922)</string>
						<string>(46.066700, 2245.600098)</string>
						<string>(41.245499, 2247.530029)</string>
						<string>(35.460201, 2249.459961)</string>
						<string>(30.639000, 2250.419922)</string>
						<string>(24.853800, 2252.350098)</string>
						<string>(20.032600, 2254.280029)</string>
						<string>(15.211400, 2255.239990)</string>
						<string>(9.426150, 2257.169922)</string>
						<string>(4.604980, 2260.060059)</string>
						<string>(-0.216064, 2264.879883)</string>
						<string>(-0.216064, 2270.669922)</string>
						<string>(-0.216064, 2275.489990)</string>
						<string>(-0.216064, 2281.270020)</string>
						<string>(-0.216064, 2287.060059)</string>
						<string>(-0.216064, 2292.850098)</string>
						<string>(-0.216064, 2297.669922)</string>
						<string>(-0.216064, 2303.449951)</string>
						<string>(-0.216064, 2308.270020)</string>
						<string>(-0.216064, 2314.060059)</string>
						<string>(-0.216064, 2318.879883)</string>
						<string>(-0.216064, 2324.659912)</string>
						<string>(-0.216064, 2329.489990)</string>
						<string>(-0.216064, 2335.270020)</string>
						<string>(-0.216064, 2340.090088)</string>
						<string>(-0.216064, 2345.879883)</string>
						<string>(-0.216064, 2350.699951)</string>
						<string>(2.815800, 2355.149902)</string>
						<string>(4.286740, 2358.830078)</string>
						<string>(6.493290, 2365.449951)</string>
						<string>(9.426150, 2372.879883)</string>
						<string>(12.318800, 2378.659912)</string>
						<string>(14.247300, 2383.479980)</string>
						<string>(17.139900, 2389.270020)</string>
						<string>(20.032600, 2394.090088)</string>
						<string>(27.746300, 2405.659912)</string>
						<string>(32.567501, 2411.439941)</string>
						<string>(37.388699, 2415.300049)</string>
						<string>(43.174000, 2421.090088)</string>
						<string>(47.995098, 2424.939941)</string>
						<string>(50.887798, 2429.770020)</string>
						<string>(56.673100, 2433.620117)</string>
						<string>(61.494301, 2438.439941)</string>
						<string>(66.315300, 2444.229980)</string>
						<string>(71.136497, 2448.090088)</string>
						<string>(75.957603, 2450.979980)</string>
						<string>(81.742897, 2454.830078)</string>
						<string>(89.456802, 2457.729980)</string>
						<string>(95.242104, 2455.800049)</string>
						<string>(99.903000, 2455.179932)</string>
						<string>(103.580002, 2455.179932)</string>
						<string>(107.994003, 2454.439941)</string>
						<string>(114.612999, 2454.439941)</string>
						<string>(121.233002, 2454.439941)</string>
						<string>(126.380997, 2453.709961)</string>
						<string>(129.322998, 2452.969971)</string>
						<string>(133.735992, 2452.239990)</string>
						<string>(140.561005, 2450.010010)</string>
						<string>(146.345993, 2449.050049)</string>
						<string>(150.653000, 2447.090088)</string>
						<string>(155.065994, 2447.090088)</string>
						<string>(161.774002, 2449.050049)</string>
						<string>(166.595001, 2450.010010)</string>
						<string>(172.380005, 2450.010010)</string>
						<string>(177.201004, 2449.050049)</string>
						<string>(182.985992, 2448.090088)</string>
						<string>(187.807999, 2448.090088)</string>
						<string>(193.593002, 2448.090088)</string>
						<string>(198.414001, 2448.090088)</string>
						<string>(203.235001, 2448.090088)</string>
						<string>(209.020996, 2447.120117)</string>
						<string>(213.841995, 2445.189941)</string>
						<string>(219.626999, 2441.340088)</string>
						<string>(224.447998, 2438.439941)</string>
						<string>(228.617004, 2436.060059)</string>
						<string>(234.501007, 2431.639893)</string>
						<string>(240.384995, 2427.969971)</string>
						<string>(244.798004, 2424.290039)</string>
						<string>(249.947006, 2421.350098)</string>
						<string>(252.153000, 2416.929932)</string>
						<string>(253.375000, 2412.409912)</string>
						<string>(255.302994, 2407.590088)</string>
						<string>(260.123993, 2404.699951)</string>
						<string>(265.910004, 2403.729980)</string>
						<string>(270.730988, 2401.800049)</string>
						<string>(272.658997, 2396.979980)</string>
						<string>(276.515991, 2391.199951)</string>
						<string>(280.372986, 2385.409912)</string>
						<string>(284.230011, 2379.629883)</string>
						<string>(289.050995, 2375.770020)</string>
						<string>(291.944000, 2370.949951)</string>
						<string>(295.800995, 2365.159912)</string>
						<string>(300.622009, 2358.409912)</string>
						<string>(299.657990, 2353.590088)</string>
						<string>(300.622009, 2347.810059)</string>
						<string>(302.549988, 2342.979980)</string>
						<string>(302.549988, 2337.199951)</string>
						<string>(305.442993, 2328.520020)</string>
						<string>(305.442993, 2322.739990)</string>
						<string>(306.407013, 2317.919922)</string>
						<string>(308.335999, 2312.129883)</string>
						<string>(308.335999, 2307.310059)</string>
						<string>(308.335999, 2301.520020)</string>
						<string>(308.335999, 2295.739990)</string>
						<string>(307.371002, 2289.949951)</string>
						<string>(306.407013, 2285.129883)</string>
						<string>(304.479004, 2279.350098)</string>
						<string>(302.549988, 2274.520020)</string>
						<string>(299.657990, 2268.739990)</string>
						<string>(297.019012, 2263.209961)</string>
						<string>(292.907990, 2258.129883)</string>
						<string>(289.050995, 2253.310059)</string>
						<string>(284.230011, 2249.459961)</string>
						<string>(278.445007, 2246.560059)</string>
						<string>(272.658997, 2242.709961)</string>
						<string>(266.873993, 2239.810059)</string>
						<string>(261.088989, 2236.919922)</string>
						<string>(255.302994, 2233.060059)</string>
						<string>(249.518005, 2230.169922)</string>
						<string>(244.697006, 2228.239990)</string>
						<string>(238.910995, 2225.350098)</string>
						<string>(234.089996, 2223.419922)</string>
						<string>(228.304993, 2222.459961)</string>
						<string>(223.483994, 2221.489990)</string>
						<string>(218.662994, 2219.560059)</string>
						<string>(212.876999, 2217.639893)</string>
						<string>(208.056000, 2216.669922)</string>
						<string>(202.270996, 2214.739990)</string>
						<string>(197.449997, 2213.780029)</string>
						<string>(192.628998, 2212.810059)</string>
						<string>(186.843002, 2210.889893)</string>
						<string>(182.022003, 2210.889893)</string>
						<string>(176.237000, 2210.889893)</string>
						<string>(171.416000, 2209.919922)</string>
						<string>(165.630005, 2209.919922)</string>
						<string>(160.809006, 2208.959961)</string>
						<string>(155.988007, 2208.959961)</string>
					</array>
					<key>Total</key>
					<real>0.0</real>
					<key>Type</key>
					<integer>15</integer>
				</dict>
			</array>
		</dict>
	</array>
</dict>
</plist>
