<?xml version="1.0" encoding="UTF-8"?>
<!DOCTYPE plist PUBLIC "-//Apple//DTD PLIST 1.0//EN" "http://www.apple.com/DTDs/PropertyList-1.0.dtd">
<plist version="1.0">
<dict>
	<key>Images</key>
	<array>
		<dict>
			<key>ImageIndex</key>
			<integer>0</integer>
			<key>NumberOfROIs</key>
			<integer>1</integer>
			<key>ROIs</key>
			<array>
				<dict>
					<key>Area</key>
					<real>1.5728204250335693</real>
					<key>Center</key>
					<string>(0.000000, 0.000000, 0.000000)</string>
					<key>Dev</key>
					<real>105.32569122314453</real>
					<key>IndexInImage</key>
					<integer>0</integer>
					<key>Max</key>
					<real>2142</real>
					<key>Mean</key>
					<real>1828.1336669921875</real>
					<key>Min</key>
					<real>1413</real>
					<key>Name</key>
					<string>Mass</string>
					<key>NumberOfPoints</key>
					<integer>104</integer>
					<key>Point_mm</key>
					<array>
						<string>(0.000000, 0.000000, 0.000000)</string>
						<string>(0.000000, 0.000000, 0.000000)</string>
						<string>(0.000000, 0.000000, 0.000000)</string>
						<string>(0.000000, 0.000000, 0.000000)</string>
						<string>(0.000000, 0.000000, 0.000000)</string>
						<string>(0.000000, 0.000000, 0.000000)</string>
						<string>(0.000000, 0.000000, 0.000000)</string>
						<string>(0.000000, 0.000000, 0.000000)</string>
						<string>(0.000000, 0.000000, 0.000000)</string>
						<string>(0.000000, 0.000000, 0.000000)</string>
						<string>(0.000000, 0.000000, 0.000000)</string>
						<string>(0.000000, 0.000000, 0.000000)</string>
						<string>(0.000000, 0.000000, 0.000000)</string>
						<string>(0.000000, 0.000000, 0.000000)</string>
						<string>(0.000000, 0.000000, 0.000000)</string>
						<string>(0.000000, 0.000000, 0.000000)</string>
						<string>(0.000000, 0.000000, 0.000000)</string>
						<string>(0.000000, 0.000000, 0.000000)</string>
						<string>(0.000000, 0.000000, 0.000000)</string>
						<string>(0.000000, 0.000000, 0.000000)</string>
						<string>(0.000000, 0.000000, 0.000000)</string>
						<string>(0.000000, 0.000000, 0.000000)</string>
						<string>(0.000000, 0.000000, 0.000000)</string>
						<string>(0.000000, 0.000000, 0.000000)</string>
						<string>(0.000000, 0.000000, 0.000000)</string>
						<string>(0.000000, 0.000000, 0.000000)</string>
						<string>(0.000000, 0.000000, 0.000000)</string>
						<string>(0.000000, 0.000000, 0.000000)</string>
						<string>(0.000000, 0.000000, 0.000000)</string>
						<string>(0.000000, 0.000000, 0.000000)</string>
						<string>(0.000000, 0.000000, 0.000000)</string>
						<string>(0.000000, 0.000000, 0.000000)</string>
						<string>(0.000000, 0.000000, 0.000000)</string>
						<string>(0.000000, 0.000000, 0.000000)</string>
						<string>(0.000000, 0.000000, 0.000000)</string>
						<string>(0.000000, 0.000000, 0.000000)</string>
						<string>(0.000000, 0.000000, 0.000000)</string>
						<string>(0.000000, 0.000000, 0.000000)</string>
						<string>(0.000000, 0.000000, 0.000000)</string>
						<string>(0.000000, 0.000000, 0.000000)</string>
						<string>(0.000000, 0.000000, 0.000000)</string>
						<string>(0.000000, 0.000000, 0.000000)</string>
						<string>(0.000000, 0.000000, 0.000000)</string>
						<string>(0.000000, 0.000000, 0.000000)</string>
						<string>(0.000000, 0.000000, 0.000000)</string>
						<string>(0.000000, 0.000000, 0.000000)</string>
						<string>(0.000000, 0.000000, 0.000000)</string>
						<string>(0.000000, 0.000000, 0.000000)</string>
						<string>(0.000000, 0.000000, 0.000000)</string>
						<string>(0.000000, 0.000000, 0.000000)</string>
						<string>(0.000000, 0.000000, 0.000000)</string>
						<string>(0.000000, 0.000000, 0.000000)</string>
						<string>(0.000000, 0.000000, 0.000000)</string>
						<string>(0.000000, 0.000000, 0.000000)</string>
						<string>(0.000000, 0.000000, 0.000000)</string>
						<string>(0.000000, 0.000000, 0.000000)</string>
						<string>(0.000000, 0.000000, 0.000000)</string>
						<string>(0.000000, 0.000000, 0.000000)</string>
						<string>(0.000000, 0.000000, 0.000000)</string>
						<string>(0.000000, 0.000000, 0.000000)</string>
						<string>(0.000000, 0.000000, 0.000000)</string>
						<string>(0.000000, 0.000000, 0.000000)</string>
						<string>(0.000000, 0.000000, 0.000000)</string>
						<string>(0.000000, 0.000000, 0.000000)</string>
						<string>(0.000000, 0.000000, 0.000000)</string>
						<string>(0.000000, 0.000000, 0.000000)</string>
						<string>(0.000000, 0.000000, 0.000000)</string>
						<string>(0.000000, 0.000000, 0.000000)</string>
						<string>(0.000000, 0.000000, 0.000000)</string>
						<string>(0.000000, 0.000000, 0.000000)</string>
						<string>(0.000000, 0.000000, 0.000000)</string>
						<string>(0.000000, 0.000000, 0.000000)</string>
						<string>(0.000000, 0.000000, 0.000000)</string>
						<string>(0.000000, 0.000000, 0.000000)</string>
						<string>(0.000000, 0.000000, 0.000000)</string>
						<string>(0.000000, 0.000000, 0.000000)</string>
						<string>(0.000000, 0.000000, 0.000000)</string>
						<string>(0.000000, 0.000000, 0.000000)</string>
						<string>(0.000000, 0.000000, 0.000000)</string>
						<string>(0.000000, 0.000000, 0.000000)</string>
						<string>(0.000000, 0.000000, 0.000000)</string>
						<string>(0.000000, 0.000000, 0.000000)</string>
						<string>(0.000000, 0.000000, 0.000000)</string>
						<string>(0.000000, 0.000000, 0.000000)</string>
						<string>(0.000000, 0.000000, 0.000000)</string>
						<string>(0.000000, 0.000000, 0.000000)</string>
						<string>(0.000000, 0.000000, 0.000000)</string>
						<string>(0.000000, 0.000000, 0.000000)</string>
						<string>(0.000000, 0.000000, 0.000000)</string>
						<string>(0.000000, 0.000000, 0.000000)</string>
						<string>(0.000000, 0.000000, 0.000000)</string>
						<string>(0.000000, 0.000000, 0.000000)</string>
						<string>(0.000000, 0.000000, 0.000000)</string>
						<string>(0.000000, 0.000000, 0.000000)</string>
						<string>(0.000000, 0.000000, 0.000000)</string>
						<string>(0.000000, 0.000000, 0.000000)</string>
						<string>(0.000000, 0.000000, 0.000000)</string>
						<string>(0.000000, 0.000000, 0.000000)</string>
						<string>(0.000000, 0.000000, 0.000000)</string>
						<string>(0.000000, 0.000000, 0.000000)</string>
						<string>(0.000000, 0.000000, 0.000000)</string>
						<string>(0.000000, 0.000000, 0.000000)</string>
						<string>(0.000000, 0.000000, 0.000000)</string>
						<string>(0.000000, 0.000000, 0.000000)</string>
					</array>
					<key>Point_px</key>
					<array>
						<string>(1920.660034, 1116.630005)</string>
						<string>(1930.780029, 1110.079956)</string>
						<string>(1937.800049, 1111.459961)</string>
						<string>(1943.790039, 1104.109985)</string>
						<string>(1950.040039, 1100.569946)</string>
						<string>(1956.859985, 1095.060059)</string>
						<string>(1963.459961, 1091.349976)</string>
						<string>(1970.479980, 1086.810059)</string>
						<string>(1977.079956, 1085.160034)</string>
						<string>(1983.689941, 1084.739990)</string>
						<string>(1989.880005, 1084.329956)</string>
						<string>(1996.479980, 1084.739990)</string>
						<string>(2003.500000, 1083.500000)</string>
						<string>(2010.099976, 1083.500000)</string>
						<string>(2017.119995, 1083.500000)</string>
						<string>(2023.719971, 1083.500000)</string>
						<string>(2029.920044, 1083.500000)</string>
						<string>(2036.520020, 1083.500000)</string>
						<string>(2043.119995, 1082.680054)</string>
						<string>(2051.790039, 1083.089966)</string>
						<string>(2055.919922, 1080.199951)</string>
						<string>(2062.110107, 1079.380005)</string>
						<string>(2068.709961, 1078.140015)</string>
						<string>(2071.189941, 1084.739990)</string>
						<string>(2069.949951, 1091.349976)</string>
						<string>(2072.020020, 1097.540039)</string>
						<string>(2078.209961, 1102.079956)</string>
						<string>(2080.270020, 1108.680054)</string>
						<string>(2077.800049, 1114.869995)</string>
						<string>(2082.750000, 1122.300049)</string>
						<string>(2085.270020, 1128.050049)</string>
						<string>(2090.169922, 1133.500000)</string>
						<string>(2098.330078, 1142.750000)</string>
						<string>(2093.979980, 1150.359985)</string>
						<string>(2091.800049, 1155.530029)</string>
						<string>(2088.530029, 1160.280029)</string>
						<string>(2086.879883, 1166.880005)</string>
						<string>(2086.459961, 1173.489990)</string>
						<string>(2085.219971, 1180.089966)</string>
						<string>(2083.159912, 1187.109985)</string>
						<string>(2081.510010, 1193.709961)</string>
						<string>(2078.209961, 1200.310059)</string>
						<string>(2073.300049, 1205.050049)</string>
						<string>(2065.830078, 1206.510010)</string>
						<string>(2059.219971, 1210.630005)</string>
						<string>(2053.030029, 1213.939941)</string>
						<string>(2045.599976, 1217.650024)</string>
						<string>(2043.099976, 1224.369995)</string>
						<string>(2039.020020, 1230.359985)</string>
						<string>(2038.579956, 1237.050049)</string>
						<string>(2041.060059, 1243.239990)</string>
						<string>(2043.119995, 1249.839966)</string>
						<string>(2038.579956, 1256.040039)</string>
						<string>(2037.349976, 1262.640015)</string>
						<string>(2036.930054, 1269.239990)</string>
						<string>(2035.689941, 1275.439941)</string>
						<string>(2031.979980, 1282.040039)</string>
						<string>(2029.089966, 1289.060059)</string>
						<string>(2025.380005, 1295.660034)</string>
						<string>(2019.180054, 1299.380005)</string>
						<string>(2012.579956, 1299.790039)</string>
						<string>(2006.390015, 1299.790039)</string>
						<string>(1999.780029, 1300.199951)</string>
						<string>(1992.770020, 1300.199951)</string>
						<string>(1986.160034, 1299.380005)</string>
						<string>(1979.969971, 1298.140015)</string>
						<string>(1972.540039, 1296.489990)</string>
						<string>(1966.349976, 1296.069946)</string>
						<string>(1959.750000, 1298.959961)</string>
						<string>(1953.140015, 1301.439941)</string>
						<string>(1947.359985, 1294.829956)</string>
						<string>(1939.939941, 1293.599976)</string>
						<string>(1932.920044, 1294.010010)</string>
						<string>(1926.310059, 1289.060059)</string>
						<string>(1923.430054, 1282.859985)</string>
						<string>(1916.410034, 1279.150024)</string>
						<string>(1910.219971, 1278.319946)</string>
						<string>(1903.199951, 1278.319946)</string>
						<string>(1896.599976, 1281.209961)</string>
						<string>(1889.989990, 1282.859985)</string>
						<string>(1893.180054, 1276.339966)</string>
						<string>(1894.530029, 1269.660034)</string>
						<string>(1893.709961, 1263.469971)</string>
						<string>(1900.310059, 1258.510010)</string>
						<string>(1906.920044, 1251.910034)</string>
						<string>(1910.630005, 1245.300049)</string>
						<string>(1909.390015, 1238.699951)</string>
						<string>(1904.849976, 1232.099976)</string>
						<string>(1900.719971, 1225.489990)</string>
						<string>(1900.310059, 1218.890015)</string>
						<string>(1901.550049, 1212.280029)</string>
						<string>(1905.260010, 1206.089966)</string>
						<string>(1904.849976, 1199.489990)</string>
						<string>(1906.089966, 1192.880005)</string>
						<string>(1906.500000, 1186.689941)</string>
						<string>(1907.739990, 1180.089966)</string>
						<string>(1910.630005, 1173.900024)</string>
						<string>(1915.579956, 1167.290039)</string>
						<string>(1916.000000, 1160.280029)</string>
						<string>(1912.280029, 1153.670044)</string>
						<string>(1911.680054, 1147.640015)</string>
						<string>(1914.130005, 1141.660034)</string>
						<string>(1913.040039, 1134.579956)</string>
						<string>(1912.770020, 1126.150024)</string>
					</array>
					<key>Total</key>
					<real>58986560</real>
					<key>Type</key>
					<integer>15</integer>
				</dict>
			</array>
		</dict>
	</array>
</dict>
</plist>
