<?xml version="1.0" encoding="UTF-8"?>
<!DOCTYPE plist PUBLIC "-//Apple//DTD PLIST 1.0//EN" "http://www.apple.com/DTDs/PropertyList-1.0.dtd">
<plist version="1.0">
<dict>
	<key>Images</key>
	<array>
		<dict>
			<key>ImageIndex</key>
			<integer>0</integer>
			<key>NumberOfROIs</key>
			<integer>6</integer>
			<key>ROIs</key>
			<array>
				<dict>
					<key>Area</key>
					<real>0.0</real>
					<key>Center</key>
					<string>(0.000000, 0.000000, 0.000000)</string>
					<key>Dev</key>
					<real>0.0</real>
					<key>IndexInImage</key>
					<integer>0</integer>
					<key>Max</key>
					<real>1554</real>
					<key>Mean</key>
					<real>1554</real>
					<key>Min</key>
					<real>1554</real>
					<key>Name</key>
					<string>Calcification</string>
					<key>NumberOfPoints</key>
					<integer>1</integer>
					<key>Point_mm</key>
					<array>
						<string>(0.000000, 0.000000, 0.000000)</string>
					</array>
					<key>Point_px</key>
					<array>
						<string>(210.061996, 977.557007)</string>
					</array>
					<key>Total</key>
					<real>1554</real>
					<key>Type</key>
					<integer>19</integer>
				</dict>
				<dict>
					<key>Area</key>
					<real>0.0</real>
					<key>Center</key>
					<string>(0.000000, 0.000000, 0.000000)</string>
					<key>Dev</key>
					<real>0.0</real>
					<key>IndexInImage</key>
					<integer>1</integer>
					<key>Max</key>
					<real>1291</real>
					<key>Mean</key>
					<real>1291</real>
					<key>Min</key>
					<real>1291</real>
					<key>Name</key>
					<string>Calcification</string>
					<key>NumberOfPoints</key>
					<integer>1</integer>
					<key>Point_mm</key>
					<array>
						<string>(0.000000, 0.000000, 0.000000)</string>
					</array>
					<key>Point_px</key>
					<array>
						<string>(237.604996, 1429.760010)</string>
					</array>
					<key>Total</key>
					<real>1291</real>
					<key>Type</key>
					<integer>19</integer>
				</dict>
				<dict>
					<key>Area</key>
					<real>0.38720360398292542</real>
					<key>Center</key>
					<string>(0.000000, 0.000000, 0.000000)</string>
					<key>Dev</key>
					<real>79.549079895019531</real>
					<key>IndexInImage</key>
					<integer>2</integer>
					<key>Max</key>
					<real>1548</real>
					<key>Mean</key>
					<real>1273.234619140625</real>
					<key>Min</key>
					<real>1041</real>
					<key>Name</key>
					<string>Cluster</string>
					<key>NumberOfPoints</key>
					<integer>200</integer>
					<key>Point_mm</key>
					<array>
						<string>(0.000000, 0.000000, 0.000000)</string>
						<string>(0.000000, 0.000000, 0.000000)</string>
						<string>(0.000000, 0.000000, 0.000000)</string>
						<string>(0.000000, 0.000000, 0.000000)</string>
						<string>(0.000000, 0.000000, 0.000000)</string>
						<string>(0.000000, 0.000000, 0.000000)</string>
						<string>(0.000000, 0.000000, 0.000000)</string>
						<string>(0.000000, 0.000000, 0.000000)</string>
						<string>(0.000000, 0.000000, 0.000000)</string>
						<string>(0.000000, 0.000000, 0.000000)</string>
						<string>(0.000000, 0.000000, 0.000000)</string>
						<string>(0.000000, 0.000000, 0.000000)</string>
						<string>(0.000000, 0.000000, 0.000000)</string>
						<string>(0.000000, 0.000000, 0.000000)</string>
						<string>(0.000000, 0.000000, 0.000000)</string>
						<string>(0.000000, 0.000000, 0.000000)</string>
						<string>(0.000000, 0.000000, 0.000000)</string>
						<string>(0.000000, 0.000000, 0.000000)</string>
						<string>(0.000000, 0.000000, 0.000000)</string>
						<string>(0.000000, 0.000000, 0.000000)</string>
						<string>(0.000000, 0.000000, 0.000000)</string>
						<string>(0.000000, 0.000000, 0.000000)</string>
						<string>(0.000000, 0.000000, 0.000000)</string>
						<string>(0.000000, 0.000000, 0.000000)</string>
						<string>(0.000000, 0.000000, 0.000000)</string>
						<string>(0.000000, 0.000000, 0.000000)</string>
						<string>(0.000000, 0.000000, 0.000000)</string>
						<string>(0.000000, 0.000000, 0.000000)</string>
						<string>(0.000000, 0.000000, 0.000000)</string>
						<string>(0.000000, 0.000000, 0.000000)</string>
						<string>(0.000000, 0.000000, 0.000000)</string>
						<string>(0.000000, 0.000000, 0.000000)</string>
						<string>(0.000000, 0.000000, 0.000000)</string>
						<string>(0.000000, 0.000000, 0.000000)</string>
						<string>(0.000000, 0.000000, 0.000000)</string>
						<string>(0.000000, 0.000000, 0.000000)</string>
						<string>(0.000000, 0.000000, 0.000000)</string>
						<string>(0.000000, 0.000000, 0.000000)</string>
						<string>(0.000000, 0.000000, 0.000000)</string>
						<string>(0.000000, 0.000000, 0.000000)</string>
						<string>(0.000000, 0.000000, 0.000000)</string>
						<string>(0.000000, 0.000000, 0.000000)</string>
						<string>(0.000000, 0.000000, 0.000000)</string>
						<string>(0.000000, 0.000000, 0.000000)</string>
						<string>(0.000000, 0.000000, 0.000000)</string>
						<string>(0.000000, 0.000000, 0.000000)</string>
						<string>(0.000000, 0.000000, 0.000000)</string>
						<string>(0.000000, 0.000000, 0.000000)</string>
						<string>(0.000000, 0.000000, 0.000000)</string>
						<string>(0.000000, 0.000000, 0.000000)</string>
						<string>(0.000000, 0.000000, 0.000000)</string>
						<string>(0.000000, 0.000000, 0.000000)</string>
						<string>(0.000000, 0.000000, 0.000000)</string>
						<string>(0.000000, 0.000000, 0.000000)</string>
						<string>(0.000000, 0.000000, 0.000000)</string>
						<string>(0.000000, 0.000000, 0.000000)</string>
						<string>(0.000000, 0.000000, 0.000000)</string>
						<string>(0.000000, 0.000000, 0.000000)</string>
						<string>(0.000000, 0.000000, 0.000000)</string>
						<string>(0.000000, 0.000000, 0.000000)</string>
						<string>(0.000000, 0.000000, 0.000000)</string>
						<string>(0.000000, 0.000000, 0.000000)</string>
						<string>(0.000000, 0.000000, 0.000000)</string>
						<string>(0.000000, 0.000000, 0.000000)</string>
						<string>(0.000000, 0.000000, 0.000000)</string>
						<string>(0.000000, 0.000000, 0.000000)</string>
						<string>(0.000000, 0.000000, 0.000000)</string>
						<string>(0.000000, 0.000000, 0.000000)</string>
						<string>(0.000000, 0.000000, 0.000000)</string>
						<string>(0.000000, 0.000000, 0.000000)</string>
						<string>(0.000000, 0.000000, 0.000000)</string>
						<string>(0.000000, 0.000000, 0.000000)</string>
						<string>(0.000000, 0.000000, 0.000000)</string>
						<string>(0.000000, 0.000000, 0.000000)</string>
						<string>(0.000000, 0.000000, 0.000000)</string>
						<string>(0.000000, 0.000000, 0.000000)</string>
						<string>(0.000000, 0.000000, 0.000000)</string>
						<string>(0.000000, 0.000000, 0.000000)</string>
						<string>(0.000000, 0.000000, 0.000000)</string>
						<string>(0.000000, 0.000000, 0.000000)</string>
						<string>(0.000000, 0.000000, 0.000000)</string>
						<string>(0.000000, 0.000000, 0.000000)</string>
						<string>(0.000000, 0.000000, 0.000000)</string>
						<string>(0.000000, 0.000000, 0.000000)</string>
						<string>(0.000000, 0.000000, 0.000000)</string>
						<string>(0.000000, 0.000000, 0.000000)</string>
						<string>(0.000000, 0.000000, 0.000000)</string>
						<string>(0.000000, 0.000000, 0.000000)</string>
						<string>(0.000000, 0.000000, 0.000000)</string>
						<string>(0.000000, 0.000000, 0.000000)</string>
						<string>(0.000000, 0.000000, 0.000000)</string>
						<string>(0.000000, 0.000000, 0.000000)</string>
						<string>(0.000000, 0.000000, 0.000000)</string>
						<string>(0.000000, 0.000000, 0.000000)</string>
						<string>(0.000000, 0.000000, 0.000000)</string>
						<string>(0.000000, 0.000000, 0.000000)</string>
						<string>(0.000000, 0.000000, 0.000000)</string>
						<string>(0.000000, 0.000000, 0.000000)</string>
						<string>(0.000000, 0.000000, 0.000000)</string>
						<string>(0.000000, 0.000000, 0.000000)</string>
						<string>(0.000000, 0.000000, 0.000000)</string>
						<string>(0.000000, 0.000000, 0.000000)</string>
						<string>(0.000000, 0.000000, 0.000000)</string>
						<string>(0.000000, 0.000000, 0.000000)</string>
						<string>(0.000000, 0.000000, 0.000000)</string>
						<string>(0.000000, 0.000000, 0.000000)</string>
						<string>(0.000000, 0.000000, 0.000000)</string>
						<string>(0.000000, 0.000000, 0.000000)</string>
						<string>(0.000000, 0.000000, 0.000000)</string>
						<string>(0.000000, 0.000000, 0.000000)</string>
						<string>(0.000000, 0.000000, 0.000000)</string>
						<string>(0.000000, 0.000000, 0.000000)</string>
						<string>(0.000000, 0.000000, 0.000000)</string>
						<string>(0.000000, 0.000000, 0.000000)</string>
						<string>(0.000000, 0.000000, 0.000000)</string>
						<string>(0.000000, 0.000000, 0.000000)</string>
						<string>(0.000000, 0.000000, 0.000000)</string>
						<string>(0.000000, 0.000000, 0.000000)</string>
						<string>(0.000000, 0.000000, 0.000000)</string>
						<string>(0.000000, 0.000000, 0.000000)</string>
						<string>(0.000000, 0.000000, 0.000000)</string>
						<string>(0.000000, 0.000000, 0.000000)</string>
						<string>(0.000000, 0.000000, 0.000000)</string>
						<string>(0.000000, 0.000000, 0.000000)</string>
						<string>(0.000000, 0.000000, 0.000000)</string>
						<string>(0.000000, 0.000000, 0.000000)</string>
						<string>(0.000000, 0.000000, 0.000000)</string>
						<string>(0.000000, 0.000000, 0.000000)</string>
						<string>(0.000000, 0.000000, 0.000000)</string>
						<string>(0.000000, 0.000000, 0.000000)</string>
						<string>(0.000000, 0.000000, 0.000000)</string>
						<string>(0.000000, 0.000000, 0.000000)</string>
						<string>(0.000000, 0.000000, 0.000000)</string>
						<string>(0.000000, 0.000000, 0.000000)</string>
						<string>(0.000000, 0.000000, 0.000000)</string>
						<string>(0.000000, 0.000000, 0.000000)</string>
						<string>(0.000000, 0.000000, 0.000000)</string>
						<string>(0.000000, 0.000000, 0.000000)</string>
						<string>(0.000000, 0.000000, 0.000000)</string>
						<string>(0.000000, 0.000000, 0.000000)</string>
						<string>(0.000000, 0.000000, 0.000000)</string>
						<string>(0.000000, 0.000000, 0.000000)</string>
						<string>(0.000000, 0.000000, 0.000000)</string>
						<string>(0.000000, 0.000000, 0.000000)</string>
						<string>(0.000000, 0.000000, 0.000000)</string>
						<string>(0.000000, 0.000000, 0.000000)</string>
						<string>(0.000000, 0.000000, 0.000000)</string>
						<string>(0.000000, 0.000000, 0.000000)</string>
						<string>(0.000000, 0.000000, 0.000000)</string>
						<string>(0.000000, 0.000000, 0.000000)</string>
						<string>(0.000000, 0.000000, 0.000000)</string>
						<string>(0.000000, 0.000000, 0.000000)</string>
						<string>(0.000000, 0.000000, 0.000000)</string>
						<string>(0.000000, 0.000000, 0.000000)</string>
						<string>(0.000000, 0.000000, 0.000000)</string>
						<string>(0.000000, 0.000000, 0.000000)</string>
						<string>(0.000000, 0.000000, 0.000000)</string>
						<string>(0.000000, 0.000000, 0.000000)</string>
						<string>(0.000000, 0.000000, 0.000000)</string>
						<string>(0.000000, 0.000000, 0.000000)</string>
						<string>(0.000000, 0.000000, 0.000000)</string>
						<string>(0.000000, 0.000000, 0.000000)</string>
						<string>(0.000000, 0.000000, 0.000000)</string>
						<string>(0.000000, 0.000000, 0.000000)</string>
						<string>(0.000000, 0.000000, 0.000000)</string>
						<string>(0.000000, 0.000000, 0.000000)</string>
						<string>(0.000000, 0.000000, 0.000000)</string>
						<string>(0.000000, 0.000000, 0.000000)</string>
						<string>(0.000000, 0.000000, 0.000000)</string>
						<string>(0.000000, 0.000000, 0.000000)</string>
						<string>(0.000000, 0.000000, 0.000000)</string>
						<string>(0.000000, 0.000000, 0.000000)</string>
						<string>(0.000000, 0.000000, 0.000000)</string>
						<string>(0.000000, 0.000000, 0.000000)</string>
						<string>(0.000000, 0.000000, 0.000000)</string>
						<string>(0.000000, 0.000000, 0.000000)</string>
						<string>(0.000000, 0.000000, 0.000000)</string>
						<string>(0.000000, 0.000000, 0.000000)</string>
						<string>(0.000000, 0.000000, 0.000000)</string>
						<string>(0.000000, 0.000000, 0.000000)</string>
						<string>(0.000000, 0.000000, 0.000000)</string>
						<string>(0.000000, 0.000000, 0.000000)</string>
						<string>(0.000000, 0.000000, 0.000000)</string>
						<string>(0.000000, 0.000000, 0.000000)</string>
						<string>(0.000000, 0.000000, 0.000000)</string>
						<string>(0.000000, 0.000000, 0.000000)</string>
						<string>(0.000000, 0.000000, 0.000000)</string>
						<string>(0.000000, 0.000000, 0.000000)</string>
						<string>(0.000000, 0.000000, 0.000000)</string>
						<string>(0.000000, 0.000000, 0.000000)</string>
						<string>(0.000000, 0.000000, 0.000000)</string>
						<string>(0.000000, 0.000000, 0.000000)</string>
						<string>(0.000000, 0.000000, 0.000000)</string>
						<string>(0.000000, 0.000000, 0.000000)</string>
						<string>(0.000000, 0.000000, 0.000000)</string>
						<string>(0.000000, 0.000000, 0.000000)</string>
						<string>(0.000000, 0.000000, 0.000000)</string>
						<string>(0.000000, 0.000000, 0.000000)</string>
						<string>(0.000000, 0.000000, 0.000000)</string>
						<string>(0.000000, 0.000000, 0.000000)</string>
					</array>
					<key>Point_px</key>
					<array>
						<string>(464.219910, 1326.170044)</string>
						<string>(464.197540, 1327.913330)</string>
						<string>(464.130463, 1329.654785)</string>
						<string>(464.018768, 1331.392822)</string>
						<string>(463.862518, 1333.125732)</string>
						<string>(463.661896, 1334.851807)</string>
						<string>(463.417114, 1336.569336)</string>
						<string>(463.128387, 1338.276489)</string>
						<string>(462.795990, 1339.971802)</string>
						<string>(462.420288, 1341.653442)</string>
						<string>(462.001648, 1343.319824)</string>
						<string>(461.540436, 1344.969238)</string>
						<string>(461.037170, 1346.600098)</string>
						<string>(460.492310, 1348.210938)</string>
						<string>(459.906403, 1349.799805)</string>
						<string>(459.279999, 1351.365479)</string>
						<string>(458.613770, 1352.906372)</string>
						<string>(457.908325, 1354.420776)</string>
						<string>(457.164398, 1355.907227)</string>
						<string>(456.382690, 1357.364380)</string>
						<string>(455.563995, 1358.790771)</string>
						<string>(454.709106, 1360.185059)</string>
						<string>(453.818909, 1361.545654)</string>
						<string>(452.894226, 1362.871338)</string>
						<string>(451.935974, 1364.160889)</string>
						<string>(450.945129, 1365.412964)</string>
						<string>(449.922668, 1366.626221)</string>
						<string>(448.869568, 1367.799561)</string>
						<string>(447.786896, 1368.931885)</string>
						<string>(446.675720, 1370.021851)</string>
						<string>(445.537140, 1371.068726)</string>
						<string>(444.372253, 1372.071167)</string>
						<string>(443.182220, 1373.028442)</string>
						<string>(441.968231, 1373.939331)</string>
						<string>(440.731476, 1374.803101)</string>
						<string>(439.473175, 1375.618896)</string>
						<string>(438.194550, 1376.385986)</string>
						<string>(436.896912, 1377.103394)</string>
						<string>(435.581482, 1377.770630)</string>
						<string>(434.249573, 1378.386841)</string>
						<string>(432.902557, 1378.951538)</string>
						<string>(431.541687, 1379.464233)</string>
						<string>(430.168365, 1379.924316)</string>
						<string>(428.783875, 1380.331299)</string>
						<string>(427.389679, 1380.684814)</string>
						<string>(425.987061, 1380.984619)</string>
						<string>(424.577484, 1381.230225)</string>
						<string>(423.162262, 1381.421509)</string>
						<string>(421.742859, 1381.558350)</string>
						<string>(420.320618, 1381.640503)</string>
						<string>(418.897003, 1381.667847)</string>
						<string>(417.473389, 1381.640503)</string>
						<string>(416.051147, 1381.558350)</string>
						<string>(414.631744, 1381.421509)</string>
						<string>(413.216553, 1381.230225)</string>
						<string>(411.806946, 1380.984619)</string>
						<string>(410.404327, 1380.684814)</string>
						<string>(409.010132, 1380.331299)</string>
						<string>(407.625641, 1379.924316)</string>
						<string>(406.252319, 1379.464233)</string>
						<string>(404.891449, 1378.951538)</string>
						<string>(403.544434, 1378.386841)</string>
						<string>(402.212524, 1377.770630)</string>
						<string>(400.897125, 1377.103394)</string>
						<string>(399.599457, 1376.385986)</string>
						<string>(398.320831, 1375.618896)</string>
						<string>(397.062531, 1374.803101)</string>
						<string>(395.825775, 1373.939331)</string>
						<string>(394.611786, 1373.028442)</string>
						<string>(393.421753, 1372.071167)</string>
						<string>(392.256866, 1371.068726)</string>
						<string>(391.118286, 1370.021851)</string>
						<string>(390.007111, 1368.931885)</string>
						<string>(388.924438, 1367.799561)</string>
						<string>(387.871338, 1366.626221)</string>
						<string>(386.848877, 1365.412964)</string>
						<string>(385.858032, 1364.160889)</string>
						<string>(384.899780, 1362.871338)</string>
						<string>(383.975098, 1361.545654)</string>
						<string>(383.084900, 1360.185059)</string>
						<string>(382.230011, 1358.790771)</string>
						<string>(381.411316, 1357.364380)</string>
						<string>(380.629608, 1355.907227)</string>
						<string>(379.885681, 1354.420776)</string>
						<string>(379.180237, 1352.906372)</string>
						<string>(378.514008, 1351.365479)</string>
						<string>(377.887634, 1349.799805)</string>
						<string>(377.301697, 1348.210938)</string>
						<string>(376.756836, 1346.600098)</string>
						<string>(376.253571, 1344.969238)</string>
						<string>(375.792358, 1343.319824)</string>
						<string>(375.373718, 1341.653442)</string>
						<string>(374.998016, 1339.971802)</string>
						<string>(374.665619, 1338.276489)</string>
						<string>(374.376892, 1336.569336)</string>
						<string>(374.132111, 1334.851807)</string>
						<string>(373.931488, 1333.125732)</string>
						<string>(373.775238, 1331.392822)</string>
						<string>(373.663544, 1329.654785)</string>
						<string>(373.596466, 1327.913208)</string>
						<string>(373.574097, 1326.170044)</string>
						<string>(373.596466, 1324.426758)</string>
						<string>(373.663544, 1322.685303)</string>
						<string>(373.775238, 1320.947266)</string>
						<string>(373.931488, 1319.214355)</string>
						<string>(374.132111, 1317.488281)</string>
						<string>(374.376892, 1315.770752)</string>
						<string>(374.665619, 1314.063599)</string>
						<string>(374.998016, 1312.368286)</string>
						<string>(375.373718, 1310.686646)</string>
						<string>(375.792358, 1309.020264)</string>
						<string>(376.253571, 1307.370850)</string>
						<string>(376.756836, 1305.739990)</string>
						<string>(377.301697, 1304.129150)</string>
						<string>(377.887604, 1302.540283)</string>
						<string>(378.514008, 1300.974609)</string>
						<string>(379.180237, 1299.433716)</string>
						<string>(379.885681, 1297.919312)</string>
						<string>(380.629608, 1296.432861)</string>
						<string>(381.411316, 1294.975708)</string>
						<string>(382.230011, 1293.549194)</string>
						<string>(383.084900, 1292.155029)</string>
						<string>(383.975098, 1290.794434)</string>
						<string>(384.899780, 1289.468750)</string>
						<string>(385.858032, 1288.179199)</string>
						<string>(386.848877, 1286.927124)</string>
						<string>(387.871338, 1285.713867)</string>
						<string>(388.924438, 1284.540527)</string>
						<string>(390.007111, 1283.408203)</string>
						<string>(391.118286, 1282.318115)</string>
						<string>(392.256866, 1281.271362)</string>
						<string>(393.421753, 1280.268921)</string>
						<string>(394.611786, 1279.311768)</string>
						<string>(395.825775, 1278.400757)</string>
						<string>(397.062531, 1277.536987)</string>
						<string>(398.320831, 1276.721191)</string>
						<string>(399.599457, 1275.954102)</string>
						<string>(400.897095, 1275.236694)</string>
						<string>(402.212524, 1274.569458)</string>
						<string>(403.544403, 1273.953247)</string>
						<string>(404.891449, 1273.388550)</string>
						<string>(406.252319, 1272.875854)</string>
						<string>(407.625641, 1272.415771)</string>
						<string>(409.010101, 1272.008789)</string>
						<string>(410.404327, 1271.655273)</string>
						<string>(411.806946, 1271.355469)</string>
						<string>(413.216522, 1271.109863)</string>
						<string>(414.631744, 1270.918579)</string>
						<string>(416.051147, 1270.781738)</string>
						<string>(417.473389, 1270.699585)</string>
						<string>(418.897003, 1270.672241)</string>
						<string>(420.320618, 1270.699585)</string>
						<string>(421.742859, 1270.781738)</string>
						<string>(423.162262, 1270.918579)</string>
						<string>(424.577484, 1271.109863)</string>
						<string>(425.987061, 1271.355469)</string>
						<string>(427.389679, 1271.655273)</string>
						<string>(428.783905, 1272.008789)</string>
						<string>(430.168365, 1272.415771)</string>
						<string>(431.541687, 1272.875854)</string>
						<string>(432.902557, 1273.388550)</string>
						<string>(434.249603, 1273.953247)</string>
						<string>(435.581482, 1274.569458)</string>
						<string>(436.896912, 1275.236694)</string>
						<string>(438.194550, 1275.954102)</string>
						<string>(439.473175, 1276.721191)</string>
						<string>(440.731476, 1277.536987)</string>
						<string>(441.968231, 1278.400757)</string>
						<string>(443.182220, 1279.311646)</string>
						<string>(444.372253, 1280.268921)</string>
						<string>(445.537140, 1281.271362)</string>
						<string>(446.675720, 1282.318115)</string>
						<string>(447.786896, 1283.408203)</string>
						<string>(448.869568, 1284.540527)</string>
						<string>(449.922668, 1285.713867)</string>
						<string>(450.945129, 1286.927124)</string>
						<string>(451.935974, 1288.179199)</string>
						<string>(452.894196, 1289.468628)</string>
						<string>(453.818909, 1290.794434)</string>
						<string>(454.709106, 1292.155029)</string>
						<string>(455.563995, 1293.549194)</string>
						<string>(456.382690, 1294.975708)</string>
						<string>(457.164398, 1296.432861)</string>
						<string>(457.908325, 1297.919312)</string>
						<string>(458.613770, 1299.433716)</string>
						<string>(459.279999, 1300.974609)</string>
						<string>(459.906403, 1302.540283)</string>
						<string>(460.492310, 1304.129150)</string>
						<string>(461.037170, 1305.739990)</string>
						<string>(461.540436, 1307.370850)</string>
						<string>(462.001648, 1309.020264)</string>
						<string>(462.420288, 1310.686646)</string>
						<string>(462.795990, 1312.368286)</string>
						<string>(463.128387, 1314.063599)</string>
						<string>(463.417114, 1315.770752)</string>
						<string>(463.661896, 1317.488281)</string>
						<string>(463.862518, 1319.214355)</string>
						<string>(464.018768, 1320.947266)</string>
						<string>(464.130463, 1322.685303)</string>
						<string>(464.197540, 1324.426880)</string>
					</array>
					<key>Total</key>
					<real>10216435</real>
					<key>Type</key>
					<integer>9</integer>
				</dict>
				<dict>
					<key>Area</key>
					<real>0.58422315120697021</real>
					<key>Center</key>
					<string>(0.000000, 0.000000, 0.000000)</string>
					<key>Dev</key>
					<real>90.162124633789062</real>
					<key>IndexInImage</key>
					<integer>3</integer>
					<key>Max</key>
					<real>2286</real>
					<key>Mean</key>
					<real>1963.5169677734375</real>
					<key>Min</key>
					<real>1591</real>
					<key>Name</key>
					<string>Cluster</string>
					<key>NumberOfPoints</key>
					<integer>200</integer>
					<key>Point_mm</key>
					<array>
						<string>(0.000000, 0.000000, 0.000000)</string>
						<string>(0.000000, 0.000000, 0.000000)</string>
						<string>(0.000000, 0.000000, 0.000000)</string>
						<string>(0.000000, 0.000000, 0.000000)</string>
						<string>(0.000000, 0.000000, 0.000000)</string>
						<string>(0.000000, 0.000000, 0.000000)</string>
						<string>(0.000000, 0.000000, 0.000000)</string>
						<string>(0.000000, 0.000000, 0.000000)</string>
						<string>(0.000000, 0.000000, 0.000000)</string>
						<string>(0.000000, 0.000000, 0.000000)</string>
						<string>(0.000000, 0.000000, 0.000000)</string>
						<string>(0.000000, 0.000000, 0.000000)</string>
						<string>(0.000000, 0.000000, 0.000000)</string>
						<string>(0.000000, 0.000000, 0.000000)</string>
						<string>(0.000000, 0.000000, 0.000000)</string>
						<string>(0.000000, 0.000000, 0.000000)</string>
						<string>(0.000000, 0.000000, 0.000000)</string>
						<string>(0.000000, 0.000000, 0.000000)</string>
						<string>(0.000000, 0.000000, 0.000000)</string>
						<string>(0.000000, 0.000000, 0.000000)</string>
						<string>(0.000000, 0.000000, 0.000000)</string>
						<string>(0.000000, 0.000000, 0.000000)</string>
						<string>(0.000000, 0.000000, 0.000000)</string>
						<string>(0.000000, 0.000000, 0.000000)</string>
						<string>(0.000000, 0.000000, 0.000000)</string>
						<string>(0.000000, 0.000000, 0.000000)</string>
						<string>(0.000000, 0.000000, 0.000000)</string>
						<string>(0.000000, 0.000000, 0.000000)</string>
						<string>(0.000000, 0.000000, 0.000000)</string>
						<string>(0.000000, 0.000000, 0.000000)</string>
						<string>(0.000000, 0.000000, 0.000000)</string>
						<string>(0.000000, 0.000000, 0.000000)</string>
						<string>(0.000000, 0.000000, 0.000000)</string>
						<string>(0.000000, 0.000000, 0.000000)</string>
						<string>(0.000000, 0.000000, 0.000000)</string>
						<string>(0.000000, 0.000000, 0.000000)</string>
						<string>(0.000000, 0.000000, 0.000000)</string>
						<string>(0.000000, 0.000000, 0.000000)</string>
						<string>(0.000000, 0.000000, 0.000000)</string>
						<string>(0.000000, 0.000000, 0.000000)</string>
						<string>(0.000000, 0.000000, 0.000000)</string>
						<string>(0.000000, 0.000000, 0.000000)</string>
						<string>(0.000000, 0.000000, 0.000000)</string>
						<string>(0.000000, 0.000000, 0.000000)</string>
						<string>(0.000000, 0.000000, 0.000000)</string>
						<string>(0.000000, 0.000000, 0.000000)</string>
						<string>(0.000000, 0.000000, 0.000000)</string>
						<string>(0.000000, 0.000000, 0.000000)</string>
						<string>(0.000000, 0.000000, 0.000000)</string>
						<string>(0.000000, 0.000000, 0.000000)</string>
						<string>(0.000000, 0.000000, 0.000000)</string>
						<string>(0.000000, 0.000000, 0.000000)</string>
						<string>(0.000000, 0.000000, 0.000000)</string>
						<string>(0.000000, 0.000000, 0.000000)</string>
						<string>(0.000000, 0.000000, 0.000000)</string>
						<string>(0.000000, 0.000000, 0.000000)</string>
						<string>(0.000000, 0.000000, 0.000000)</string>
						<string>(0.000000, 0.000000, 0.000000)</string>
						<string>(0.000000, 0.000000, 0.000000)</string>
						<string>(0.000000, 0.000000, 0.000000)</string>
						<string>(0.000000, 0.000000, 0.000000)</string>
						<string>(0.000000, 0.000000, 0.000000)</string>
						<string>(0.000000, 0.000000, 0.000000)</string>
						<string>(0.000000, 0.000000, 0.000000)</string>
						<string>(0.000000, 0.000000, 0.000000)</string>
						<string>(0.000000, 0.000000, 0.000000)</string>
						<string>(0.000000, 0.000000, 0.000000)</string>
						<string>(0.000000, 0.000000, 0.000000)</string>
						<string>(0.000000, 0.000000, 0.000000)</string>
						<string>(0.000000, 0.000000, 0.000000)</string>
						<string>(0.000000, 0.000000, 0.000000)</string>
						<string>(0.000000, 0.000000, 0.000000)</string>
						<string>(0.000000, 0.000000, 0.000000)</string>
						<string>(0.000000, 0.000000, 0.000000)</string>
						<string>(0.000000, 0.000000, 0.000000)</string>
						<string>(0.000000, 0.000000, 0.000000)</string>
						<string>(0.000000, 0.000000, 0.000000)</string>
						<string>(0.000000, 0.000000, 0.000000)</string>
						<string>(0.000000, 0.000000, 0.000000)</string>
						<string>(0.000000, 0.000000, 0.000000)</string>
						<string>(0.000000, 0.000000, 0.000000)</string>
						<string>(0.000000, 0.000000, 0.000000)</string>
						<string>(0.000000, 0.000000, 0.000000)</string>
						<string>(0.000000, 0.000000, 0.000000)</string>
						<string>(0.000000, 0.000000, 0.000000)</string>
						<string>(0.000000, 0.000000, 0.000000)</string>
						<string>(0.000000, 0.000000, 0.000000)</string>
						<string>(0.000000, 0.000000, 0.000000)</string>
						<string>(0.000000, 0.000000, 0.000000)</string>
						<string>(0.000000, 0.000000, 0.000000)</string>
						<string>(0.000000, 0.000000, 0.000000)</string>
						<string>(0.000000, 0.000000, 0.000000)</string>
						<string>(0.000000, 0.000000, 0.000000)</string>
						<string>(0.000000, 0.000000, 0.000000)</string>
						<string>(0.000000, 0.000000, 0.000000)</string>
						<string>(0.000000, 0.000000, 0.000000)</string>
						<string>(0.000000, 0.000000, 0.000000)</string>
						<string>(0.000000, 0.000000, 0.000000)</string>
						<string>(0.000000, 0.000000, 0.000000)</string>
						<string>(0.000000, 0.000000, 0.000000)</string>
						<string>(0.000000, 0.000000, 0.000000)</string>
						<string>(0.000000, 0.000000, 0.000000)</string>
						<string>(0.000000, 0.000000, 0.000000)</string>
						<string>(0.000000, 0.000000, 0.000000)</string>
						<string>(0.000000, 0.000000, 0.000000)</string>
						<string>(0.000000, 0.000000, 0.000000)</string>
						<string>(0.000000, 0.000000, 0.000000)</string>
						<string>(0.000000, 0.000000, 0.000000)</string>
						<string>(0.000000, 0.000000, 0.000000)</string>
						<string>(0.000000, 0.000000, 0.000000)</string>
						<string>(0.000000, 0.000000, 0.000000)</string>
						<string>(0.000000, 0.000000, 0.000000)</string>
						<string>(0.000000, 0.000000, 0.000000)</string>
						<string>(0.000000, 0.000000, 0.000000)</string>
						<string>(0.000000, 0.000000, 0.000000)</string>
						<string>(0.000000, 0.000000, 0.000000)</string>
						<string>(0.000000, 0.000000, 0.000000)</string>
						<string>(0.000000, 0.000000, 0.000000)</string>
						<string>(0.000000, 0.000000, 0.000000)</string>
						<string>(0.000000, 0.000000, 0.000000)</string>
						<string>(0.000000, 0.000000, 0.000000)</string>
						<string>(0.000000, 0.000000, 0.000000)</string>
						<string>(0.000000, 0.000000, 0.000000)</string>
						<string>(0.000000, 0.000000, 0.000000)</string>
						<string>(0.000000, 0.000000, 0.000000)</string>
						<string>(0.000000, 0.000000, 0.000000)</string>
						<string>(0.000000, 0.000000, 0.000000)</string>
						<string>(0.000000, 0.000000, 0.000000)</string>
						<string>(0.000000, 0.000000, 0.000000)</string>
						<string>(0.000000, 0.000000, 0.000000)</string>
						<string>(0.000000, 0.000000, 0.000000)</string>
						<string>(0.000000, 0.000000, 0.000000)</string>
						<string>(0.000000, 0.000000, 0.000000)</string>
						<string>(0.000000, 0.000000, 0.000000)</string>
						<string>(0.000000, 0.000000, 0.000000)</string>
						<string>(0.000000, 0.000000, 0.000000)</string>
						<string>(0.000000, 0.000000, 0.000000)</string>
						<string>(0.000000, 0.000000, 0.000000)</string>
						<string>(0.000000, 0.000000, 0.000000)</string>
						<string>(0.000000, 0.000000, 0.000000)</string>
						<string>(0.000000, 0.000000, 0.000000)</string>
						<string>(0.000000, 0.000000, 0.000000)</string>
						<string>(0.000000, 0.000000, 0.000000)</string>
						<string>(0.000000, 0.000000, 0.000000)</string>
						<string>(0.000000, 0.000000, 0.000000)</string>
						<string>(0.000000, 0.000000, 0.000000)</string>
						<string>(0.000000, 0.000000, 0.000000)</string>
						<string>(0.000000, 0.000000, 0.000000)</string>
						<string>(0.000000, 0.000000, 0.000000)</string>
						<string>(0.000000, 0.000000, 0.000000)</string>
						<string>(0.000000, 0.000000, 0.000000)</string>
						<string>(0.000000, 0.000000, 0.000000)</string>
						<string>(0.000000, 0.000000, 0.000000)</string>
						<string>(0.000000, 0.000000, 0.000000)</string>
						<string>(0.000000, 0.000000, 0.000000)</string>
						<string>(0.000000, 0.000000, 0.000000)</string>
						<string>(0.000000, 0.000000, 0.000000)</string>
						<string>(0.000000, 0.000000, 0.000000)</string>
						<string>(0.000000, 0.000000, 0.000000)</string>
						<string>(0.000000, 0.000000, 0.000000)</string>
						<string>(0.000000, 0.000000, 0.000000)</string>
						<string>(0.000000, 0.000000, 0.000000)</string>
						<string>(0.000000, 0.000000, 0.000000)</string>
						<string>(0.000000, 0.000000, 0.000000)</string>
						<string>(0.000000, 0.000000, 0.000000)</string>
						<string>(0.000000, 0.000000, 0.000000)</string>
						<string>(0.000000, 0.000000, 0.000000)</string>
						<string>(0.000000, 0.000000, 0.000000)</string>
						<string>(0.000000, 0.000000, 0.000000)</string>
						<string>(0.000000, 0.000000, 0.000000)</string>
						<string>(0.000000, 0.000000, 0.000000)</string>
						<string>(0.000000, 0.000000, 0.000000)</string>
						<string>(0.000000, 0.000000, 0.000000)</string>
						<string>(0.000000, 0.000000, 0.000000)</string>
						<string>(0.000000, 0.000000, 0.000000)</string>
						<string>(0.000000, 0.000000, 0.000000)</string>
						<string>(0.000000, 0.000000, 0.000000)</string>
						<string>(0.000000, 0.000000, 0.000000)</string>
						<string>(0.000000, 0.000000, 0.000000)</string>
						<string>(0.000000, 0.000000, 0.000000)</string>
						<string>(0.000000, 0.000000, 0.000000)</string>
						<string>(0.000000, 0.000000, 0.000000)</string>
						<string>(0.000000, 0.000000, 0.000000)</string>
						<string>(0.000000, 0.000000, 0.000000)</string>
						<string>(0.000000, 0.000000, 0.000000)</string>
						<string>(0.000000, 0.000000, 0.000000)</string>
						<string>(0.000000, 0.000000, 0.000000)</string>
						<string>(0.000000, 0.000000, 0.000000)</string>
						<string>(0.000000, 0.000000, 0.000000)</string>
						<string>(0.000000, 0.000000, 0.000000)</string>
						<string>(0.000000, 0.000000, 0.000000)</string>
						<string>(0.000000, 0.000000, 0.000000)</string>
						<string>(0.000000, 0.000000, 0.000000)</string>
						<string>(0.000000, 0.000000, 0.000000)</string>
						<string>(0.000000, 0.000000, 0.000000)</string>
						<string>(0.000000, 0.000000, 0.000000)</string>
						<string>(0.000000, 0.000000, 0.000000)</string>
						<string>(0.000000, 0.000000, 0.000000)</string>
						<string>(0.000000, 0.000000, 0.000000)</string>
						<string>(0.000000, 0.000000, 0.000000)</string>
					</array>
					<key>Point_px</key>
					<array>
						<string>(592.894104, 2007.150024)</string>
						<string>(592.861694, 2008.963257)</string>
						<string>(592.764404, 2010.774658)</string>
						<string>(592.602356, 2012.582520)</string>
						<string>(592.375732, 2014.385132)</string>
						<string>(592.084717, 2016.180420)</string>
						<string>(591.729614, 2017.966919)</string>
						<string>(591.310791, 2019.742676)</string>
						<string>(590.828674, 2021.506104)</string>
						<string>(590.283691, 2023.255249)</string>
						<string>(589.676392, 2024.988525)</string>
						<string>(589.007385, 2026.704224)</string>
						<string>(588.277344, 2028.400635)</string>
						<string>(587.487000, 2030.076050)</string>
						<string>(586.637085, 2031.728760)</string>
						<string>(585.728455, 2033.357300)</string>
						<string>(584.762024, 2034.960083)</string>
						<string>(583.738708, 2036.535278)</string>
						<string>(582.659607, 2038.081543)</string>
						<string>(581.525696, 2039.597168)</string>
						<string>(580.338135, 2041.080811)</string>
						<string>(579.098083, 2042.531006)</string>
						<string>(577.806702, 2043.946289)</string>
						<string>(576.465393, 2045.325317)</string>
						<string>(575.075439, 2046.666626)</string>
						<string>(573.638123, 2047.968872)</string>
						<string>(572.154968, 2049.230957)</string>
						<string>(570.627380, 2050.451416)</string>
						<string>(569.056885, 2051.629150)</string>
						<string>(567.445068, 2052.762939)</string>
						<string>(565.793457, 2053.851807)</string>
						<string>(564.103699, 2054.894531)</string>
						<string>(562.377502, 2055.890137)</string>
						<string>(560.616516, 2056.837646)</string>
						<string>(558.822510, 2057.736328)</string>
						<string>(556.997253, 2058.584717)</string>
						<string>(555.142517, 2059.382568)</string>
						<string>(553.260132, 2060.128906)</string>
						<string>(551.352051, 2060.822754)</string>
						<string>(549.420044, 2061.463867)</string>
						<string>(547.466064, 2062.051270)</string>
						<string>(545.492065, 2062.584473)</string>
						<string>(543.499939, 2063.062988)</string>
						<string>(541.491638, 2063.486328)</string>
						<string>(539.469238, 2063.854248)</string>
						<string>(537.434692, 2064.166016)</string>
						<string>(535.389954, 2064.421387)</string>
						<string>(533.337097, 2064.620361)</string>
						<string>(531.278137, 2064.762695)</string>
						<string>(529.215088, 2064.848145)</string>
						<string>(527.150024, 2064.876709)</string>
						<string>(525.084961, 2064.848145)</string>
						<string>(523.021912, 2064.762695)</string>
						<string>(520.962952, 2064.620361)</string>
						<string>(518.910095, 2064.421387)</string>
						<string>(516.865356, 2064.166016)</string>
						<string>(514.830811, 2063.854248)</string>
						<string>(512.808411, 2063.486328)</string>
						<string>(510.800140, 2063.062988)</string>
						<string>(508.808014, 2062.584473)</string>
						<string>(506.833984, 2062.051270)</string>
						<string>(504.880005, 2061.463867)</string>
						<string>(502.947998, 2060.822754)</string>
						<string>(501.039886, 2060.128906)</string>
						<string>(499.157532, 2059.382568)</string>
						<string>(497.302826, 2058.584717)</string>
						<string>(495.477570, 2057.736328)</string>
						<string>(493.683563, 2056.837646)</string>
						<string>(491.922577, 2055.890137)</string>
						<string>(490.196350, 2054.894531)</string>
						<string>(488.506622, 2053.851807)</string>
						<string>(486.855011, 2052.762939)</string>
						<string>(485.243164, 2051.629150)</string>
						<string>(483.672668, 2050.451416)</string>
						<string>(482.145081, 2049.230957)</string>
						<string>(480.661926, 2047.968872)</string>
						<string>(479.224640, 2046.666626)</string>
						<string>(477.834656, 2045.325317)</string>
						<string>(476.493317, 2043.946289)</string>
						<string>(475.201996, 2042.531006)</string>
						<string>(473.961914, 2041.080811)</string>
						<string>(472.774353, 2039.597168)</string>
						<string>(471.640442, 2038.081421)</string>
						<string>(470.561310, 2036.535278)</string>
						<string>(469.538025, 2034.960083)</string>
						<string>(468.571594, 2033.357300)</string>
						<string>(467.662994, 2031.728760)</string>
						<string>(466.813080, 2030.076050)</string>
						<string>(466.022705, 2028.400635)</string>
						<string>(465.292664, 2026.704224)</string>
						<string>(464.623657, 2024.988525)</string>
						<string>(464.016388, 2023.255249)</string>
						<string>(463.471405, 2021.506104)</string>
						<string>(462.989258, 2019.742676)</string>
						<string>(462.570435, 2017.966919)</string>
						<string>(462.215332, 2016.180420)</string>
						<string>(461.924347, 2014.385132)</string>
						<string>(461.697693, 2012.582520)</string>
						<string>(461.535645, 2010.774658)</string>
						<string>(461.438354, 2008.963257)</string>
						<string>(461.405914, 2007.150024)</string>
						<string>(461.438354, 2005.336792)</string>
						<string>(461.535645, 2003.525391)</string>
						<string>(461.697693, 2001.717529)</string>
						<string>(461.924347, 1999.914917)</string>
						<string>(462.215332, 1998.119629)</string>
						<string>(462.570435, 1996.333130)</string>
						<string>(462.989258, 1994.557373)</string>
						<string>(463.471405, 1992.793945)</string>
						<string>(464.016388, 1991.044800)</string>
						<string>(464.623657, 1989.311523)</string>
						<string>(465.292664, 1987.595825)</string>
						<string>(466.022705, 1985.899414)</string>
						<string>(466.813080, 1984.223999)</string>
						<string>(467.662994, 1982.571289)</string>
						<string>(468.571594, 1980.942749)</string>
						<string>(469.538025, 1979.339966)</string>
						<string>(470.561310, 1977.764771)</string>
						<string>(471.640442, 1976.218506)</string>
						<string>(472.774353, 1974.702881)</string>
						<string>(473.961945, 1973.219116)</string>
						<string>(475.201996, 1971.768921)</string>
						<string>(476.493317, 1970.353760)</string>
						<string>(477.834656, 1968.974731)</string>
						<string>(479.224640, 1967.633423)</string>
						<string>(480.661926, 1966.331177)</string>
						<string>(482.145081, 1965.069092)</string>
						<string>(483.672668, 1963.848633)</string>
						<string>(485.243164, 1962.670898)</string>
						<string>(486.855011, 1961.537109)</string>
						<string>(488.506622, 1960.448242)</string>
						<string>(490.196350, 1959.405518)</string>
						<string>(491.922546, 1958.409790)</string>
						<string>(493.683533, 1957.462280)</string>
						<string>(495.477539, 1956.563843)</string>
						<string>(497.302826, 1955.715210)</string>
						<string>(499.157532, 1954.917480)</string>
						<string>(501.039886, 1954.171143)</string>
						<string>(502.947998, 1953.477173)</string>
						<string>(504.880005, 1952.836182)</string>
						<string>(506.833984, 1952.248779)</string>
						<string>(508.807983, 1951.715576)</string>
						<string>(510.800140, 1951.237061)</string>
						<string>(512.808411, 1950.813721)</string>
						<string>(514.830811, 1950.445923)</string>
						<string>(516.865356, 1950.134155)</string>
						<string>(518.910095, 1949.878662)</string>
						<string>(520.962952, 1949.679565)</string>
						<string>(523.021912, 1949.537354)</string>
						<string>(525.084961, 1949.451904)</string>
						<string>(527.150024, 1949.423462)</string>
						<string>(529.215088, 1949.451904)</string>
						<string>(531.278137, 1949.537354)</string>
						<string>(533.337097, 1949.679565)</string>
						<string>(535.389954, 1949.878662)</string>
						<string>(537.434692, 1950.134155)</string>
						<string>(539.469238, 1950.445923)</string>
						<string>(541.491638, 1950.813721)</string>
						<string>(543.499939, 1951.237061)</string>
						<string>(545.492065, 1951.715576)</string>
						<string>(547.466064, 1952.248779)</string>
						<string>(549.420044, 1952.836182)</string>
						<string>(551.352051, 1953.477173)</string>
						<string>(553.260193, 1954.171143)</string>
						<string>(555.142517, 1954.917480)</string>
						<string>(556.997253, 1955.715210)</string>
						<string>(558.822510, 1956.563843)</string>
						<string>(560.616516, 1957.462280)</string>
						<string>(562.377441, 1958.409790)</string>
						<string>(564.103699, 1959.405518)</string>
						<string>(565.793457, 1960.448242)</string>
						<string>(567.445068, 1961.537109)</string>
						<string>(569.056885, 1962.670898)</string>
						<string>(570.627380, 1963.848633)</string>
						<string>(572.154968, 1965.069092)</string>
						<string>(573.638123, 1966.331177)</string>
						<string>(575.075378, 1967.633423)</string>
						<string>(576.465393, 1968.974731)</string>
						<string>(577.806702, 1970.353760)</string>
						<string>(579.098022, 1971.768921)</string>
						<string>(580.338135, 1973.219116)</string>
						<string>(581.525696, 1974.702881)</string>
						<string>(582.659607, 1976.218506)</string>
						<string>(583.738708, 1977.764771)</string>
						<string>(584.762024, 1979.339966)</string>
						<string>(585.728455, 1980.942749)</string>
						<string>(586.637085, 1982.571289)</string>
						<string>(587.487000, 1984.223999)</string>
						<string>(588.277344, 1985.899414)</string>
						<string>(589.007385, 1987.595825)</string>
						<string>(589.676392, 1989.311523)</string>
						<string>(590.283691, 1991.044800)</string>
						<string>(590.828674, 1992.794067)</string>
						<string>(591.310791, 1994.557373)</string>
						<string>(591.729614, 1996.333130)</string>
						<string>(592.084717, 1998.119629)</string>
						<string>(592.375732, 1999.914917)</string>
						<string>(592.602356, 2001.717529)</string>
						<string>(592.764404, 2003.525391)</string>
						<string>(592.861694, 2005.336792)</string>
					</array>
					<key>Total</key>
					<real>23674124</real>
					<key>Type</key>
					<integer>9</integer>
				</dict>
				<dict>
					<key>Area</key>
					<real>0.0</real>
					<key>Center</key>
					<string>(0.000000, 0.000000, 0.000000)</string>
					<key>Dev</key>
					<real>0.0</real>
					<key>IndexInImage</key>
					<integer>4</integer>
					<key>Max</key>
					<real>1856</real>
					<key>Mean</key>
					<real>1856</real>
					<key>Min</key>
					<real>1856</real>
					<key>Name</key>
					<string>Calcification</string>
					<key>NumberOfPoints</key>
					<integer>1</integer>
					<key>Point_mm</key>
					<array>
						<string>(0.000000, 0.000000, 0.000000)</string>
					</array>
					<key>Point_px</key>
					<array>
						<string>(304.003998, 1905.349976)</string>
					</array>
					<key>Total</key>
					<real>1856</real>
					<key>Type</key>
					<integer>19</integer>
				</dict>
				<dict>
					<key>Area</key>
					<real>0.0</real>
					<key>Center</key>
					<string>(0.000000, 0.000000, 0.000000)</string>
					<key>Dev</key>
					<real>0.0</real>
					<key>IndexInImage</key>
					<integer>5</integer>
					<key>Max</key>
					<real>848</real>
					<key>Mean</key>
					<real>848</real>
					<key>Min</key>
					<real>848</real>
					<key>Name</key>
					<string>Calcification</string>
					<key>NumberOfPoints</key>
					<integer>1</integer>
					<key>Point_mm</key>
					<array>
						<string>(0.000000, 0.000000, 0.000000)</string>
					</array>
					<key>Point_px</key>
					<array>
						<string>(395.338013, 1056.160034)</string>
					</array>
					<key>Total</key>
					<real>848</real>
					<key>Type</key>
					<integer>19</integer>
				</dict>
			</array>
		</dict>
	</array>
</dict>
</plist>
