<?xml version="1.0" encoding="UTF-8"?>
<!DOCTYPE plist PUBLIC "-//Apple//DTD PLIST 1.0//EN" "http://www.apple.com/DTDs/PropertyList-1.0.dtd">
<plist version="1.0">
<dict>
	<key>Images</key>
	<array>
		<dict>
			<key>ImageIndex</key>
			<integer>0</integer>
			<key>NumberOfROIs</key>
			<integer>2</integer>
			<key>ROIs</key>
			<array>
				<dict>
					<key>Area</key>
					<real>0.033981502056121826</real>
					<key>Center</key>
					<string>(0.000000, 0.000000, 0.000000)</string>
					<key>Dev</key>
					<real>0.0</real>
					<key>IndexInImage</key>
					<integer>0</integer>
					<key>Max</key>
					<real>0.0</real>
					<key>Mean</key>
					<real>0.0</real>
					<key>Min</key>
					<real>0.0</real>
					<key>Name</key>
					<string>Calcification</string>
					<key>NumberOfPoints</key>
					<integer>6</integer>
					<key>Point_mm</key>
					<array>
						<string>(0.000000, 0.000000, 0.000000)</string>
						<string>(0.000000, 0.000000, 0.000000)</string>
						<string>(0.000000, 0.000000, 0.000000)</string>
						<string>(0.000000, 0.000000, 0.000000)</string>
						<string>(0.000000, 0.000000, 0.000000)</string>
						<string>(0.000000, 0.000000, 0.000000)</string>
					</array>
					<key>Point_px</key>
					<array>
						<string>(2546.100098, 2290.179932)</string>
						<string>(2538.030029, 2277.340088)</string>
						<string>(2540.419922, 2266.879883)</string>
						<string>(2559.060059, 2262.330078)</string>
						<string>(2565.979980, 2274.010010)</string>
						<string>(2563.570068, 2286.800049)</string>
					</array>
					<key>Total</key>
					<real>0.0</real>
					<key>Type</key>
					<integer>15</integer>
				</dict>
				<dict>
					<key>Area</key>
					<real>2.8081374168395996</real>
					<key>Center</key>
					<string>(0.000000, 0.000000, 0.000000)</string>
					<key>Dev</key>
					<real>0.0</real>
					<key>IndexInImage</key>
					<integer>1</integer>
					<key>Max</key>
					<real>0.0</real>
					<key>Mean</key>
					<real>0.0</real>
					<key>Min</key>
					<real>0.0</real>
					<key>Name</key>
					<string>Cluster</string>
					<key>NumberOfPoints</key>
					<integer>200</integer>
					<key>Point_mm</key>
					<array>
						<string>(0.000000, 0.000000, 0.000000)</string>
						<string>(0.000000, 0.000000, 0.000000)</string>
						<string>(0.000000, 0.000000, 0.000000)</string>
						<string>(0.000000, 0.000000, 0.000000)</string>
						<string>(0.000000, 0.000000, 0.000000)</string>
						<string>(0.000000, 0.000000, 0.000000)</string>
						<string>(0.000000, 0.000000, 0.000000)</string>
						<string>(0.000000, 0.000000, 0.000000)</string>
						<string>(0.000000, 0.000000, 0.000000)</string>
						<string>(0.000000, 0.000000, 0.000000)</string>
						<string>(0.000000, 0.000000, 0.000000)</string>
						<string>(0.000000, 0.000000, 0.000000)</string>
						<string>(0.000000, 0.000000, 0.000000)</string>
						<string>(0.000000, 0.000000, 0.000000)</string>
						<string>(0.000000, 0.000000, 0.000000)</string>
						<string>(0.000000, 0.000000, 0.000000)</string>
						<string>(0.000000, 0.000000, 0.000000)</string>
						<string>(0.000000, 0.000000, 0.000000)</string>
						<string>(0.000000, 0.000000, 0.000000)</string>
						<string>(0.000000, 0.000000, 0.000000)</string>
						<string>(0.000000, 0.000000, 0.000000)</string>
						<string>(0.000000, 0.000000, 0.000000)</string>
						<string>(0.000000, 0.000000, 0.000000)</string>
						<string>(0.000000, 0.000000, 0.000000)</string>
						<string>(0.000000, 0.000000, 0.000000)</string>
						<string>(0.000000, 0.000000, 0.000000)</string>
						<string>(0.000000, 0.000000, 0.000000)</string>
						<string>(0.000000, 0.000000, 0.000000)</string>
						<string>(0.000000, 0.000000, 0.000000)</string>
						<string>(0.000000, 0.000000, 0.000000)</string>
						<string>(0.000000, 0.000000, 0.000000)</string>
						<string>(0.000000, 0.000000, 0.000000)</string>
						<string>(0.000000, 0.000000, 0.000000)</string>
						<string>(0.000000, 0.000000, 0.000000)</string>
						<string>(0.000000, 0.000000, 0.000000)</string>
						<string>(0.000000, 0.000000, 0.000000)</string>
						<string>(0.000000, 0.000000, 0.000000)</string>
						<string>(0.000000, 0.000000, 0.000000)</string>
						<string>(0.000000, 0.000000, 0.000000)</string>
						<string>(0.000000, 0.000000, 0.000000)</string>
						<string>(0.000000, 0.000000, 0.000000)</string>
						<string>(0.000000, 0.000000, 0.000000)</string>
						<string>(0.000000, 0.000000, 0.000000)</string>
						<string>(0.000000, 0.000000, 0.000000)</string>
						<string>(0.000000, 0.000000, 0.000000)</string>
						<string>(0.000000, 0.000000, 0.000000)</string>
						<string>(0.000000, 0.000000, 0.000000)</string>
						<string>(0.000000, 0.000000, 0.000000)</string>
						<string>(0.000000, 0.000000, 0.000000)</string>
						<string>(0.000000, 0.000000, 0.000000)</string>
						<string>(0.000000, 0.000000, 0.000000)</string>
						<string>(0.000000, 0.000000, 0.000000)</string>
						<string>(0.000000, 0.000000, 0.000000)</string>
						<string>(0.000000, 0.000000, 0.000000)</string>
						<string>(0.000000, 0.000000, 0.000000)</string>
						<string>(0.000000, 0.000000, 0.000000)</string>
						<string>(0.000000, 0.000000, 0.000000)</string>
						<string>(0.000000, 0.000000, 0.000000)</string>
						<string>(0.000000, 0.000000, 0.000000)</string>
						<string>(0.000000, 0.000000, 0.000000)</string>
						<string>(0.000000, 0.000000, 0.000000)</string>
						<string>(0.000000, 0.000000, 0.000000)</string>
						<string>(0.000000, 0.000000, 0.000000)</string>
						<string>(0.000000, 0.000000, 0.000000)</string>
						<string>(0.000000, 0.000000, 0.000000)</string>
						<string>(0.000000, 0.000000, 0.000000)</string>
						<string>(0.000000, 0.000000, 0.000000)</string>
						<string>(0.000000, 0.000000, 0.000000)</string>
						<string>(0.000000, 0.000000, 0.000000)</string>
						<string>(0.000000, 0.000000, 0.000000)</string>
						<string>(0.000000, 0.000000, 0.000000)</string>
						<string>(0.000000, 0.000000, 0.000000)</string>
						<string>(0.000000, 0.000000, 0.000000)</string>
						<string>(0.000000, 0.000000, 0.000000)</string>
						<string>(0.000000, 0.000000, 0.000000)</string>
						<string>(0.000000, 0.000000, 0.000000)</string>
						<string>(0.000000, 0.000000, 0.000000)</string>
						<string>(0.000000, 0.000000, 0.000000)</string>
						<string>(0.000000, 0.000000, 0.000000)</string>
						<string>(0.000000, 0.000000, 0.000000)</string>
						<string>(0.000000, 0.000000, 0.000000)</string>
						<string>(0.000000, 0.000000, 0.000000)</string>
						<string>(0.000000, 0.000000, 0.000000)</string>
						<string>(0.000000, 0.000000, 0.000000)</string>
						<string>(0.000000, 0.000000, 0.000000)</string>
						<string>(0.000000, 0.000000, 0.000000)</string>
						<string>(0.000000, 0.000000, 0.000000)</string>
						<string>(0.000000, 0.000000, 0.000000)</string>
						<string>(0.000000, 0.000000, 0.000000)</string>
						<string>(0.000000, 0.000000, 0.000000)</string>
						<string>(0.000000, 0.000000, 0.000000)</string>
						<string>(0.000000, 0.000000, 0.000000)</string>
						<string>(0.000000, 0.000000, 0.000000)</string>
						<string>(0.000000, 0.000000, 0.000000)</string>
						<string>(0.000000, 0.000000, 0.000000)</string>
						<string>(0.000000, 0.000000, 0.000000)</string>
						<string>(0.000000, 0.000000, 0.000000)</string>
						<string>(0.000000, 0.000000, 0.000000)</string>
						<string>(0.000000, 0.000000, 0.000000)</string>
						<string>(0.000000, 0.000000, 0.000000)</string>
						<string>(0.000000, 0.000000, 0.000000)</string>
						<string>(0.000000, 0.000000, 0.000000)</string>
						<string>(0.000000, 0.000000, 0.000000)</string>
						<string>(0.000000, 0.000000, 0.000000)</string>
						<string>(0.000000, 0.000000, 0.000000)</string>
						<string>(0.000000, 0.000000, 0.000000)</string>
						<string>(0.000000, 0.000000, 0.000000)</string>
						<string>(0.000000, 0.000000, 0.000000)</string>
						<string>(0.000000, 0.000000, 0.000000)</string>
						<string>(0.000000, 0.000000, 0.000000)</string>
						<string>(0.000000, 0.000000, 0.000000)</string>
						<string>(0.000000, 0.000000, 0.000000)</string>
						<string>(0.000000, 0.000000, 0.000000)</string>
						<string>(0.000000, 0.000000, 0.000000)</string>
						<string>(0.000000, 0.000000, 0.000000)</string>
						<string>(0.000000, 0.000000, 0.000000)</string>
						<string>(0.000000, 0.000000, 0.000000)</string>
						<string>(0.000000, 0.000000, 0.000000)</string>
						<string>(0.000000, 0.000000, 0.000000)</string>
						<string>(0.000000, 0.000000, 0.000000)</string>
						<string>(0.000000, 0.000000, 0.000000)</string>
						<string>(0.000000, 0.000000, 0.000000)</string>
						<string>(0.000000, 0.000000, 0.000000)</string>
						<string>(0.000000, 0.000000, 0.000000)</string>
						<string>(0.000000, 0.000000, 0.000000)</string>
						<string>(0.000000, 0.000000, 0.000000)</string>
						<string>(0.000000, 0.000000, 0.000000)</string>
						<string>(0.000000, 0.000000, 0.000000)</string>
						<string>(0.000000, 0.000000, 0.000000)</string>
						<string>(0.000000, 0.000000, 0.000000)</string>
						<string>(0.000000, 0.000000, 0.000000)</string>
						<string>(0.000000, 0.000000, 0.000000)</string>
						<string>(0.000000, 0.000000, 0.000000)</string>
						<string>(0.000000, 0.000000, 0.000000)</string>
						<string>(0.000000, 0.000000, 0.000000)</string>
						<string>(0.000000, 0.000000, 0.000000)</string>
						<string>(0.000000, 0.000000, 0.000000)</string>
						<string>(0.000000, 0.000000, 0.000000)</string>
						<string>(0.000000, 0.000000, 0.000000)</string>
						<string>(0.000000, 0.000000, 0.000000)</string>
						<string>(0.000000, 0.000000, 0.000000)</string>
						<string>(0.000000, 0.000000, 0.000000)</string>
						<string>(0.000000, 0.000000, 0.000000)</string>
						<string>(0.000000, 0.000000, 0.000000)</string>
						<string>(0.000000, 0.000000, 0.000000)</string>
						<string>(0.000000, 0.000000, 0.000000)</string>
						<string>(0.000000, 0.000000, 0.000000)</string>
						<string>(0.000000, 0.000000, 0.000000)</string>
						<string>(0.000000, 0.000000, 0.000000)</string>
						<string>(0.000000, 0.000000, 0.000000)</string>
						<string>(0.000000, 0.000000, 0.000000)</string>
						<string>(0.000000, 0.000000, 0.000000)</string>
						<string>(0.000000, 0.000000, 0.000000)</string>
						<string>(0.000000, 0.000000, 0.000000)</string>
						<string>(0.000000, 0.000000, 0.000000)</string>
						<string>(0.000000, 0.000000, 0.000000)</string>
						<string>(0.000000, 0.000000, 0.000000)</string>
						<string>(0.000000, 0.000000, 0.000000)</string>
						<string>(0.000000, 0.000000, 0.000000)</string>
						<string>(0.000000, 0.000000, 0.000000)</string>
						<string>(0.000000, 0.000000, 0.000000)</string>
						<string>(0.000000, 0.000000, 0.000000)</string>
						<string>(0.000000, 0.000000, 0.000000)</string>
						<string>(0.000000, 0.000000, 0.000000)</string>
						<string>(0.000000, 0.000000, 0.000000)</string>
						<string>(0.000000, 0.000000, 0.000000)</string>
						<string>(0.000000, 0.000000, 0.000000)</string>
						<string>(0.000000, 0.000000, 0.000000)</string>
						<string>(0.000000, 0.000000, 0.000000)</string>
						<string>(0.000000, 0.000000, 0.000000)</string>
						<string>(0.000000, 0.000000, 0.000000)</string>
						<string>(0.000000, 0.000000, 0.000000)</string>
						<string>(0.000000, 0.000000, 0.000000)</string>
						<string>(0.000000, 0.000000, 0.000000)</string>
						<string>(0.000000, 0.000000, 0.000000)</string>
						<string>(0.000000, 0.000000, 0.000000)</string>
						<string>(0.000000, 0.000000, 0.000000)</string>
						<string>(0.000000, 0.000000, 0.000000)</string>
						<string>(0.000000, 0.000000, 0.000000)</string>
						<string>(0.000000, 0.000000, 0.000000)</string>
						<string>(0.000000, 0.000000, 0.000000)</string>
						<string>(0.000000, 0.000000, 0.000000)</string>
						<string>(0.000000, 0.000000, 0.000000)</string>
						<string>(0.000000, 0.000000, 0.000000)</string>
						<string>(0.000000, 0.000000, 0.000000)</string>
						<string>(0.000000, 0.000000, 0.000000)</string>
						<string>(0.000000, 0.000000, 0.000000)</string>
						<string>(0.000000, 0.000000, 0.000000)</string>
						<string>(0.000000, 0.000000, 0.000000)</string>
						<string>(0.000000, 0.000000, 0.000000)</string>
						<string>(0.000000, 0.000000, 0.000000)</string>
						<string>(0.000000, 0.000000, 0.000000)</string>
						<string>(0.000000, 0.000000, 0.000000)</string>
						<string>(0.000000, 0.000000, 0.000000)</string>
						<string>(0.000000, 0.000000, 0.000000)</string>
						<string>(0.000000, 0.000000, 0.000000)</string>
						<string>(0.000000, 0.000000, 0.000000)</string>
						<string>(0.000000, 0.000000, 0.000000)</string>
						<string>(0.000000, 0.000000, 0.000000)</string>
						<string>(0.000000, 0.000000, 0.000000)</string>
					</array>
					<key>Point_px</key>
					<array>
						<string>(2922.020020, 1077.089966)</string>
						<string>(2921.958496, 1081.682373)</string>
						<string>(2921.773682, 1086.270264)</string>
						<string>(2921.466309, 1090.849121)</string>
						<string>(2921.036133, 1095.414307)</string>
						<string>(2920.483887, 1099.961426)</string>
						<string>(2919.810059, 1104.486084)</string>
						<string>(2919.015137, 1108.983643)</string>
						<string>(2918.100098, 1113.449707)</string>
						<string>(2917.065918, 1117.879883)</string>
						<string>(2915.913330, 1122.269775)</string>
						<string>(2914.643799, 1126.615112)</string>
						<string>(2913.258301, 1130.911621)</string>
						<string>(2911.758301, 1135.155029)</string>
						<string>(2910.145264, 1139.341064)</string>
						<string>(2908.420898, 1143.465698)</string>
						<string>(2906.586670, 1147.524780)</string>
						<string>(2904.644775, 1151.514404)</string>
						<string>(2902.596680, 1155.430542)</string>
						<string>(2900.444824, 1159.269409)</string>
						<string>(2898.191162, 1163.027100)</string>
						<string>(2895.837646, 1166.700073)</string>
						<string>(2893.386963, 1170.284546)</string>
						<string>(2890.841309, 1173.777100)</string>
						<string>(2888.203369, 1177.174194)</string>
						<string>(2885.475830, 1180.472534)</string>
						<string>(2882.660889, 1183.668823)</string>
						<string>(2879.761963, 1186.760010)</string>
						<string>(2876.781494, 1189.742798)</string>
						<string>(2873.722412, 1192.614624)</string>
						<string>(2870.587891, 1195.372314)</string>
						<string>(2867.381104, 1198.013306)</string>
						<string>(2864.104980, 1200.534912)</string>
						<string>(2860.763184, 1202.934692)</string>
						<string>(2857.358398, 1205.210327)</string>
						<string>(2853.894287, 1207.359619)</string>
						<string>(2850.374512, 1209.380249)</string>
						<string>(2846.802246, 1211.270264)</string>
						<string>(2843.180908, 1213.027954)</string>
						<string>(2839.514404, 1214.651489)</string>
						<string>(2835.806152, 1216.139160)</string>
						<string>(2832.059814, 1217.489746)</string>
						<string>(2828.279053, 1218.701660)</string>
						<string>(2824.467773, 1219.773926)</string>
						<string>(2820.629639, 1220.705322)</string>
						<string>(2816.768311, 1221.494995)</string>
						<string>(2812.887939, 1222.142090)</string>
						<string>(2808.991943, 1222.646118)</string>
						<string>(2805.084473, 1223.006470)</string>
						<string>(2801.169189, 1223.222778)</string>
						<string>(2797.250000, 1223.294922)</string>
						<string>(2793.330811, 1223.222778)</string>
						<string>(2789.415527, 1223.006470)</string>
						<string>(2785.508057, 1222.646118)</string>
						<string>(2781.612061, 1222.142090)</string>
						<string>(2777.731689, 1221.494995)</string>
						<string>(2773.870361, 1220.705322)</string>
						<string>(2770.032227, 1219.773926)</string>
						<string>(2766.220947, 1218.701660)</string>
						<string>(2762.440186, 1217.489746)</string>
						<string>(2758.693848, 1216.139160)</string>
						<string>(2754.985596, 1214.651489)</string>
						<string>(2751.319092, 1213.027954)</string>
						<string>(2747.697754, 1211.270264)</string>
						<string>(2744.125488, 1209.380249)</string>
						<string>(2740.605713, 1207.359619)</string>
						<string>(2737.141602, 1205.210449)</string>
						<string>(2733.736816, 1202.934814)</string>
						<string>(2730.395020, 1200.534912)</string>
						<string>(2727.118896, 1198.013306)</string>
						<string>(2723.912109, 1195.372314)</string>
						<string>(2720.777588, 1192.614624)</string>
						<string>(2717.718506, 1189.742920)</string>
						<string>(2714.738037, 1186.760010)</string>
						<string>(2711.839111, 1183.668823)</string>
						<string>(2709.024170, 1180.472534)</string>
						<string>(2706.296631, 1177.174194)</string>
						<string>(2703.658691, 1173.777100)</string>
						<string>(2701.113037, 1170.284546)</string>
						<string>(2698.662354, 1166.700073)</string>
						<string>(2696.308838, 1163.027100)</string>
						<string>(2694.055176, 1159.269409)</string>
						<string>(2691.903320, 1155.430542)</string>
						<string>(2689.855225, 1151.514404)</string>
						<string>(2687.913330, 1147.524780)</string>
						<string>(2686.079102, 1143.465698)</string>
						<string>(2684.354736, 1139.341064)</string>
						<string>(2682.741699, 1135.155029)</string>
						<string>(2681.241699, 1130.911621)</string>
						<string>(2679.856201, 1126.615112)</string>
						<string>(2678.586670, 1122.269775)</string>
						<string>(2677.434082, 1117.879883)</string>
						<string>(2676.399902, 1113.449707)</string>
						<string>(2675.484863, 1108.983643)</string>
						<string>(2674.689941, 1104.486084)</string>
						<string>(2674.016113, 1099.961426)</string>
						<string>(2673.463867, 1095.414307)</string>
						<string>(2673.033691, 1090.849121)</string>
						<string>(2672.726318, 1086.270264)</string>
						<string>(2672.541504, 1081.682373)</string>
						<string>(2672.479980, 1077.089966)</string>
						<string>(2672.541504, 1072.497559)</string>
						<string>(2672.726318, 1067.909668)</string>
						<string>(2673.033691, 1063.330933)</string>
						<string>(2673.463867, 1058.765625)</string>
						<string>(2674.016113, 1054.218506)</string>
						<string>(2674.689941, 1049.693848)</string>
						<string>(2675.484863, 1045.196289)</string>
						<string>(2676.399902, 1040.730225)</string>
						<string>(2677.434082, 1036.300049)</string>
						<string>(2678.586670, 1031.910156)</string>
						<string>(2679.856201, 1027.564819)</string>
						<string>(2681.241699, 1023.268311)</string>
						<string>(2682.741699, 1019.024963)</string>
						<string>(2684.354736, 1014.838928)</string>
						<string>(2686.079102, 1010.714294)</string>
						<string>(2687.913330, 1006.655151)</string>
						<string>(2689.855225, 1002.665527)</string>
						<string>(2691.903320, 998.749390)</string>
						<string>(2694.055176, 994.910583)</string>
						<string>(2696.309082, 991.152832)</string>
						<string>(2698.662354, 987.479858)</string>
						<string>(2701.113037, 983.895386)</string>
						<string>(2703.658691, 980.402893)</string>
						<string>(2706.296631, 977.005737)</string>
						<string>(2709.024170, 973.707397)</string>
						<string>(2711.839111, 970.511108)</string>
						<string>(2714.738037, 967.419983)</string>
						<string>(2717.718750, 964.437073)</string>
						<string>(2720.777588, 961.565308)</string>
						<string>(2723.912109, 958.807617)</string>
						<string>(2727.118896, 956.166687)</string>
						<string>(2730.394775, 953.645020)</string>
						<string>(2733.736816, 951.245178)</string>
						<string>(2737.141602, 948.969543)</string>
						<string>(2740.605469, 946.820374)</string>
						<string>(2744.125488, 944.799744)</string>
						<string>(2747.697754, 942.909668)</string>
						<string>(2751.319092, 941.151978)</string>
						<string>(2754.985596, 939.528503)</string>
						<string>(2758.693848, 938.040771)</string>
						<string>(2762.440186, 936.690247)</string>
						<string>(2766.220947, 935.478271)</string>
						<string>(2770.032227, 934.406067)</string>
						<string>(2773.870361, 933.474670)</string>
						<string>(2777.731689, 932.684998)</string>
						<string>(2781.612061, 932.037842)</string>
						<string>(2785.508057, 931.533813)</string>
						<string>(2789.415527, 931.173462)</string>
						<string>(2793.330811, 930.957092)</string>
						<string>(2797.250000, 930.884949)</string>
						<string>(2801.169189, 930.957092)</string>
						<string>(2805.084473, 931.173462)</string>
						<string>(2808.991943, 931.533813)</string>
						<string>(2812.887939, 932.037842)</string>
						<string>(2816.768311, 932.684998)</string>
						<string>(2820.629639, 933.474670)</string>
						<string>(2824.467773, 934.406067)</string>
						<string>(2828.279053, 935.478271)</string>
						<string>(2832.059814, 936.690247)</string>
						<string>(2835.806152, 938.040771)</string>
						<string>(2839.514404, 939.528503)</string>
						<string>(2843.180908, 941.151978)</string>
						<string>(2846.802246, 942.909668)</string>
						<string>(2850.374512, 944.799744)</string>
						<string>(2853.894531, 946.820374)</string>
						<string>(2857.358398, 948.969543)</string>
						<string>(2860.763184, 951.245178)</string>
						<string>(2864.104980, 953.644958)</string>
						<string>(2867.381104, 956.166626)</string>
						<string>(2870.587891, 958.807617)</string>
						<string>(2873.722412, 961.565308)</string>
						<string>(2876.781250, 964.437073)</string>
						<string>(2879.761963, 967.419983)</string>
						<string>(2882.660889, 970.511108)</string>
						<string>(2885.475586, 973.707397)</string>
						<string>(2888.203369, 977.005737)</string>
						<string>(2890.841309, 980.402832)</string>
						<string>(2893.386963, 983.895386)</string>
						<string>(2895.837646, 987.479858)</string>
						<string>(2898.191162, 991.152832)</string>
						<string>(2900.444824, 994.910583)</string>
						<string>(2902.596680, 998.749390)</string>
						<string>(2904.644775, 1002.665588)</string>
						<string>(2906.586670, 1006.655151)</string>
						<string>(2908.420898, 1010.714294)</string>
						<string>(2910.145264, 1014.838928)</string>
						<string>(2911.758301, 1019.024963)</string>
						<string>(2913.258301, 1023.268311)</string>
						<string>(2914.643799, 1027.564819)</string>
						<string>(2915.913330, 1031.910156)</string>
						<string>(2917.065918, 1036.300049)</string>
						<string>(2918.100098, 1040.730225)</string>
						<string>(2919.015137, 1045.196289)</string>
						<string>(2919.810059, 1049.693848)</string>
						<string>(2920.483887, 1054.218506)</string>
						<string>(2921.036133, 1058.765625)</string>
						<string>(2921.466309, 1063.330933)</string>
						<string>(2921.773682, 1067.909668)</string>
						<string>(2921.958496, 1072.497559)</string>
					</array>
					<key>Total</key>
					<real>0.0</real>
					<key>Type</key>
					<integer>9</integer>
				</dict>
			</array>
		</dict>
	</array>
</dict>
</plist>
