<?xml version="1.0" encoding="UTF-8"?>
<!DOCTYPE plist PUBLIC "-//Apple//DTD PLIST 1.0//EN" "http://www.apple.com/DTDs/PropertyList-1.0.dtd">
<plist version="1.0">
<dict>
	<key>Images</key>
	<array>
		<dict>
			<key>ImageIndex</key>
			<integer>0</integer>
			<key>NumberOfROIs</key>
			<integer>12</integer>
			<key>ROIs</key>
			<array>
				<dict>
					<key>Area</key>
					<real>0.0</real>
					<key>Center</key>
					<string>(0.000000, 0.000000, 0.000000)</string>
					<key>Dev</key>
					<real>0.0</real>
					<key>IndexInImage</key>
					<integer>0</integer>
					<key>Max</key>
					<real>1713</real>
					<key>Mean</key>
					<real>1713</real>
					<key>Min</key>
					<real>1713</real>
					<key>Name</key>
					<string>Calcification</string>
					<key>NumberOfPoints</key>
					<integer>1</integer>
					<key>Point_mm</key>
					<array>
						<string>(0.000000, 0.000000, 0.000000)</string>
					</array>
					<key>Point_px</key>
					<array>
						<string>(2926.070068, 1498.660034)</string>
					</array>
					<key>Total</key>
					<real>1713</real>
					<key>Type</key>
					<integer>19</integer>
				</dict>
				<dict>
					<key>Area</key>
					<real>0.0</real>
					<key>Center</key>
					<string>(0.000000, 0.000000, 0.000000)</string>
					<key>Dev</key>
					<real>0.0</real>
					<key>IndexInImage</key>
					<integer>1</integer>
					<key>Max</key>
					<real>1624</real>
					<key>Mean</key>
					<real>1624</real>
					<key>Min</key>
					<real>1624</real>
					<key>Name</key>
					<string>Calcification</string>
					<key>NumberOfPoints</key>
					<integer>1</integer>
					<key>Point_mm</key>
					<array>
						<string>(0.000000, 0.000000, 0.000000)</string>
					</array>
					<key>Point_px</key>
					<array>
						<string>(2313.489990, 2007.959961)</string>
					</array>
					<key>Total</key>
					<real>1624</real>
					<key>Type</key>
					<integer>19</integer>
				</dict>
				<dict>
					<key>Area</key>
					<real>0.0</real>
					<key>Center</key>
					<string>(0.000000, 0.000000, 0.000000)</string>
					<key>Dev</key>
					<real>0.0</real>
					<key>IndexInImage</key>
					<integer>2</integer>
					<key>Max</key>
					<real>1605</real>
					<key>Mean</key>
					<real>1605</real>
					<key>Min</key>
					<real>1605</real>
					<key>Name</key>
					<string>Calcification</string>
					<key>NumberOfPoints</key>
					<integer>1</integer>
					<key>Point_mm</key>
					<array>
						<string>(0.000000, 0.000000, 0.000000)</string>
					</array>
					<key>Point_px</key>
					<array>
						<string>(2320.750000, 1252.829956)</string>
					</array>
					<key>Total</key>
					<real>1605</real>
					<key>Type</key>
					<integer>19</integer>
				</dict>
				<dict>
					<key>Area</key>
					<real>0.0</real>
					<key>Center</key>
					<string>(0.000000, 0.000000, 0.000000)</string>
					<key>Dev</key>
					<real>0.0</real>
					<key>IndexInImage</key>
					<integer>3</integer>
					<key>Max</key>
					<real>1598</real>
					<key>Mean</key>
					<real>1598</real>
					<key>Min</key>
					<real>1598</real>
					<key>Name</key>
					<string>Calcification</string>
					<key>NumberOfPoints</key>
					<integer>1</integer>
					<key>Point_mm</key>
					<array>
						<string>(0.000000, 0.000000, 0.000000)</string>
					</array>
					<key>Point_px</key>
					<array>
						<string>(2131.489990, 3043.010010)</string>
					</array>
					<key>Total</key>
					<real>1598</real>
					<key>Type</key>
					<integer>19</integer>
				</dict>
				<dict>
					<key>Area</key>
					<real>0.0</real>
					<key>Center</key>
					<string>(0.000000, 0.000000, 0.000000)</string>
					<key>Dev</key>
					<real>0.0</real>
					<key>IndexInImage</key>
					<integer>4</integer>
					<key>Max</key>
					<real>1740</real>
					<key>Mean</key>
					<real>1740</real>
					<key>Min</key>
					<real>1740</real>
					<key>Name</key>
					<string>Calcification</string>
					<key>NumberOfPoints</key>
					<integer>1</integer>
					<key>Point_mm</key>
					<array>
						<string>(0.000000, 0.000000, 0.000000)</string>
					</array>
					<key>Point_px</key>
					<array>
						<string>(2507.689941, 2586.500000)</string>
					</array>
					<key>Total</key>
					<real>1740</real>
					<key>Type</key>
					<integer>19</integer>
				</dict>
				<dict>
					<key>Area</key>
					<real>0.0</real>
					<key>Center</key>
					<string>(0.000000, 0.000000, 0.000000)</string>
					<key>Dev</key>
					<real>0.0</real>
					<key>IndexInImage</key>
					<integer>5</integer>
					<key>Max</key>
					<real>1649</real>
					<key>Mean</key>
					<real>1649</real>
					<key>Min</key>
					<real>1649</real>
					<key>Name</key>
					<string>Calcification</string>
					<key>NumberOfPoints</key>
					<integer>1</integer>
					<key>Point_mm</key>
					<array>
						<string>(0.000000, 0.000000, 0.000000)</string>
					</array>
					<key>Point_px</key>
					<array>
						<string>(2782.179932, 1154.079956)</string>
					</array>
					<key>Total</key>
					<real>1649</real>
					<key>Type</key>
					<integer>19</integer>
				</dict>
				<dict>
					<key>Area</key>
					<real>0.0</real>
					<key>Center</key>
					<string>(0.000000, 0.000000, 0.000000)</string>
					<key>Dev</key>
					<real>0.0</real>
					<key>IndexInImage</key>
					<integer>6</integer>
					<key>Max</key>
					<real>1685</real>
					<key>Mean</key>
					<real>1685</real>
					<key>Min</key>
					<real>1685</real>
					<key>Name</key>
					<string>Calcification</string>
					<key>NumberOfPoints</key>
					<integer>1</integer>
					<key>Point_mm</key>
					<array>
						<string>(0.000000, 0.000000, 0.000000)</string>
					</array>
					<key>Point_px</key>
					<array>
						<string>(2628.979980, 1109.979980)</string>
					</array>
					<key>Total</key>
					<real>1685</real>
					<key>Type</key>
					<integer>19</integer>
				</dict>
				<dict>
					<key>Area</key>
					<real>0.44221276044845581</real>
					<key>Center</key>
					<string>(0.000000, 0.000000, 0.000000)</string>
					<key>Dev</key>
					<real>65.55914306640625</real>
					<key>IndexInImage</key>
					<integer>7</integer>
					<key>Max</key>
					<real>1716</real>
					<key>Mean</key>
					<real>1498.3714599609375</real>
					<key>Min</key>
					<real>1324</real>
					<key>Name</key>
					<string>Mass</string>
					<key>NumberOfPoints</key>
					<integer>65</integer>
					<key>Point_mm</key>
					<array>
						<string>(0.000000, 0.000000, 0.000000)</string>
						<string>(0.000000, 0.000000, 0.000000)</string>
						<string>(0.000000, 0.000000, 0.000000)</string>
						<string>(0.000000, 0.000000, 0.000000)</string>
						<string>(0.000000, 0.000000, 0.000000)</string>
						<string>(0.000000, 0.000000, 0.000000)</string>
						<string>(0.000000, 0.000000, 0.000000)</string>
						<string>(0.000000, 0.000000, 0.000000)</string>
						<string>(0.000000, 0.000000, 0.000000)</string>
						<string>(0.000000, 0.000000, 0.000000)</string>
						<string>(0.000000, 0.000000, 0.000000)</string>
						<string>(0.000000, 0.000000, 0.000000)</string>
						<string>(0.000000, 0.000000, 0.000000)</string>
						<string>(0.000000, 0.000000, 0.000000)</string>
						<string>(0.000000, 0.000000, 0.000000)</string>
						<string>(0.000000, 0.000000, 0.000000)</string>
						<string>(0.000000, 0.000000, 0.000000)</string>
						<string>(0.000000, 0.000000, 0.000000)</string>
						<string>(0.000000, 0.000000, 0.000000)</string>
						<string>(0.000000, 0.000000, 0.000000)</string>
						<string>(0.000000, 0.000000, 0.000000)</string>
						<string>(0.000000, 0.000000, 0.000000)</string>
						<string>(0.000000, 0.000000, 0.000000)</string>
						<string>(0.000000, 0.000000, 0.000000)</string>
						<string>(0.000000, 0.000000, 0.000000)</string>
						<string>(0.000000, 0.000000, 0.000000)</string>
						<string>(0.000000, 0.000000, 0.000000)</string>
						<string>(0.000000, 0.000000, 0.000000)</string>
						<string>(0.000000, 0.000000, 0.000000)</string>
						<string>(0.000000, 0.000000, 0.000000)</string>
						<string>(0.000000, 0.000000, 0.000000)</string>
						<string>(0.000000, 0.000000, 0.000000)</string>
						<string>(0.000000, 0.000000, 0.000000)</string>
						<string>(0.000000, 0.000000, 0.000000)</string>
						<string>(0.000000, 0.000000, 0.000000)</string>
						<string>(0.000000, 0.000000, 0.000000)</string>
						<string>(0.000000, 0.000000, 0.000000)</string>
						<string>(0.000000, 0.000000, 0.000000)</string>
						<string>(0.000000, 0.000000, 0.000000)</string>
						<string>(0.000000, 0.000000, 0.000000)</string>
						<string>(0.000000, 0.000000, 0.000000)</string>
						<string>(0.000000, 0.000000, 0.000000)</string>
						<string>(0.000000, 0.000000, 0.000000)</string>
						<string>(0.000000, 0.000000, 0.000000)</string>
						<string>(0.000000, 0.000000, 0.000000)</string>
						<string>(0.000000, 0.000000, 0.000000)</string>
						<string>(0.000000, 0.000000, 0.000000)</string>
						<string>(0.000000, 0.000000, 0.000000)</string>
						<string>(0.000000, 0.000000, 0.000000)</string>
						<string>(0.000000, 0.000000, 0.000000)</string>
						<string>(0.000000, 0.000000, 0.000000)</string>
						<string>(0.000000, 0.000000, 0.000000)</string>
						<string>(0.000000, 0.000000, 0.000000)</string>
						<string>(0.000000, 0.000000, 0.000000)</string>
						<string>(0.000000, 0.000000, 0.000000)</string>
						<string>(0.000000, 0.000000, 0.000000)</string>
						<string>(0.000000, 0.000000, 0.000000)</string>
						<string>(0.000000, 0.000000, 0.000000)</string>
						<string>(0.000000, 0.000000, 0.000000)</string>
						<string>(0.000000, 0.000000, 0.000000)</string>
						<string>(0.000000, 0.000000, 0.000000)</string>
						<string>(0.000000, 0.000000, 0.000000)</string>
						<string>(0.000000, 0.000000, 0.000000)</string>
						<string>(0.000000, 0.000000, 0.000000)</string>
						<string>(0.000000, 0.000000, 0.000000)</string>
					</array>
					<key>Point_px</key>
					<array>
						<string>(1898.060059, 3327.169922)</string>
						<string>(1902.359985, 3331.320068)</string>
						<string>(1907.949951, 3332.560059)</string>
						<string>(1914.790039, 3333.179932)</string>
						<string>(1922.250000, 3335.669922)</string>
						<string>(1926.930054, 3339.540039)</string>
						<string>(1933.449951, 3341.270020)</string>
						<string>(1937.800049, 3340.649902)</string>
						<string>(1942.390015, 3342.629883)</string>
						<string>(1948.579956, 3342.629883)</string>
						<string>(1953.739990, 3341.600098)</string>
						<string>(1959.920044, 3339.540039)</string>
						<string>(1964.530029, 3335.050049)</string>
						<string>(1967.640015, 3328.830078)</string>
						<string>(1971.260010, 3324.070068)</string>
						<string>(1976.969971, 3321.989990)</string>
						<string>(1981.569946, 3323.040039)</string>
						<string>(1987.760010, 3318.919922)</string>
						<string>(1992.920044, 3313.760010)</string>
						<string>(1999.099976, 3309.639893)</string>
						<string>(2002.199951, 3304.479980)</string>
						<string>(2002.199951, 3299.330078)</string>
						<string>(2001.810059, 3294.699951)</string>
						<string>(1998.140015, 3291.770020)</string>
						<string>(2004.979980, 3306.929932)</string>
						<string>(1987.540039, 3285.310059)</string>
						<string>(1983.189941, 3282.820068)</string>
						<string>(1976.969971, 3280.330078)</string>
						<string>(1972.000000, 3277.229980)</string>
						<string>(1962.670044, 3275.979980)</string>
						<string>(1955.209961, 3273.500000)</string>
						<string>(1948.989990, 3267.899902)</string>
						<string>(1946.500000, 3264.169922)</string>
						<string>(1945.880005, 3259.199951)</string>
						<string>(1940.290039, 3256.090088)</string>
						<string>(1935.310059, 3256.709961)</string>
						<string>(1929.089966, 3256.709961)</string>
						<string>(1925.359985, 3258.570068)</string>
						<string>(1919.770020, 3259.820068)</string>
						<string>(1913.550049, 3261.060059)</string>
						<string>(1907.949951, 3258.570068)</string>
						<string>(1901.739990, 3257.330078)</string>
						<string>(1894.969971, 3253.959961)</string>
						<string>(1889.810059, 3253.959961)</string>
						<string>(1883.619995, 3253.959961)</string>
						<string>(1877.439941, 3258.090088)</string>
						<string>(1873.770020, 3265.719971)</string>
						<string>(1869.369995, 3268.649902)</string>
						<string>(1869.369995, 3275.260010)</string>
						<string>(1858.839966, 3272.870117)</string>
						<string>(1852.619995, 3272.250000)</string>
						<string>(1847.640015, 3273.500000)</string>
						<string>(1842.670044, 3276.600098)</string>
						<string>(1842.050049, 3282.199951)</string>
						<string>(1841.430054, 3287.800049)</string>
						<string>(1840.319946, 3293.139893)</string>
						<string>(1845.479980, 3297.270020)</string>
						<string>(1849.599976, 3302.419922)</string>
						<string>(1855.790039, 3305.520020)</string>
						<string>(1860.939941, 3306.550049)</string>
						<string>(1866.099976, 3309.639893)</string>
						<string>(1871.250000, 3313.760010)</string>
						<string>(1877.439941, 3317.889893)</string>
						<string>(1883.619995, 3320.979980)</string>
						<string>(1889.810059, 3324.070068)</string>
					</array>
					<key>Total</key>
					<real>13681630</real>
					<key>Type</key>
					<integer>15</integer>
				</dict>
				<dict>
					<key>Area</key>
					<real>0.0</real>
					<key>Center</key>
					<string>(0.000000, 0.000000, 0.000000)</string>
					<key>Dev</key>
					<real>0.0</real>
					<key>IndexInImage</key>
					<integer>8</integer>
					<key>Max</key>
					<real>1536</real>
					<key>Mean</key>
					<real>1536</real>
					<key>Min</key>
					<real>1536</real>
					<key>Name</key>
					<string>Calcification</string>
					<key>NumberOfPoints</key>
					<integer>1</integer>
					<key>Point_mm</key>
					<array>
						<string>(0.000000, 0.000000, 0.000000)</string>
					</array>
					<key>Point_px</key>
					<array>
						<string>(1925.619995, 1010.159973)</string>
					</array>
					<key>Total</key>
					<real>1536</real>
					<key>Type</key>
					<integer>19</integer>
				</dict>
				<dict>
					<key>Area</key>
					<real>0.0</real>
					<key>Center</key>
					<string>(0.000000, 0.000000, 0.000000)</string>
					<key>Dev</key>
					<real>0.0</real>
					<key>IndexInImage</key>
					<integer>9</integer>
					<key>Max</key>
					<real>1599</real>
					<key>Mean</key>
					<real>1599</real>
					<key>Min</key>
					<real>1599</real>
					<key>Name</key>
					<string>Calcification</string>
					<key>NumberOfPoints</key>
					<integer>1</integer>
					<key>Point_mm</key>
					<array>
						<string>(0.000000, 0.000000, 0.000000)</string>
					</array>
					<key>Point_px</key>
					<array>
						<string>(1518.869995, 2636.280029)</string>
					</array>
					<key>Total</key>
					<real>1599</real>
					<key>Type</key>
					<integer>19</integer>
				</dict>
				<dict>
					<key>Area</key>
					<real>0.0</real>
					<key>Center</key>
					<string>(0.000000, 0.000000, 0.000000)</string>
					<key>Dev</key>
					<real>0.0</real>
					<key>IndexInImage</key>
					<integer>10</integer>
					<key>Max</key>
					<real>1531</real>
					<key>Mean</key>
					<real>1531</real>
					<key>Min</key>
					<real>1531</real>
					<key>Name</key>
					<string>Calcification</string>
					<key>NumberOfPoints</key>
					<integer>1</integer>
					<key>Point_mm</key>
					<array>
						<string>(0.000000, 0.000000, 0.000000)</string>
					</array>
					<key>Point_px</key>
					<array>
						<string>(1522.939941, 2650.520020)</string>
					</array>
					<key>Total</key>
					<real>1531</real>
					<key>Type</key>
					<integer>19</integer>
				</dict>
				<dict>
					<key>Area</key>
					<real>0.0</real>
					<key>Center</key>
					<string>(0.000000, 0.000000, 0.000000)</string>
					<key>Dev</key>
					<real>0.0</real>
					<key>IndexInImage</key>
					<integer>11</integer>
					<key>Max</key>
					<real>1315</real>
					<key>Mean</key>
					<real>1315</real>
					<key>Min</key>
					<real>1315</real>
					<key>Name</key>
					<string>Calcification</string>
					<key>NumberOfPoints</key>
					<integer>1</integer>
					<key>Point_mm</key>
					<array>
						<string>(0.000000, 0.000000, 0.000000)</string>
					</array>
					<key>Point_px</key>
					<array>
						<string>(2510.770020, 3736.350098)</string>
					</array>
					<key>Total</key>
					<real>1315</real>
					<key>Type</key>
					<integer>19</integer>
				</dict>
			</array>
		</dict>
	</array>
</dict>
</plist>
