<?xml version="1.0" encoding="UTF-8"?>
<!DOCTYPE plist PUBLIC "-//Apple//DTD PLIST 1.0//EN" "http://www.apple.com/DTDs/PropertyList-1.0.dtd">
<plist version="1.0">
<dict>
	<key>Images</key>
	<array>
		<dict>
			<key>ImageIndex</key>
			<integer>0</integer>
			<key>NumberOfROIs</key>
			<integer>41</integer>
			<key>ROIs</key>
			<array>
				<dict>
					<key>Area</key>
					<real>0.0</real>
					<key>Center</key>
					<string>(0.000000, 0.000000, 0.000000)</string>
					<key>Dev</key>
					<real>0.0</real>
					<key>IndexInImage</key>
					<integer>0</integer>
					<key>Max</key>
					<real>1342</real>
					<key>Mean</key>
					<real>1342</real>
					<key>Min</key>
					<real>1342</real>
					<key>Name</key>
					<string>Calcification</string>
					<key>NumberOfPoints</key>
					<integer>1</integer>
					<key>Point_mm</key>
					<array>
						<string>(0.000000, 0.000000, 0.000000)</string>
					</array>
					<key>Point_px</key>
					<array>
						<string>(499.471008, 2628.330078)</string>
					</array>
					<key>Total</key>
					<real>1342</real>
					<key>Type</key>
					<integer>19</integer>
				</dict>
				<dict>
					<key>Area</key>
					<real>0.0</real>
					<key>Center</key>
					<string>(0.000000, 0.000000, 0.000000)</string>
					<key>Dev</key>
					<real>0.0</real>
					<key>IndexInImage</key>
					<integer>1</integer>
					<key>Max</key>
					<real>2623</real>
					<key>Mean</key>
					<real>2623</real>
					<key>Min</key>
					<real>2623</real>
					<key>Name</key>
					<string>Calcification</string>
					<key>NumberOfPoints</key>
					<integer>1</integer>
					<key>Point_mm</key>
					<array>
						<string>(0.000000, 0.000000, 0.000000)</string>
					</array>
					<key>Point_px</key>
					<array>
						<string>(960.012024, 2194.290039)</string>
					</array>
					<key>Total</key>
					<real>2623</real>
					<key>Type</key>
					<integer>19</integer>
				</dict>
				<dict>
					<key>Area</key>
					<real>0.0</real>
					<key>Center</key>
					<string>(0.000000, 0.000000, 0.000000)</string>
					<key>Dev</key>
					<real>0.0</real>
					<key>IndexInImage</key>
					<integer>2</integer>
					<key>Max</key>
					<real>2923</real>
					<key>Mean</key>
					<real>2923</real>
					<key>Min</key>
					<real>2923</real>
					<key>Name</key>
					<string>Calcification</string>
					<key>NumberOfPoints</key>
					<integer>1</integer>
					<key>Point_mm</key>
					<array>
						<string>(0.000000, 0.000000, 0.000000)</string>
					</array>
					<key>Point_px</key>
					<array>
						<string>(846.231995, 2214.340088)</string>
					</array>
					<key>Total</key>
					<real>2923</real>
					<key>Type</key>
					<integer>19</integer>
				</dict>
				<dict>
					<key>Area</key>
					<real>0.0</real>
					<key>Center</key>
					<string>(0.000000, 0.000000, 0.000000)</string>
					<key>Dev</key>
					<real>0.0</real>
					<key>IndexInImage</key>
					<integer>3</integer>
					<key>Max</key>
					<real>2563</real>
					<key>Mean</key>
					<real>2563</real>
					<key>Min</key>
					<real>2563</real>
					<key>Name</key>
					<string>Calcification</string>
					<key>NumberOfPoints</key>
					<integer>1</integer>
					<key>Point_mm</key>
					<array>
						<string>(0.000000, 0.000000, 0.000000)</string>
					</array>
					<key>Point_px</key>
					<array>
						<string>(494.049011, 1944.479980)</string>
					</array>
					<key>Total</key>
					<real>2563</real>
					<key>Type</key>
					<integer>19</integer>
				</dict>
				<dict>
					<key>Area</key>
					<real>0.0</real>
					<key>Center</key>
					<string>(0.000000, 0.000000, 0.000000)</string>
					<key>Dev</key>
					<real>0.0</real>
					<key>IndexInImage</key>
					<integer>4</integer>
					<key>Max</key>
					<real>2692</real>
					<key>Mean</key>
					<real>2692</real>
					<key>Min</key>
					<real>2692</real>
					<key>Name</key>
					<string>Calcification</string>
					<key>NumberOfPoints</key>
					<integer>1</integer>
					<key>Point_mm</key>
					<array>
						<string>(0.000000, 0.000000, 0.000000)</string>
					</array>
					<key>Point_px</key>
					<array>
						<string>(896.356018, 1936.729980)</string>
					</array>
					<key>Total</key>
					<real>2692</real>
					<key>Type</key>
					<integer>19</integer>
				</dict>
				<dict>
					<key>Area</key>
					<real>0.0</real>
					<key>Center</key>
					<string>(0.000000, 0.000000, 0.000000)</string>
					<key>Dev</key>
					<real>0.0</real>
					<key>IndexInImage</key>
					<integer>5</integer>
					<key>Max</key>
					<real>2681</real>
					<key>Mean</key>
					<real>2681</real>
					<key>Min</key>
					<real>2681</real>
					<key>Name</key>
					<string>Calcification</string>
					<key>NumberOfPoints</key>
					<integer>1</integer>
					<key>Point_mm</key>
					<array>
						<string>(0.000000, 0.000000, 0.000000)</string>
					</array>
					<key>Point_px</key>
					<array>
						<string>(683.648987, 1912.959839)</string>
					</array>
					<key>Total</key>
					<real>2681</real>
					<key>Type</key>
					<integer>19</integer>
				</dict>
				<dict>
					<key>Area</key>
					<real>0.0</real>
					<key>Center</key>
					<string>(0.000000, 0.000000, 0.000000)</string>
					<key>Dev</key>
					<real>0.0</real>
					<key>IndexInImage</key>
					<integer>6</integer>
					<key>Max</key>
					<real>3153</real>
					<key>Mean</key>
					<real>3153</real>
					<key>Min</key>
					<real>3153</real>
					<key>Name</key>
					<string>Calcification</string>
					<key>NumberOfPoints</key>
					<integer>1</integer>
					<key>Point_mm</key>
					<array>
						<string>(0.000000, 0.000000, 0.000000)</string>
					</array>
					<key>Point_px</key>
					<array>
						<string>(999.176025, 1921.310059)</string>
					</array>
					<key>Total</key>
					<real>3153</real>
					<key>Type</key>
					<integer>19</integer>
				</dict>
				<dict>
					<key>Area</key>
					<real>0.0</real>
					<key>Center</key>
					<string>(0.000000, 0.000000, 0.000000)</string>
					<key>Dev</key>
					<real>0.0</real>
					<key>IndexInImage</key>
					<integer>7</integer>
					<key>Max</key>
					<real>2796</real>
					<key>Mean</key>
					<real>2796</real>
					<key>Min</key>
					<real>2796</real>
					<key>Name</key>
					<string>Calcification</string>
					<key>NumberOfPoints</key>
					<integer>1</integer>
					<key>Point_mm</key>
					<array>
						<string>(0.000000, 0.000000, 0.000000)</string>
					</array>
					<key>Point_px</key>
					<array>
						<string>(826.953003, 2005.489990)</string>
					</array>
					<key>Total</key>
					<real>2796</real>
					<key>Type</key>
					<integer>19</integer>
				</dict>
				<dict>
					<key>Area</key>
					<real>0.0</real>
					<key>Center</key>
					<string>(0.000000, 0.000000, 0.000000)</string>
					<key>Dev</key>
					<real>0.0</real>
					<key>IndexInImage</key>
					<integer>8</integer>
					<key>Max</key>
					<real>2467</real>
					<key>Mean</key>
					<real>2467</real>
					<key>Min</key>
					<real>2467</real>
					<key>Name</key>
					<string>Calcification</string>
					<key>NumberOfPoints</key>
					<integer>1</integer>
					<key>Point_mm</key>
					<array>
						<string>(0.000000, 0.000000, 0.000000)</string>
					</array>
					<key>Point_px</key>
					<array>
						<string>(822.455017, 2088.389893)</string>
					</array>
					<key>Total</key>
					<real>2467</real>
					<key>Type</key>
					<integer>19</integer>
				</dict>
				<dict>
					<key>Area</key>
					<real>0.0</real>
					<key>Center</key>
					<string>(0.000000, 0.000000, 0.000000)</string>
					<key>Dev</key>
					<real>0.0</real>
					<key>IndexInImage</key>
					<integer>9</integer>
					<key>Max</key>
					<real>2204</real>
					<key>Mean</key>
					<real>2204</real>
					<key>Min</key>
					<real>2204</real>
					<key>Name</key>
					<string>Calcification</string>
					<key>NumberOfPoints</key>
					<integer>1</integer>
					<key>Point_mm</key>
					<array>
						<string>(0.000000, 0.000000, 0.000000)</string>
					</array>
					<key>Point_px</key>
					<array>
						<string>(575.669983, 1949.910034)</string>
					</array>
					<key>Total</key>
					<real>2204</real>
					<key>Type</key>
					<integer>19</integer>
				</dict>
				<dict>
					<key>Area</key>
					<real>0.0</real>
					<key>Center</key>
					<string>(0.000000, 0.000000, 0.000000)</string>
					<key>Dev</key>
					<real>0.0</real>
					<key>IndexInImage</key>
					<integer>10</integer>
					<key>Max</key>
					<real>1918</real>
					<key>Mean</key>
					<real>1918</real>
					<key>Min</key>
					<real>1918</real>
					<key>Name</key>
					<string>Calcification</string>
					<key>NumberOfPoints</key>
					<integer>1</integer>
					<key>Point_mm</key>
					<array>
						<string>(0.000000, 0.000000, 0.000000)</string>
					</array>
					<key>Point_px</key>
					<array>
						<string>(579.994995, 1950.569946)</string>
					</array>
					<key>Total</key>
					<real>1918</real>
					<key>Type</key>
					<integer>19</integer>
				</dict>
				<dict>
					<key>Area</key>
					<real>0.0</real>
					<key>Center</key>
					<string>(0.000000, 0.000000, 0.000000)</string>
					<key>Dev</key>
					<real>0.0</real>
					<key>IndexInImage</key>
					<integer>11</integer>
					<key>Max</key>
					<real>2434</real>
					<key>Mean</key>
					<real>2434</real>
					<key>Min</key>
					<real>2434</real>
					<key>Name</key>
					<string>Calcification</string>
					<key>NumberOfPoints</key>
					<integer>1</integer>
					<key>Point_mm</key>
					<array>
						<string>(0.000000, 0.000000, 0.000000)</string>
					</array>
					<key>Point_px</key>
					<array>
						<string>(522.346008, 1972.780029)</string>
					</array>
					<key>Total</key>
					<real>2434</real>
					<key>Type</key>
					<integer>19</integer>
				</dict>
				<dict>
					<key>Area</key>
					<real>0.0</real>
					<key>Center</key>
					<string>(0.000000, 0.000000, 0.000000)</string>
					<key>Dev</key>
					<real>0.0</real>
					<key>IndexInImage</key>
					<integer>12</integer>
					<key>Max</key>
					<real>2541</real>
					<key>Mean</key>
					<real>2541</real>
					<key>Min</key>
					<real>2541</real>
					<key>Name</key>
					<string>Calcification</string>
					<key>NumberOfPoints</key>
					<integer>1</integer>
					<key>Point_mm</key>
					<array>
						<string>(0.000000, 0.000000, 0.000000)</string>
					</array>
					<key>Point_px</key>
					<array>
						<string>(688.789978, 2098.669922)</string>
					</array>
					<key>Total</key>
					<real>2541</real>
					<key>Type</key>
					<integer>19</integer>
				</dict>
				<dict>
					<key>Area</key>
					<real>0.0</real>
					<key>Center</key>
					<string>(0.000000, 0.000000, 0.000000)</string>
					<key>Dev</key>
					<real>0.0</real>
					<key>IndexInImage</key>
					<integer>13</integer>
					<key>Max</key>
					<real>2303</real>
					<key>Mean</key>
					<real>2303</real>
					<key>Min</key>
					<real>2303</real>
					<key>Name</key>
					<string>Calcification</string>
					<key>NumberOfPoints</key>
					<integer>1</integer>
					<key>Point_mm</key>
					<array>
						<string>(0.000000, 0.000000, 0.000000)</string>
					</array>
					<key>Point_px</key>
					<array>
						<string>(736.987000, 2088.389893)</string>
					</array>
					<key>Total</key>
					<real>2303</real>
					<key>Type</key>
					<integer>19</integer>
				</dict>
				<dict>
					<key>Area</key>
					<real>0.0</real>
					<key>Center</key>
					<string>(0.000000, 0.000000, 0.000000)</string>
					<key>Dev</key>
					<real>0.0</real>
					<key>IndexInImage</key>
					<integer>14</integer>
					<key>Max</key>
					<real>2300</real>
					<key>Mean</key>
					<real>2300</real>
					<key>Min</key>
					<real>2300</real>
					<key>Name</key>
					<string>Calcification</string>
					<key>NumberOfPoints</key>
					<integer>1</integer>
					<key>Point_mm</key>
					<array>
						<string>(0.000000, 0.000000, 0.000000)</string>
					</array>
					<key>Point_px</key>
					<array>
						<string>(544.491028, 1262.780029)</string>
					</array>
					<key>Total</key>
					<real>2300</real>
					<key>Type</key>
					<integer>19</integer>
				</dict>
				<dict>
					<key>Area</key>
					<real>0.0</real>
					<key>Center</key>
					<string>(0.000000, 0.000000, 0.000000)</string>
					<key>Dev</key>
					<real>0.0</real>
					<key>IndexInImage</key>
					<integer>15</integer>
					<key>Max</key>
					<real>1989</real>
					<key>Mean</key>
					<real>1989</real>
					<key>Min</key>
					<real>1989</real>
					<key>Name</key>
					<string>Calcification</string>
					<key>NumberOfPoints</key>
					<integer>1</integer>
					<key>Point_mm</key>
					<array>
						<string>(0.000000, 0.000000, 0.000000)</string>
					</array>
					<key>Point_px</key>
					<array>
						<string>(604.156006, 1226.439941)</string>
					</array>
					<key>Total</key>
					<real>1989</real>
					<key>Type</key>
					<integer>19</integer>
				</dict>
				<dict>
					<key>Area</key>
					<real>0.0014814843889325857</real>
					<key>Center</key>
					<string>(0.000000, 0.000000, 0.000000)</string>
					<key>Dev</key>
					<real>339.53097534179688</real>
					<key>IndexInImage</key>
					<integer>16</integer>
					<key>Max</key>
					<real>2785</real>
					<key>Mean</key>
					<real>1881.75</real>
					<key>Min</key>
					<real>1254</real>
					<key>Name</key>
					<string>Calcification</string>
					<key>NumberOfPoints</key>
					<integer>6</integer>
					<key>Point_mm</key>
					<array>
						<string>(0.000000, 0.000000, 0.000000)</string>
						<string>(0.000000, 0.000000, 0.000000)</string>
						<string>(0.000000, 0.000000, 0.000000)</string>
						<string>(0.000000, 0.000000, 0.000000)</string>
						<string>(0.000000, 0.000000, 0.000000)</string>
						<string>(0.000000, 0.000000, 0.000000)</string>
					</array>
					<key>Point_px</key>
					<array>
						<string>(244.306000, 966.255981)</string>
						<string>(242.154999, 966.794006)</string>
						<string>(241.348007, 969.482971)</string>
						<string>(241.886002, 972.710022)</string>
						<string>(245.113007, 972.710022)</string>
						<string>(246.457993, 968.676025)</string>
					</array>
					<key>Total</key>
					<real>75270</real>
					<key>Type</key>
					<integer>15</integer>
				</dict>
				<dict>
					<key>Area</key>
					<real>0.0012253827881067991</real>
					<key>Center</key>
					<string>(0.000000, 0.000000, 0.000000)</string>
					<key>Dev</key>
					<real>369.436279296875</real>
					<key>IndexInImage</key>
					<integer>17</integer>
					<key>Max</key>
					<real>2828</real>
					<key>Mean</key>
					<real>2034.176513671875</real>
					<key>Min</key>
					<real>1306</real>
					<key>Name</key>
					<string>Calcification</string>
					<key>NumberOfPoints</key>
					<integer>6</integer>
					<key>Point_mm</key>
					<array>
						<string>(0.000000, 0.000000, 0.000000)</string>
						<string>(0.000000, 0.000000, 0.000000)</string>
						<string>(0.000000, 0.000000, 0.000000)</string>
						<string>(0.000000, 0.000000, 0.000000)</string>
						<string>(0.000000, 0.000000, 0.000000)</string>
						<string>(0.000000, 0.000000, 0.000000)</string>
					</array>
					<key>Point_px</key>
					<array>
						<string>(238.121002, 970.828003)</string>
						<string>(240.272995, 970.289978)</string>
						<string>(240.542007, 967.331970)</string>
						<string>(238.927994, 964.374023)</string>
						<string>(236.238998, 964.911987)</string>
						<string>(236.238998, 967.869995)</string>
					</array>
					<key>Total</key>
					<real>69162</real>
					<key>Type</key>
					<integer>15</integer>
				</dict>
				<dict>
					<key>Area</key>
					<real>0.0049593360163271427</real>
					<key>Center</key>
					<string>(0.000000, 0.000000, 0.000000)</string>
					<key>Dev</key>
					<real>229.88270568847656</real>
					<key>IndexInImage</key>
					<integer>18</integer>
					<key>Max</key>
					<real>2198</real>
					<key>Mean</key>
					<real>1669.365234375</real>
					<key>Min</key>
					<real>1202</real>
					<key>Name</key>
					<string>Calcification</string>
					<key>NumberOfPoints</key>
					<integer>12</integer>
					<key>Point_mm</key>
					<array>
						<string>(0.000000, 0.000000, 0.000000)</string>
						<string>(0.000000, 0.000000, 0.000000)</string>
						<string>(0.000000, 0.000000, 0.000000)</string>
						<string>(0.000000, 0.000000, 0.000000)</string>
						<string>(0.000000, 0.000000, 0.000000)</string>
						<string>(0.000000, 0.000000, 0.000000)</string>
						<string>(0.000000, 0.000000, 0.000000)</string>
						<string>(0.000000, 0.000000, 0.000000)</string>
						<string>(0.000000, 0.000000, 0.000000)</string>
						<string>(0.000000, 0.000000, 0.000000)</string>
						<string>(0.000000, 0.000000, 0.000000)</string>
						<string>(0.000000, 0.000000, 0.000000)</string>
					</array>
					<key>Point_px</key>
					<array>
						<string>(227.901993, 969.482971)</string>
						<string>(230.322998, 967.869995)</string>
						<string>(232.205002, 964.911987)</string>
						<string>(232.742996, 962.491028)</string>
						<string>(231.397995, 960.070984)</string>
						<string>(228.709000, 958.189026)</string>
						<string>(225.751007, 958.458008)</string>
						<string>(222.792999, 960.070984)</string>
						<string>(221.179993, 962.760010)</string>
						<string>(221.447998, 965.987000)</string>
						<string>(223.330994, 968.138977)</string>
						<string>(224.944000, 969.213989)</string>
					</array>
					<key>Total</key>
					<real>191977</real>
					<key>Type</key>
					<integer>15</integer>
				</dict>
				<dict>
					<key>Area</key>
					<real>0.0</real>
					<key>Center</key>
					<string>(0.000000, 0.000000, 0.000000)</string>
					<key>Dev</key>
					<real>0.0</real>
					<key>IndexInImage</key>
					<integer>19</integer>
					<key>Max</key>
					<real>1834</real>
					<key>Mean</key>
					<real>1834</real>
					<key>Min</key>
					<real>1834</real>
					<key>Name</key>
					<string>Calcification</string>
					<key>NumberOfPoints</key>
					<integer>1</integer>
					<key>Point_mm</key>
					<array>
						<string>(0.000000, 0.000000, 0.000000)</string>
					</array>
					<key>Point_px</key>
					<array>
						<string>(245.735840, 961.445679)</string>
					</array>
					<key>Total</key>
					<real>1834</real>
					<key>Type</key>
					<integer>19</integer>
				</dict>
				<dict>
					<key>Area</key>
					<real>0.0</real>
					<key>Center</key>
					<string>(0.000000, 0.000000, 0.000000)</string>
					<key>Dev</key>
					<real>0.0</real>
					<key>IndexInImage</key>
					<integer>20</integer>
					<key>Max</key>
					<real>1724</real>
					<key>Mean</key>
					<real>1724</real>
					<key>Min</key>
					<real>1724</real>
					<key>Name</key>
					<string>Calcification</string>
					<key>NumberOfPoints</key>
					<integer>1</integer>
					<key>Point_mm</key>
					<array>
						<string>(0.000000, 0.000000, 0.000000)</string>
					</array>
					<key>Point_px</key>
					<array>
						<string>(236.514771, 961.931030)</string>
					</array>
					<key>Total</key>
					<real>1724</real>
					<key>Type</key>
					<integer>19</integer>
				</dict>
				<dict>
					<key>Area</key>
					<real>0.0</real>
					<key>Center</key>
					<string>(0.000000, 0.000000, 0.000000)</string>
					<key>Dev</key>
					<real>0.0</real>
					<key>IndexInImage</key>
					<integer>21</integer>
					<key>Max</key>
					<real>2185</real>
					<key>Mean</key>
					<real>2185</real>
					<key>Min</key>
					<real>2185</real>
					<key>Name</key>
					<string>Calcification</string>
					<key>NumberOfPoints</key>
					<integer>1</integer>
					<key>Point_mm</key>
					<array>
						<string>(0.000000, 0.000000, 0.000000)</string>
					</array>
					<key>Point_px</key>
					<array>
						<string>(85.636002, 1002.979980)</string>
					</array>
					<key>Total</key>
					<real>2185</real>
					<key>Type</key>
					<integer>19</integer>
				</dict>
				<dict>
					<key>Area</key>
					<real>0.0</real>
					<key>Center</key>
					<string>(0.000000, 0.000000, 0.000000)</string>
					<key>Dev</key>
					<real>0.0</real>
					<key>IndexInImage</key>
					<integer>22</integer>
					<key>Max</key>
					<real>1774</real>
					<key>Mean</key>
					<real>1774</real>
					<key>Min</key>
					<real>1774</real>
					<key>Name</key>
					<string>Calcification</string>
					<key>NumberOfPoints</key>
					<integer>1</integer>
					<key>Point_mm</key>
					<array>
						<string>(0.000000, 0.000000, 0.000000)</string>
					</array>
					<key>Point_px</key>
					<array>
						<string>(98.723801, 1009.739990)</string>
					</array>
					<key>Total</key>
					<real>1774</real>
					<key>Type</key>
					<integer>19</integer>
				</dict>
				<dict>
					<key>Area</key>
					<real>0.0</real>
					<key>Center</key>
					<string>(0.000000, 0.000000, 0.000000)</string>
					<key>Dev</key>
					<real>0.0</real>
					<key>IndexInImage</key>
					<integer>23</integer>
					<key>Max</key>
					<real>1946</real>
					<key>Mean</key>
					<real>1946</real>
					<key>Min</key>
					<real>1946</real>
					<key>Name</key>
					<string>Calcification</string>
					<key>NumberOfPoints</key>
					<integer>1</integer>
					<key>Point_mm</key>
					<array>
						<string>(0.000000, 0.000000, 0.000000)</string>
					</array>
					<key>Point_px</key>
					<array>
						<string>(55.660900, 1252.069946)</string>
					</array>
					<key>Total</key>
					<real>1946</real>
					<key>Type</key>
					<integer>19</integer>
				</dict>
				<dict>
					<key>Area</key>
					<real>6.9615416526794434</real>
					<key>Center</key>
					<string>(0.000000, 0.000000, 0.000000)</string>
					<key>Dev</key>
					<real>416.30596923828125</real>
					<key>IndexInImage</key>
					<integer>24</integer>
					<key>Max</key>
					<real>3996</real>
					<key>Mean</key>
					<real>1550.8526611328125</real>
					<key>Min</key>
					<real>535</real>
					<key>Name</key>
					<string>Cluster</string>
					<key>NumberOfPoints</key>
					<integer>200</integer>
					<key>Point_mm</key>
					<array>
						<string>(0.000000, 0.000000, 0.000000)</string>
						<string>(0.000000, 0.000000, 0.000000)</string>
						<string>(0.000000, 0.000000, 0.000000)</string>
						<string>(0.000000, 0.000000, 0.000000)</string>
						<string>(0.000000, 0.000000, 0.000000)</string>
						<string>(0.000000, 0.000000, 0.000000)</string>
						<string>(0.000000, 0.000000, 0.000000)</string>
						<string>(0.000000, 0.000000, 0.000000)</string>
						<string>(0.000000, 0.000000, 0.000000)</string>
						<string>(0.000000, 0.000000, 0.000000)</string>
						<string>(0.000000, 0.000000, 0.000000)</string>
						<string>(0.000000, 0.000000, 0.000000)</string>
						<string>(0.000000, 0.000000, 0.000000)</string>
						<string>(0.000000, 0.000000, 0.000000)</string>
						<string>(0.000000, 0.000000, 0.000000)</string>
						<string>(0.000000, 0.000000, 0.000000)</string>
						<string>(0.000000, 0.000000, 0.000000)</string>
						<string>(0.000000, 0.000000, 0.000000)</string>
						<string>(0.000000, 0.000000, 0.000000)</string>
						<string>(0.000000, 0.000000, 0.000000)</string>
						<string>(0.000000, 0.000000, 0.000000)</string>
						<string>(0.000000, 0.000000, 0.000000)</string>
						<string>(0.000000, 0.000000, 0.000000)</string>
						<string>(0.000000, 0.000000, 0.000000)</string>
						<string>(0.000000, 0.000000, 0.000000)</string>
						<string>(0.000000, 0.000000, 0.000000)</string>
						<string>(0.000000, 0.000000, 0.000000)</string>
						<string>(0.000000, 0.000000, 0.000000)</string>
						<string>(0.000000, 0.000000, 0.000000)</string>
						<string>(0.000000, 0.000000, 0.000000)</string>
						<string>(0.000000, 0.000000, 0.000000)</string>
						<string>(0.000000, 0.000000, 0.000000)</string>
						<string>(0.000000, 0.000000, 0.000000)</string>
						<string>(0.000000, 0.000000, 0.000000)</string>
						<string>(0.000000, 0.000000, 0.000000)</string>
						<string>(0.000000, 0.000000, 0.000000)</string>
						<string>(0.000000, 0.000000, 0.000000)</string>
						<string>(0.000000, 0.000000, 0.000000)</string>
						<string>(0.000000, 0.000000, 0.000000)</string>
						<string>(0.000000, 0.000000, 0.000000)</string>
						<string>(0.000000, 0.000000, 0.000000)</string>
						<string>(0.000000, 0.000000, 0.000000)</string>
						<string>(0.000000, 0.000000, 0.000000)</string>
						<string>(0.000000, 0.000000, 0.000000)</string>
						<string>(0.000000, 0.000000, 0.000000)</string>
						<string>(0.000000, 0.000000, 0.000000)</string>
						<string>(0.000000, 0.000000, 0.000000)</string>
						<string>(0.000000, 0.000000, 0.000000)</string>
						<string>(0.000000, 0.000000, 0.000000)</string>
						<string>(0.000000, 0.000000, 0.000000)</string>
						<string>(0.000000, 0.000000, 0.000000)</string>
						<string>(0.000000, 0.000000, 0.000000)</string>
						<string>(0.000000, 0.000000, 0.000000)</string>
						<string>(0.000000, 0.000000, 0.000000)</string>
						<string>(0.000000, 0.000000, 0.000000)</string>
						<string>(0.000000, 0.000000, 0.000000)</string>
						<string>(0.000000, 0.000000, 0.000000)</string>
						<string>(0.000000, 0.000000, 0.000000)</string>
						<string>(0.000000, 0.000000, 0.000000)</string>
						<string>(0.000000, 0.000000, 0.000000)</string>
						<string>(0.000000, 0.000000, 0.000000)</string>
						<string>(0.000000, 0.000000, 0.000000)</string>
						<string>(0.000000, 0.000000, 0.000000)</string>
						<string>(0.000000, 0.000000, 0.000000)</string>
						<string>(0.000000, 0.000000, 0.000000)</string>
						<string>(0.000000, 0.000000, 0.000000)</string>
						<string>(0.000000, 0.000000, 0.000000)</string>
						<string>(0.000000, 0.000000, 0.000000)</string>
						<string>(0.000000, 0.000000, 0.000000)</string>
						<string>(0.000000, 0.000000, 0.000000)</string>
						<string>(0.000000, 0.000000, 0.000000)</string>
						<string>(0.000000, 0.000000, 0.000000)</string>
						<string>(0.000000, 0.000000, 0.000000)</string>
						<string>(0.000000, 0.000000, 0.000000)</string>
						<string>(0.000000, 0.000000, 0.000000)</string>
						<string>(0.000000, 0.000000, 0.000000)</string>
						<string>(0.000000, 0.000000, 0.000000)</string>
						<string>(0.000000, 0.000000, 0.000000)</string>
						<string>(0.000000, 0.000000, 0.000000)</string>
						<string>(0.000000, 0.000000, 0.000000)</string>
						<string>(0.000000, 0.000000, 0.000000)</string>
						<string>(0.000000, 0.000000, 0.000000)</string>
						<string>(0.000000, 0.000000, 0.000000)</string>
						<string>(0.000000, 0.000000, 0.000000)</string>
						<string>(0.000000, 0.000000, 0.000000)</string>
						<string>(0.000000, 0.000000, 0.000000)</string>
						<string>(0.000000, 0.000000, 0.000000)</string>
						<string>(0.000000, 0.000000, 0.000000)</string>
						<string>(0.000000, 0.000000, 0.000000)</string>
						<string>(0.000000, 0.000000, 0.000000)</string>
						<string>(0.000000, 0.000000, 0.000000)</string>
						<string>(0.000000, 0.000000, 0.000000)</string>
						<string>(0.000000, 0.000000, 0.000000)</string>
						<string>(0.000000, 0.000000, 0.000000)</string>
						<string>(0.000000, 0.000000, 0.000000)</string>
						<string>(0.000000, 0.000000, 0.000000)</string>
						<string>(0.000000, 0.000000, 0.000000)</string>
						<string>(0.000000, 0.000000, 0.000000)</string>
						<string>(0.000000, 0.000000, 0.000000)</string>
						<string>(0.000000, 0.000000, 0.000000)</string>
						<string>(0.000000, 0.000000, 0.000000)</string>
						<string>(0.000000, 0.000000, 0.000000)</string>
						<string>(0.000000, 0.000000, 0.000000)</string>
						<string>(0.000000, 0.000000, 0.000000)</string>
						<string>(0.000000, 0.000000, 0.000000)</string>
						<string>(0.000000, 0.000000, 0.000000)</string>
						<string>(0.000000, 0.000000, 0.000000)</string>
						<string>(0.000000, 0.000000, 0.000000)</string>
						<string>(0.000000, 0.000000, 0.000000)</string>
						<string>(0.000000, 0.000000, 0.000000)</string>
						<string>(0.000000, 0.000000, 0.000000)</string>
						<string>(0.000000, 0.000000, 0.000000)</string>
						<string>(0.000000, 0.000000, 0.000000)</string>
						<string>(0.000000, 0.000000, 0.000000)</string>
						<string>(0.000000, 0.000000, 0.000000)</string>
						<string>(0.000000, 0.000000, 0.000000)</string>
						<string>(0.000000, 0.000000, 0.000000)</string>
						<string>(0.000000, 0.000000, 0.000000)</string>
						<string>(0.000000, 0.000000, 0.000000)</string>
						<string>(0.000000, 0.000000, 0.000000)</string>
						<string>(0.000000, 0.000000, 0.000000)</string>
						<string>(0.000000, 0.000000, 0.000000)</string>
						<string>(0.000000, 0.000000, 0.000000)</string>
						<string>(0.000000, 0.000000, 0.000000)</string>
						<string>(0.000000, 0.000000, 0.000000)</string>
						<string>(0.000000, 0.000000, 0.000000)</string>
						<string>(0.000000, 0.000000, 0.000000)</string>
						<string>(0.000000, 0.000000, 0.000000)</string>
						<string>(0.000000, 0.000000, 0.000000)</string>
						<string>(0.000000, 0.000000, 0.000000)</string>
						<string>(0.000000, 0.000000, 0.000000)</string>
						<string>(0.000000, 0.000000, 0.000000)</string>
						<string>(0.000000, 0.000000, 0.000000)</string>
						<string>(0.000000, 0.000000, 0.000000)</string>
						<string>(0.000000, 0.000000, 0.000000)</string>
						<string>(0.000000, 0.000000, 0.000000)</string>
						<string>(0.000000, 0.000000, 0.000000)</string>
						<string>(0.000000, 0.000000, 0.000000)</string>
						<string>(0.000000, 0.000000, 0.000000)</string>
						<string>(0.000000, 0.000000, 0.000000)</string>
						<string>(0.000000, 0.000000, 0.000000)</string>
						<string>(0.000000, 0.000000, 0.000000)</string>
						<string>(0.000000, 0.000000, 0.000000)</string>
						<string>(0.000000, 0.000000, 0.000000)</string>
						<string>(0.000000, 0.000000, 0.000000)</string>
						<string>(0.000000, 0.000000, 0.000000)</string>
						<string>(0.000000, 0.000000, 0.000000)</string>
						<string>(0.000000, 0.000000, 0.000000)</string>
						<string>(0.000000, 0.000000, 0.000000)</string>
						<string>(0.000000, 0.000000, 0.000000)</string>
						<string>(0.000000, 0.000000, 0.000000)</string>
						<string>(0.000000, 0.000000, 0.000000)</string>
						<string>(0.000000, 0.000000, 0.000000)</string>
						<string>(0.000000, 0.000000, 0.000000)</string>
						<string>(0.000000, 0.000000, 0.000000)</string>
						<string>(0.000000, 0.000000, 0.000000)</string>
						<string>(0.000000, 0.000000, 0.000000)</string>
						<string>(0.000000, 0.000000, 0.000000)</string>
						<string>(0.000000, 0.000000, 0.000000)</string>
						<string>(0.000000, 0.000000, 0.000000)</string>
						<string>(0.000000, 0.000000, 0.000000)</string>
						<string>(0.000000, 0.000000, 0.000000)</string>
						<string>(0.000000, 0.000000, 0.000000)</string>
						<string>(0.000000, 0.000000, 0.000000)</string>
						<string>(0.000000, 0.000000, 0.000000)</string>
						<string>(0.000000, 0.000000, 0.000000)</string>
						<string>(0.000000, 0.000000, 0.000000)</string>
						<string>(0.000000, 0.000000, 0.000000)</string>
						<string>(0.000000, 0.000000, 0.000000)</string>
						<string>(0.000000, 0.000000, 0.000000)</string>
						<string>(0.000000, 0.000000, 0.000000)</string>
						<string>(0.000000, 0.000000, 0.000000)</string>
						<string>(0.000000, 0.000000, 0.000000)</string>
						<string>(0.000000, 0.000000, 0.000000)</string>
						<string>(0.000000, 0.000000, 0.000000)</string>
						<string>(0.000000, 0.000000, 0.000000)</string>
						<string>(0.000000, 0.000000, 0.000000)</string>
						<string>(0.000000, 0.000000, 0.000000)</string>
						<string>(0.000000, 0.000000, 0.000000)</string>
						<string>(0.000000, 0.000000, 0.000000)</string>
						<string>(0.000000, 0.000000, 0.000000)</string>
						<string>(0.000000, 0.000000, 0.000000)</string>
						<string>(0.000000, 0.000000, 0.000000)</string>
						<string>(0.000000, 0.000000, 0.000000)</string>
						<string>(0.000000, 0.000000, 0.000000)</string>
						<string>(0.000000, 0.000000, 0.000000)</string>
						<string>(0.000000, 0.000000, 0.000000)</string>
						<string>(0.000000, 0.000000, 0.000000)</string>
						<string>(0.000000, 0.000000, 0.000000)</string>
						<string>(0.000000, 0.000000, 0.000000)</string>
						<string>(0.000000, 0.000000, 0.000000)</string>
						<string>(0.000000, 0.000000, 0.000000)</string>
						<string>(0.000000, 0.000000, 0.000000)</string>
						<string>(0.000000, 0.000000, 0.000000)</string>
						<string>(0.000000, 0.000000, 0.000000)</string>
						<string>(0.000000, 0.000000, 0.000000)</string>
						<string>(0.000000, 0.000000, 0.000000)</string>
						<string>(0.000000, 0.000000, 0.000000)</string>
						<string>(0.000000, 0.000000, 0.000000)</string>
						<string>(0.000000, 0.000000, 0.000000)</string>
					</array>
					<key>Point_px</key>
					<array>
						<string>(480.515015, 1899.670044)</string>
						<string>(480.401154, 1905.826538)</string>
						<string>(480.059692, 1911.976807)</string>
						<string>(479.490997, 1918.115112)</string>
						<string>(478.695618, 1924.235107)</string>
						<string>(477.674316, 1930.330933)</string>
						<string>(476.428101, 1936.396362)</string>
						<string>(474.958221, 1942.425659)</string>
						<string>(473.266144, 1948.412720)</string>
						<string>(471.353485, 1954.351685)</string>
						<string>(469.222168, 1960.236816)</string>
						<string>(466.874298, 1966.062012)</string>
						<string>(464.312195, 1971.821777)</string>
						<string>(461.538361, 1977.510254)</string>
						<string>(458.555542, 1983.121948)</string>
						<string>(455.366730, 1988.651245)</string>
						<string>(451.974976, 1994.092773)</string>
						<string>(448.383728, 1999.441162)</string>
						<string>(444.596466, 2004.691040)</string>
						<string>(440.616943, 2009.837280)</string>
						<string>(436.449097, 2014.874756)</string>
						<string>(432.097046, 2019.798584)</string>
						<string>(427.565063, 2024.603882)</string>
						<string>(422.857635, 2029.285889)</string>
						<string>(417.979401, 2033.839966)</string>
						<string>(412.935150, 2038.261597)</string>
						<string>(407.729919, 2042.546387)</string>
						<string>(402.368805, 2046.690308)</string>
						<string>(396.857117, 2050.689209)</string>
						<string>(391.200256, 2054.538818)</string>
						<string>(385.403870, 2058.235840)</string>
						<string>(379.473633, 2061.776123)</string>
						<string>(373.415375, 2065.156738)</string>
						<string>(367.235168, 2068.373779)</string>
						<string>(360.938995, 2071.424316)</string>
						<string>(354.533142, 2074.305420)</string>
						<string>(348.023926, 2077.014404)</string>
						<string>(341.417725, 2079.548096)</string>
						<string>(334.721100, 2081.904297)</string>
						<string>(327.940674, 2084.080811)</string>
						<string>(321.083099, 2086.075195)</string>
						<string>(314.155182, 2087.885742)</string>
						<string>(307.163727, 2089.510498)</string>
						<string>(300.115631, 2090.947754)</string>
						<string>(293.017883, 2092.196289)</string>
						<string>(285.877441, 2093.254883)</string>
						<string>(278.701385, 2094.122559)</string>
						<string>(271.496796, 2094.798096)</string>
						<string>(264.270782, 2095.281250)</string>
						<string>(257.030457, 2095.571289)</string>
						<string>(249.782990, 2095.667969)</string>
						<string>(242.535522, 2095.571289)</string>
						<string>(235.295227, 2095.281250)</string>
						<string>(228.069214, 2094.798096)</string>
						<string>(220.864624, 2094.122559)</string>
						<string>(213.688568, 2093.254883)</string>
						<string>(206.548141, 2092.196289)</string>
						<string>(199.450378, 2090.947754)</string>
						<string>(192.402283, 2089.510498)</string>
						<string>(185.410828, 2087.885742)</string>
						<string>(178.482880, 2086.075195)</string>
						<string>(171.625336, 2084.080811)</string>
						<string>(164.844894, 2081.904297)</string>
						<string>(158.148285, 2079.548096)</string>
						<string>(151.542084, 2077.014404)</string>
						<string>(145.032852, 2074.305420)</string>
						<string>(138.627045, 2071.424316)</string>
						<string>(132.330887, 2068.373779)</string>
						<string>(126.150635, 2065.156738)</string>
						<string>(120.092400, 2061.776123)</string>
						<string>(114.162155, 2058.235840)</string>
						<string>(108.365746, 2054.538818)</string>
						<string>(102.708900, 2050.689209)</string>
						<string>(97.197205, 2046.690308)</string>
						<string>(91.836090, 2042.546387)</string>
						<string>(86.630844, 2038.261597)</string>
						<string>(81.586617, 2033.839966)</string>
						<string>(76.708374, 2029.285889)</string>
						<string>(72.000938, 2024.603882)</string>
						<string>(67.468956, 2019.798584)</string>
						<string>(63.116890, 2014.874756)</string>
						<string>(58.949043, 2009.837280)</string>
						<string>(54.969528, 2004.691040)</string>
						<string>(51.182266, 1999.441162)</string>
						<string>(47.591030, 1994.092773)</string>
						<string>(44.199303, 1988.651245)</string>
						<string>(41.010464, 1983.121948)</string>
						<string>(38.027657, 1977.510254)</string>
						<string>(35.253826, 1971.821777)</string>
						<string>(32.691711, 1966.062012)</string>
						<string>(30.343842, 1960.236816)</string>
						<string>(28.212528, 1954.351807)</string>
						<string>(26.299881, 1948.412720)</string>
						<string>(24.607784, 1942.425659)</string>
						<string>(23.137907, 1936.396362)</string>
						<string>(21.891703, 1930.330933)</string>
						<string>(20.870399, 1924.235107)</string>
						<string>(20.075006, 1918.115112)</string>
						<string>(19.506306, 1911.976807)</string>
						<string>(19.164862, 1905.826416)</string>
						<string>(19.051010, 1899.670044)</string>
						<string>(19.164864, 1893.513550)</string>
						<string>(19.506310, 1887.363159)</string>
						<string>(20.075005, 1881.224976)</string>
						<string>(20.870398, 1875.104980)</string>
						<string>(21.891701, 1869.009277)</string>
						<string>(23.137905, 1862.943726)</string>
						<string>(24.607780, 1856.914429)</string>
						<string>(26.299877, 1850.927368)</string>
						<string>(28.212524, 1844.988403)</string>
						<string>(30.343836, 1839.103394)</string>
						<string>(32.691708, 1833.278076)</string>
						<string>(35.253822, 1827.518311)</string>
						<string>(38.027649, 1821.829834)</string>
						<string>(41.010456, 1816.218140)</string>
						<string>(44.199295, 1810.688843)</string>
						<string>(47.591022, 1805.247314)</string>
						<string>(51.182289, 1799.898926)</string>
						<string>(54.969547, 1794.649048)</string>
						<string>(58.949066, 1789.502808)</string>
						<string>(63.116913, 1784.465332)</string>
						<string>(67.468979, 1779.541504)</string>
						<string>(72.000931, 1774.736206)</string>
						<string>(76.708366, 1770.054199)</string>
						<string>(81.586609, 1765.500244)</string>
						<string>(86.630836, 1761.078491)</string>
						<string>(91.836075, 1756.793701)</string>
						<string>(97.197189, 1752.649780)</string>
						<string>(102.708931, 1748.651001)</string>
						<string>(108.365776, 1744.801270)</string>
						<string>(114.162186, 1741.104248)</string>
						<string>(120.092339, 1737.563965)</string>
						<string>(126.150574, 1734.183472)</string>
						<string>(132.330826, 1730.966309)</string>
						<string>(138.626984, 1727.915649)</string>
						<string>(145.032837, 1725.034546)</string>
						<string>(151.542068, 1722.325806)</string>
						<string>(158.148254, 1719.791992)</string>
						<string>(164.844864, 1717.435669)</string>
						<string>(171.625305, 1715.259277)</string>
						<string>(178.482864, 1713.264893)</string>
						<string>(185.410812, 1711.454346)</string>
						<string>(192.402267, 1709.829712)</string>
						<string>(199.450363, 1708.392334)</string>
						<string>(206.548126, 1707.143677)</string>
						<string>(213.688553, 1706.085083)</string>
						<string>(220.864609, 1705.217529)</string>
						<string>(228.069199, 1704.541870)</string>
						<string>(235.295227, 1704.058838)</string>
						<string>(242.535538, 1703.768799)</string>
						<string>(249.783005, 1703.671997)</string>
						<string>(257.030487, 1703.768799)</string>
						<string>(264.270782, 1704.058838)</string>
						<string>(271.496826, 1704.541870)</string>
						<string>(278.701416, 1705.217529)</string>
						<string>(285.877472, 1706.085083)</string>
						<string>(293.017883, 1707.143677)</string>
						<string>(300.115662, 1708.392334)</string>
						<string>(307.163757, 1709.829712)</string>
						<string>(314.155212, 1711.454468)</string>
						<string>(321.083130, 1713.264893)</string>
						<string>(327.940704, 1715.259277)</string>
						<string>(334.721161, 1717.435669)</string>
						<string>(341.417755, 1719.791992)</string>
						<string>(348.023956, 1722.325806)</string>
						<string>(354.533173, 1725.034546)</string>
						<string>(360.939026, 1727.915649)</string>
						<string>(367.235199, 1730.966309)</string>
						<string>(373.415344, 1734.183472)</string>
						<string>(379.473572, 1737.563843)</string>
						<string>(385.403839, 1741.104248)</string>
						<string>(391.200226, 1744.801270)</string>
						<string>(396.857086, 1748.651001)</string>
						<string>(402.368774, 1752.649780)</string>
						<string>(407.729889, 1756.793579)</string>
						<string>(412.935150, 1761.078491)</string>
						<string>(417.979370, 1765.500122)</string>
						<string>(422.857605, 1770.054199)</string>
						<string>(427.565033, 1774.736206)</string>
						<string>(432.097046, 1779.541504)</string>
						<string>(436.449097, 1784.465332)</string>
						<string>(440.616943, 1789.502808)</string>
						<string>(444.596466, 1794.649048)</string>
						<string>(448.383728, 1799.898926)</string>
						<string>(451.974976, 1805.247314)</string>
						<string>(455.366730, 1810.688843)</string>
						<string>(458.555542, 1816.218140)</string>
						<string>(461.538361, 1821.829834)</string>
						<string>(464.312195, 1827.518311)</string>
						<string>(466.874298, 1833.278076)</string>
						<string>(469.222168, 1839.103394)</string>
						<string>(471.353485, 1844.988403)</string>
						<string>(473.266144, 1850.927368)</string>
						<string>(474.958221, 1856.914429)</string>
						<string>(476.428101, 1862.943726)</string>
						<string>(477.674316, 1869.009277)</string>
						<string>(478.695618, 1875.104980)</string>
						<string>(479.490997, 1881.224976)</string>
						<string>(480.059692, 1887.363281)</string>
						<string>(480.401154, 1893.513672)</string>
					</array>
					<key>Total</key>
					<real>220878640</real>
					<key>Type</key>
					<integer>9</integer>
				</dict>
				<dict>
					<key>Area</key>
					<real>0.0</real>
					<key>Center</key>
					<string>(0.000000, 0.000000, 0.000000)</string>
					<key>Dev</key>
					<real>0.0</real>
					<key>IndexInImage</key>
					<integer>25</integer>
					<key>Max</key>
					<real>2626</real>
					<key>Mean</key>
					<real>2626</real>
					<key>Min</key>
					<real>2626</real>
					<key>Name</key>
					<string>Calcification</string>
					<key>NumberOfPoints</key>
					<integer>1</integer>
					<key>Point_mm</key>
					<array>
						<string>(0.000000, 0.000000, 0.000000)</string>
					</array>
					<key>Point_px</key>
					<array>
						<string>(932.140991, 1589.209961)</string>
					</array>
					<key>Total</key>
					<real>2626</real>
					<key>Type</key>
					<integer>19</integer>
				</dict>
				<dict>
					<key>Area</key>
					<real>0.0</real>
					<key>Center</key>
					<string>(0.000000, 0.000000, 0.000000)</string>
					<key>Dev</key>
					<real>0.0</real>
					<key>IndexInImage</key>
					<integer>26</integer>
					<key>Max</key>
					<real>3160</real>
					<key>Mean</key>
					<real>3160</real>
					<key>Min</key>
					<real>3160</real>
					<key>Name</key>
					<string>Calcification</string>
					<key>NumberOfPoints</key>
					<integer>1</integer>
					<key>Point_mm</key>
					<array>
						<string>(0.000000, 0.000000, 0.000000)</string>
					</array>
					<key>Point_px</key>
					<array>
						<string>(939.989990, 1587.250000)</string>
					</array>
					<key>Total</key>
					<real>3160</real>
					<key>Type</key>
					<integer>19</integer>
				</dict>
				<dict>
					<key>Area</key>
					<real>0.0</real>
					<key>Center</key>
					<string>(0.000000, 0.000000, 0.000000)</string>
					<key>Dev</key>
					<real>0.0</real>
					<key>IndexInImage</key>
					<integer>27</integer>
					<key>Max</key>
					<real>2820</real>
					<key>Mean</key>
					<real>2820</real>
					<key>Min</key>
					<real>2820</real>
					<key>Name</key>
					<string>Calcification</string>
					<key>NumberOfPoints</key>
					<integer>1</integer>
					<key>Point_mm</key>
					<array>
						<string>(0.000000, 0.000000, 0.000000)</string>
					</array>
					<key>Point_px</key>
					<array>
						<string>(222.628998, 1673.930054)</string>
					</array>
					<key>Total</key>
					<real>2820</real>
					<key>Type</key>
					<integer>19</integer>
				</dict>
				<dict>
					<key>Area</key>
					<real>0.0</real>
					<key>Center</key>
					<string>(0.000000, 0.000000, 0.000000)</string>
					<key>Dev</key>
					<real>0.0</real>
					<key>IndexInImage</key>
					<integer>28</integer>
					<key>Max</key>
					<real>2462</real>
					<key>Mean</key>
					<real>2462</real>
					<key>Min</key>
					<real>2462</real>
					<key>Name</key>
					<string>Calcification</string>
					<key>NumberOfPoints</key>
					<integer>1</integer>
					<key>Point_mm</key>
					<array>
						<string>(0.000000, 0.000000, 0.000000)</string>
					</array>
					<key>Point_px</key>
					<array>
						<string>(430.792999, 1725.650024)</string>
					</array>
					<key>Total</key>
					<real>2462</real>
					<key>Type</key>
					<integer>19</integer>
				</dict>
				<dict>
					<key>Area</key>
					<real>0.0</real>
					<key>Center</key>
					<string>(0.000000, 0.000000, 0.000000)</string>
					<key>Dev</key>
					<real>0.0</real>
					<key>IndexInImage</key>
					<integer>29</integer>
					<key>Max</key>
					<real>2377</real>
					<key>Mean</key>
					<real>2377</real>
					<key>Min</key>
					<real>2377</real>
					<key>Name</key>
					<string>Calcification</string>
					<key>NumberOfPoints</key>
					<integer>1</integer>
					<key>Point_mm</key>
					<array>
						<string>(0.000000, 0.000000, 0.000000)</string>
					</array>
					<key>Point_px</key>
					<array>
						<string>(431.290009, 1713.219971)</string>
					</array>
					<key>Total</key>
					<real>2377</real>
					<key>Type</key>
					<integer>19</integer>
				</dict>
				<dict>
					<key>Area</key>
					<real>0.0</real>
					<key>Center</key>
					<string>(0.000000, 0.000000, 0.000000)</string>
					<key>Dev</key>
					<real>0.0</real>
					<key>IndexInImage</key>
					<integer>30</integer>
					<key>Max</key>
					<real>1202</real>
					<key>Mean</key>
					<real>1202</real>
					<key>Min</key>
					<real>1202</real>
					<key>Name</key>
					<string>Calcification</string>
					<key>NumberOfPoints</key>
					<integer>1</integer>
					<key>Point_mm</key>
					<array>
						<string>(0.000000, 0.000000, 0.000000)</string>
					</array>
					<key>Point_px</key>
					<array>
						<string>(39.623798, 1506.709961)</string>
					</array>
					<key>Total</key>
					<real>1202</real>
					<key>Type</key>
					<integer>19</integer>
				</dict>
				<dict>
					<key>Area</key>
					<real>0.0</real>
					<key>Center</key>
					<string>(0.000000, 0.000000, 0.000000)</string>
					<key>Dev</key>
					<real>0.0</real>
					<key>IndexInImage</key>
					<integer>31</integer>
					<key>Max</key>
					<real>3040</real>
					<key>Mean</key>
					<real>3040</real>
					<key>Min</key>
					<real>3040</real>
					<key>Name</key>
					<string>Calcification</string>
					<key>NumberOfPoints</key>
					<integer>1</integer>
					<key>Point_mm</key>
					<array>
						<string>(0.000000, 0.000000, 0.000000)</string>
					</array>
					<key>Point_px</key>
					<array>
						<string>(263.604004, 1603.540039)</string>
					</array>
					<key>Total</key>
					<real>3040</real>
					<key>Type</key>
					<integer>19</integer>
				</dict>
				<dict>
					<key>Area</key>
					<real>0.0</real>
					<key>Center</key>
					<string>(0.000000, 0.000000, 0.000000)</string>
					<key>Dev</key>
					<real>0.0</real>
					<key>IndexInImage</key>
					<integer>32</integer>
					<key>Max</key>
					<real>2774</real>
					<key>Mean</key>
					<real>2774</real>
					<key>Min</key>
					<real>2774</real>
					<key>Name</key>
					<string>Calcification</string>
					<key>NumberOfPoints</key>
					<integer>1</integer>
					<key>Point_mm</key>
					<array>
						<string>(0.000000, 0.000000, 0.000000)</string>
					</array>
					<key>Point_px</key>
					<array>
						<string>(243.641998, 1594.609985)</string>
					</array>
					<key>Total</key>
					<real>2774</real>
					<key>Type</key>
					<integer>19</integer>
				</dict>
				<dict>
					<key>Area</key>
					<real>0.0</real>
					<key>Center</key>
					<string>(0.000000, 0.000000, 0.000000)</string>
					<key>Dev</key>
					<real>0.0</real>
					<key>IndexInImage</key>
					<integer>33</integer>
					<key>Max</key>
					<real>3108</real>
					<key>Mean</key>
					<real>3108</real>
					<key>Min</key>
					<real>3108</real>
					<key>Name</key>
					<string>Calcification</string>
					<key>NumberOfPoints</key>
					<integer>1</integer>
					<key>Point_mm</key>
					<array>
						<string>(0.000000, 0.000000, 0.000000)</string>
					</array>
					<key>Point_px</key>
					<array>
						<string>(401.455994, 1517.810059)</string>
					</array>
					<key>Total</key>
					<real>3108</real>
					<key>Type</key>
					<integer>19</integer>
				</dict>
				<dict>
					<key>Area</key>
					<real>0.0</real>
					<key>Center</key>
					<string>(0.000000, 0.000000, 0.000000)</string>
					<key>Dev</key>
					<real>0.0</real>
					<key>IndexInImage</key>
					<integer>34</integer>
					<key>Max</key>
					<real>2136</real>
					<key>Mean</key>
					<real>2136</real>
					<key>Min</key>
					<real>2136</real>
					<key>Name</key>
					<string>Calcification</string>
					<key>NumberOfPoints</key>
					<integer>1</integer>
					<key>Point_mm</key>
					<array>
						<string>(0.000000, 0.000000, 0.000000)</string>
					</array>
					<key>Point_px</key>
					<array>
						<string>(558.581970, 1636.650024)</string>
					</array>
					<key>Total</key>
					<real>2136</real>
					<key>Type</key>
					<integer>19</integer>
				</dict>
				<dict>
					<key>Area</key>
					<real>0.0</real>
					<key>Center</key>
					<string>(0.000000, 0.000000, 0.000000)</string>
					<key>Dev</key>
					<real>0.0</real>
					<key>IndexInImage</key>
					<integer>35</integer>
					<key>Max</key>
					<real>3141</real>
					<key>Mean</key>
					<real>3141</real>
					<key>Min</key>
					<real>3141</real>
					<key>Name</key>
					<string>Calcification</string>
					<key>NumberOfPoints</key>
					<integer>1</integer>
					<key>Point_mm</key>
					<array>
						<string>(0.000000, 0.000000, 0.000000)</string>
					</array>
					<key>Point_px</key>
					<array>
						<string>(788.416992, 1602.459961)</string>
					</array>
					<key>Total</key>
					<real>3141</real>
					<key>Type</key>
					<integer>19</integer>
				</dict>
				<dict>
					<key>Area</key>
					<real>0.0</real>
					<key>Center</key>
					<string>(0.000000, 0.000000, 0.000000)</string>
					<key>Dev</key>
					<real>0.0</real>
					<key>IndexInImage</key>
					<integer>36</integer>
					<key>Max</key>
					<real>2166</real>
					<key>Mean</key>
					<real>2166</real>
					<key>Min</key>
					<real>2166</real>
					<key>Name</key>
					<string>Calcification</string>
					<key>NumberOfPoints</key>
					<integer>1</integer>
					<key>Point_mm</key>
					<array>
						<string>(0.000000, 0.000000, 0.000000)</string>
					</array>
					<key>Point_px</key>
					<array>
						<string>(769.776978, 1587.250000)</string>
					</array>
					<key>Total</key>
					<real>2166</real>
					<key>Type</key>
					<integer>19</integer>
				</dict>
				<dict>
					<key>Area</key>
					<real>0.0</real>
					<key>Center</key>
					<string>(0.000000, 0.000000, 0.000000)</string>
					<key>Dev</key>
					<real>0.0</real>
					<key>IndexInImage</key>
					<integer>37</integer>
					<key>Max</key>
					<real>1815</real>
					<key>Mean</key>
					<real>1815</real>
					<key>Min</key>
					<real>1815</real>
					<key>Name</key>
					<string>Calcification</string>
					<key>NumberOfPoints</key>
					<integer>1</integer>
					<key>Point_mm</key>
					<array>
						<string>(0.000000, 0.000000, 0.000000)</string>
					</array>
					<key>Point_px</key>
					<array>
						<string>(442.863007, 2426.399902)</string>
					</array>
					<key>Total</key>
					<real>1815</real>
					<key>Type</key>
					<integer>19</integer>
				</dict>
				<dict>
					<key>Area</key>
					<real>0.0</real>
					<key>Center</key>
					<string>(0.000000, 0.000000, 0.000000)</string>
					<key>Dev</key>
					<real>0.0</real>
					<key>IndexInImage</key>
					<integer>38</integer>
					<key>Max</key>
					<real>1619</real>
					<key>Mean</key>
					<real>1619</real>
					<key>Min</key>
					<real>1619</real>
					<key>Name</key>
					<string>Calcification</string>
					<key>NumberOfPoints</key>
					<integer>1</integer>
					<key>Point_mm</key>
					<array>
						<string>(0.000000, 0.000000, 0.000000)</string>
					</array>
					<key>Point_px</key>
					<array>
						<string>(319.963989, 2426.399902)</string>
					</array>
					<key>Total</key>
					<real>1619</real>
					<key>Type</key>
					<integer>19</integer>
				</dict>
				<dict>
					<key>Area</key>
					<real>0.0</real>
					<key>Center</key>
					<string>(0.000000, 0.000000, 0.000000)</string>
					<key>Dev</key>
					<real>0.0</real>
					<key>IndexInImage</key>
					<integer>39</integer>
					<key>Max</key>
					<real>2459</real>
					<key>Mean</key>
					<real>2459</real>
					<key>Min</key>
					<real>2459</real>
					<key>Name</key>
					<string>Calcification</string>
					<key>NumberOfPoints</key>
					<integer>1</integer>
					<key>Point_mm</key>
					<array>
						<string>(0.000000, 0.000000, 0.000000)</string>
					</array>
					<key>Point_px</key>
					<array>
						<string>(918.205017, 2251.620117)</string>
					</array>
					<key>Total</key>
					<real>2459</real>
					<key>Type</key>
					<integer>19</integer>
				</dict>
				<dict>
					<key>Area</key>
					<real>0.0</real>
					<key>Center</key>
					<string>(0.000000, 0.000000, 0.000000)</string>
					<key>Dev</key>
					<real>0.0</real>
					<key>IndexInImage</key>
					<integer>40</integer>
					<key>Max</key>
					<real>2209</real>
					<key>Mean</key>
					<real>2209</real>
					<key>Min</key>
					<real>2209</real>
					<key>Name</key>
					<string>Calcification</string>
					<key>NumberOfPoints</key>
					<integer>1</integer>
					<key>Point_mm</key>
					<array>
						<string>(0.000000, 0.000000, 0.000000)</string>
					</array>
					<key>Point_px</key>
					<array>
						<string>(462.940002, 2388.679932)</string>
					</array>
					<key>Total</key>
					<real>2209</real>
					<key>Type</key>
					<integer>19</integer>
				</dict>
			</array>
		</dict>
	</array>
</dict>
</plist>
