<?xml version="1.0" encoding="UTF-8"?>
<!DOCTYPE plist PUBLIC "-//Apple//DTD PLIST 1.0//EN" "http://www.apple.com/DTDs/PropertyList-1.0.dtd">
<plist version="1.0">
<dict>
	<key>Images</key>
	<array>
		<dict>
			<key>ImageIndex</key>
			<integer>0</integer>
			<key>NumberOfROIs</key>
			<integer>12</integer>
			<key>ROIs</key>
			<array>
				<dict>
					<key>Area</key>
					<real>0.0</real>
					<key>Center</key>
					<string>(0.000000, 0.000000, 0.000000)</string>
					<key>Dev</key>
					<real>0.0</real>
					<key>IndexInImage</key>
					<integer>0</integer>
					<key>Max</key>
					<real>1738</real>
					<key>Mean</key>
					<real>1738</real>
					<key>Min</key>
					<real>1738</real>
					<key>Name</key>
					<string>Calcification</string>
					<key>NumberOfPoints</key>
					<integer>1</integer>
					<key>Point_mm</key>
					<array>
						<string>(0.000000, 0.000000, 0.000000)</string>
					</array>
					<key>Point_px</key>
					<array>
						<string>(2760.280029, 1453.780029)</string>
					</array>
					<key>Total</key>
					<real>1738</real>
					<key>Type</key>
					<integer>19</integer>
				</dict>
				<dict>
					<key>Area</key>
					<real>0.0</real>
					<key>Center</key>
					<string>(0.000000, 0.000000, 0.000000)</string>
					<key>Dev</key>
					<real>0.0</real>
					<key>IndexInImage</key>
					<integer>1</integer>
					<key>Max</key>
					<real>1582</real>
					<key>Mean</key>
					<real>1582</real>
					<key>Min</key>
					<real>1582</real>
					<key>Name</key>
					<string>Calcification</string>
					<key>NumberOfPoints</key>
					<integer>1</integer>
					<key>Point_mm</key>
					<array>
						<string>(0.000000, 0.000000, 0.000000)</string>
					</array>
					<key>Point_px</key>
					<array>
						<string>(2695.169922, 1351.949951)</string>
					</array>
					<key>Total</key>
					<real>1582</real>
					<key>Type</key>
					<integer>19</integer>
				</dict>
				<dict>
					<key>Area</key>
					<real>0.0</real>
					<key>Center</key>
					<string>(0.000000, 0.000000, 0.000000)</string>
					<key>Dev</key>
					<real>0.0</real>
					<key>IndexInImage</key>
					<integer>2</integer>
					<key>Max</key>
					<real>1479</real>
					<key>Mean</key>
					<real>1479</real>
					<key>Min</key>
					<real>1479</real>
					<key>Name</key>
					<string>Calcification</string>
					<key>NumberOfPoints</key>
					<integer>1</integer>
					<key>Point_mm</key>
					<array>
						<string>(0.000000, 0.000000, 0.000000)</string>
					</array>
					<key>Point_px</key>
					<array>
						<string>(1649.280029, 2129.979980)</string>
					</array>
					<key>Total</key>
					<real>1479</real>
					<key>Type</key>
					<integer>19</integer>
				</dict>
				<dict>
					<key>Area</key>
					<real>0.0</real>
					<key>Center</key>
					<string>(0.000000, 0.000000, 0.000000)</string>
					<key>Dev</key>
					<real>0.0</real>
					<key>IndexInImage</key>
					<integer>3</integer>
					<key>Max</key>
					<real>1410</real>
					<key>Mean</key>
					<real>1410</real>
					<key>Min</key>
					<real>1410</real>
					<key>Name</key>
					<string>Calcification</string>
					<key>NumberOfPoints</key>
					<integer>1</integer>
					<key>Point_mm</key>
					<array>
						<string>(0.000000, 0.000000, 0.000000)</string>
					</array>
					<key>Point_px</key>
					<array>
						<string>(1648.560059, 2143.629883)</string>
					</array>
					<key>Total</key>
					<real>1410</real>
					<key>Type</key>
					<integer>19</integer>
				</dict>
				<dict>
					<key>Area</key>
					<real>0.0</real>
					<key>Center</key>
					<string>(0.000000, 0.000000, 0.000000)</string>
					<key>Dev</key>
					<real>0.0</real>
					<key>IndexInImage</key>
					<integer>4</integer>
					<key>Max</key>
					<real>1618</real>
					<key>Mean</key>
					<real>1618</real>
					<key>Min</key>
					<real>1618</real>
					<key>Name</key>
					<string>Calcification</string>
					<key>NumberOfPoints</key>
					<integer>1</integer>
					<key>Point_mm</key>
					<array>
						<string>(0.000000, 0.000000, 0.000000)</string>
					</array>
					<key>Point_px</key>
					<array>
						<string>(2473.610107, 1767.030029)</string>
					</array>
					<key>Total</key>
					<real>1618</real>
					<key>Type</key>
					<integer>19</integer>
				</dict>
				<dict>
					<key>Area</key>
					<real>0.0</real>
					<key>Center</key>
					<string>(0.000000, 0.000000, 0.000000)</string>
					<key>Dev</key>
					<real>0.0</real>
					<key>IndexInImage</key>
					<integer>5</integer>
					<key>Max</key>
					<real>1627</real>
					<key>Mean</key>
					<real>1627</real>
					<key>Min</key>
					<real>1627</real>
					<key>Name</key>
					<string>Calcification</string>
					<key>NumberOfPoints</key>
					<integer>1</integer>
					<key>Point_mm</key>
					<array>
						<string>(0.000000, 0.000000, 0.000000)</string>
					</array>
					<key>Point_px</key>
					<array>
						<string>(1904.739990, 1912.839966)</string>
					</array>
					<key>Total</key>
					<real>1627</real>
					<key>Type</key>
					<integer>19</integer>
				</dict>
				<dict>
					<key>Area</key>
					<real>0.50302177667617798</real>
					<key>Center</key>
					<string>(0.000000, 0.000000, 0.000000)</string>
					<key>Dev</key>
					<real>41.503894805908203</real>
					<key>IndexInImage</key>
					<integer>6</integer>
					<key>Max</key>
					<real>1784</real>
					<key>Mean</key>
					<real>1626.70361328125</real>
					<key>Min</key>
					<real>1474</real>
					<key>Name</key>
					<string>Mass</string>
					<key>NumberOfPoints</key>
					<integer>89</integer>
					<key>Point_mm</key>
					<array>
						<string>(0.000000, 0.000000, 0.000000)</string>
						<string>(0.000000, 0.000000, 0.000000)</string>
						<string>(0.000000, 0.000000, 0.000000)</string>
						<string>(0.000000, 0.000000, 0.000000)</string>
						<string>(0.000000, 0.000000, 0.000000)</string>
						<string>(0.000000, 0.000000, 0.000000)</string>
						<string>(0.000000, 0.000000, 0.000000)</string>
						<string>(0.000000, 0.000000, 0.000000)</string>
						<string>(0.000000, 0.000000, 0.000000)</string>
						<string>(0.000000, 0.000000, 0.000000)</string>
						<string>(0.000000, 0.000000, 0.000000)</string>
						<string>(0.000000, 0.000000, 0.000000)</string>
						<string>(0.000000, 0.000000, 0.000000)</string>
						<string>(0.000000, 0.000000, 0.000000)</string>
						<string>(0.000000, 0.000000, 0.000000)</string>
						<string>(0.000000, 0.000000, 0.000000)</string>
						<string>(0.000000, 0.000000, 0.000000)</string>
						<string>(0.000000, 0.000000, 0.000000)</string>
						<string>(0.000000, 0.000000, 0.000000)</string>
						<string>(0.000000, 0.000000, 0.000000)</string>
						<string>(0.000000, 0.000000, 0.000000)</string>
						<string>(0.000000, 0.000000, 0.000000)</string>
						<string>(0.000000, 0.000000, 0.000000)</string>
						<string>(0.000000, 0.000000, 0.000000)</string>
						<string>(0.000000, 0.000000, 0.000000)</string>
						<string>(0.000000, 0.000000, 0.000000)</string>
						<string>(0.000000, 0.000000, 0.000000)</string>
						<string>(0.000000, 0.000000, 0.000000)</string>
						<string>(0.000000, 0.000000, 0.000000)</string>
						<string>(0.000000, 0.000000, 0.000000)</string>
						<string>(0.000000, 0.000000, 0.000000)</string>
						<string>(0.000000, 0.000000, 0.000000)</string>
						<string>(0.000000, 0.000000, 0.000000)</string>
						<string>(0.000000, 0.000000, 0.000000)</string>
						<string>(0.000000, 0.000000, 0.000000)</string>
						<string>(0.000000, 0.000000, 0.000000)</string>
						<string>(0.000000, 0.000000, 0.000000)</string>
						<string>(0.000000, 0.000000, 0.000000)</string>
						<string>(0.000000, 0.000000, 0.000000)</string>
						<string>(0.000000, 0.000000, 0.000000)</string>
						<string>(0.000000, 0.000000, 0.000000)</string>
						<string>(0.000000, 0.000000, 0.000000)</string>
						<string>(0.000000, 0.000000, 0.000000)</string>
						<string>(0.000000, 0.000000, 0.000000)</string>
						<string>(0.000000, 0.000000, 0.000000)</string>
						<string>(0.000000, 0.000000, 0.000000)</string>
						<string>(0.000000, 0.000000, 0.000000)</string>
						<string>(0.000000, 0.000000, 0.000000)</string>
						<string>(0.000000, 0.000000, 0.000000)</string>
						<string>(0.000000, 0.000000, 0.000000)</string>
						<string>(0.000000, 0.000000, 0.000000)</string>
						<string>(0.000000, 0.000000, 0.000000)</string>
						<string>(0.000000, 0.000000, 0.000000)</string>
						<string>(0.000000, 0.000000, 0.000000)</string>
						<string>(0.000000, 0.000000, 0.000000)</string>
						<string>(0.000000, 0.000000, 0.000000)</string>
						<string>(0.000000, 0.000000, 0.000000)</string>
						<string>(0.000000, 0.000000, 0.000000)</string>
						<string>(0.000000, 0.000000, 0.000000)</string>
						<string>(0.000000, 0.000000, 0.000000)</string>
						<string>(0.000000, 0.000000, 0.000000)</string>
						<string>(0.000000, 0.000000, 0.000000)</string>
						<string>(0.000000, 0.000000, 0.000000)</string>
						<string>(0.000000, 0.000000, 0.000000)</string>
						<string>(0.000000, 0.000000, 0.000000)</string>
						<string>(0.000000, 0.000000, 0.000000)</string>
						<string>(0.000000, 0.000000, 0.000000)</string>
						<string>(0.000000, 0.000000, 0.000000)</string>
						<string>(0.000000, 0.000000, 0.000000)</string>
						<string>(0.000000, 0.000000, 0.000000)</string>
						<string>(0.000000, 0.000000, 0.000000)</string>
						<string>(0.000000, 0.000000, 0.000000)</string>
						<string>(0.000000, 0.000000, 0.000000)</string>
						<string>(0.000000, 0.000000, 0.000000)</string>
						<string>(0.000000, 0.000000, 0.000000)</string>
						<string>(0.000000, 0.000000, 0.000000)</string>
						<string>(0.000000, 0.000000, 0.000000)</string>
						<string>(0.000000, 0.000000, 0.000000)</string>
						<string>(0.000000, 0.000000, 0.000000)</string>
						<string>(0.000000, 0.000000, 0.000000)</string>
						<string>(0.000000, 0.000000, 0.000000)</string>
						<string>(0.000000, 0.000000, 0.000000)</string>
						<string>(0.000000, 0.000000, 0.000000)</string>
						<string>(0.000000, 0.000000, 0.000000)</string>
						<string>(0.000000, 0.000000, 0.000000)</string>
						<string>(0.000000, 0.000000, 0.000000)</string>
						<string>(0.000000, 0.000000, 0.000000)</string>
						<string>(0.000000, 0.000000, 0.000000)</string>
						<string>(0.000000, 0.000000, 0.000000)</string>
					</array>
					<key>Point_px</key>
					<array>
						<string>(1911.290039, 2657.469971)</string>
						<string>(1905.619995, 2656.209961)</string>
						<string>(1904.989990, 2662.510010)</string>
						<string>(1909.260010, 2668.159912)</string>
						<string>(1914.119995, 2675.449951)</string>
						<string>(1920.189941, 2680.300049)</string>
						<string>(1925.040039, 2687.590088)</string>
						<string>(1931.109985, 2692.439941)</string>
						<string>(1938.780029, 2697.090088)</string>
						<string>(1944.430054, 2699.919922)</string>
						<string>(1943.959961, 2706.989990)</string>
						<string>(1948.670044, 2712.169922)</string>
						<string>(1955.390015, 2714.290039)</string>
						<string>(1961.869995, 2717.830078)</string>
						<string>(1968.939941, 2721.129883)</string>
						<string>(1977.420044, 2725.840088)</string>
						<string>(1983.319946, 2724.000000)</string>
						<string>(1989.390015, 2725.219971)</string>
						<string>(1996.670044, 2726.429932)</string>
						<string>(2001.520020, 2719.149902)</string>
						<string>(2007.589966, 2717.929932)</string>
						<string>(2015.250000, 2724.250000)</string>
						<string>(2018.520020, 2728.860107)</string>
						<string>(2022.160034, 2736.139893)</string>
						<string>(2025.969971, 2742.810059)</string>
						<string>(2027.380005, 2746.100098)</string>
						<string>(2031.619995, 2746.100098)</string>
						<string>(2035.520020, 2742.209961)</string>
						<string>(2044.349976, 2739.979980)</string>
						<string>(2048.639893, 2736.850098)</string>
						<string>(2054.310059, 2734.330078)</string>
						<string>(2060.840088, 2737.149902)</string>
						<string>(2065.080078, 2741.860107)</string>
						<string>(2068.850098, 2743.280029)</string>
						<string>(2071.209961, 2739.979980)</string>
						<string>(2067.080078, 2733.719971)</string>
						<string>(2070.739990, 2727.719971)</string>
						<string>(2065.560059, 2721.129883)</string>
						<string>(2065.080078, 2713.590088)</string>
						<string>(2065.870117, 2707.010010)</string>
						<string>(2065.560059, 2700.860107)</string>
						<string>(2058.580078, 2698.510010)</string>
						<string>(2052.510010, 2698.510010)</string>
						<string>(2045.229980, 2698.510010)</string>
						<string>(2037.939941, 2697.300049)</string>
						<string>(2031.869995, 2691.229980)</string>
						<string>(2031.150024, 2682.949951)</string>
						<string>(2030.680054, 2676.350098)</string>
						<string>(2034.920044, 2673.050049)</string>
						<string>(2043.880005, 2672.110107)</string>
						<string>(2047.650024, 2664.570068)</string>
						<string>(2049.530029, 2658.439941)</string>
						<string>(2045.229980, 2651.169922)</string>
						<string>(2038.219971, 2652.790039)</string>
						<string>(2039.160034, 2659.860107)</string>
						<string>(2032.089966, 2662.689941)</string>
						<string>(2028.790039, 2656.090088)</string>
						<string>(2024.589966, 2646.310059)</string>
						<string>(2019.660034, 2647.389893)</string>
						<string>(2020.920044, 2655.580078)</string>
						<string>(2017.479980, 2666.929932)</string>
						<string>(2011.239990, 2664.520020)</string>
						<string>(2003.949951, 2664.520020)</string>
						<string>(1997.880005, 2659.659912)</string>
						<string>(1990.599976, 2653.590088)</string>
						<string>(1986.959961, 2646.310059)</string>
						<string>(1983.319946, 2639.030029)</string>
						<string>(1979.329956, 2632.260010)</string>
						<string>(1977.420044, 2624.510010)</string>
						<string>(1970.829956, 2621.679932)</string>
						<string>(1966.109985, 2617.909912)</string>
						<string>(1959.510010, 2618.850098)</string>
						<string>(1955.390015, 2616.510010)</string>
						<string>(1949.089966, 2608.949951)</string>
						<string>(1945.310059, 2612.100098)</string>
						<string>(1939.640015, 2611.469971)</string>
						<string>(1942.790039, 2619.659912)</string>
						<string>(1952.239990, 2627.850098)</string>
						<string>(1956.609985, 2634.169922)</string>
						<string>(1960.430054, 2641.090088)</string>
						<string>(1957.819946, 2647.520020)</string>
						<string>(1951.750000, 2647.520020)</string>
						<string>(1945.680054, 2642.669922)</string>
						<string>(1939.010010, 2641.090088)</string>
						<string>(1932.709961, 2640.459961)</string>
						<string>(1927.670044, 2641.719971)</string>
						<string>(1922.000000, 2645.500000)</string>
						<string>(1916.329956, 2649.280029)</string>
						<string>(1911.290039, 2651.169922)</string>
					</array>
					<key>Total</key>
					<real>16929104</real>
					<key>Type</key>
					<integer>15</integer>
				</dict>
				<dict>
					<key>Area</key>
					<real>0.0</real>
					<key>Center</key>
					<string>(0.000000, 0.000000, 0.000000)</string>
					<key>Dev</key>
					<real>0.0</real>
					<key>IndexInImage</key>
					<integer>7</integer>
					<key>Max</key>
					<real>1718</real>
					<key>Mean</key>
					<real>1718</real>
					<key>Min</key>
					<real>1718</real>
					<key>Name</key>
					<string>Calcification</string>
					<key>NumberOfPoints</key>
					<integer>1</integer>
					<key>Point_mm</key>
					<array>
						<string>(0.000000, 0.000000, 0.000000)</string>
					</array>
					<key>Point_px</key>
					<array>
						<string>(3146.260010, 2849.429932)</string>
					</array>
					<key>Total</key>
					<real>1718</real>
					<key>Type</key>
					<integer>19</integer>
				</dict>
				<dict>
					<key>Area</key>
					<real>0.0</real>
					<key>Center</key>
					<string>(0.000000, 0.000000, 0.000000)</string>
					<key>Dev</key>
					<real>0.0</real>
					<key>IndexInImage</key>
					<integer>8</integer>
					<key>Max</key>
					<real>1555</real>
					<key>Mean</key>
					<real>1555</real>
					<key>Min</key>
					<real>1555</real>
					<key>Name</key>
					<string>Calcification</string>
					<key>NumberOfPoints</key>
					<integer>1</integer>
					<key>Point_mm</key>
					<array>
						<string>(0.000000, 0.000000, 0.000000)</string>
					</array>
					<key>Point_px</key>
					<array>
						<string>(2519.790039, 2773.639893)</string>
					</array>
					<key>Total</key>
					<real>1555</real>
					<key>Type</key>
					<integer>19</integer>
				</dict>
				<dict>
					<key>Area</key>
					<real>0.0027562500908970833</real>
					<key>Center</key>
					<string>(0.000000, 0.000000, 0.000000)</string>
					<key>Dev</key>
					<real>50.521720886230469</real>
					<key>IndexInImage</key>
					<integer>9</integer>
					<key>Max</key>
					<real>1400</real>
					<key>Mean</key>
					<real>1313.8873291015625</real>
					<key>Min</key>
					<real>1206</real>
					<key>Name</key>
					<string>Calcification</string>
					<key>NumberOfPoints</key>
					<integer>3</integer>
					<key>Point_mm</key>
					<array>
						<string>(0.000000, 0.000000, 0.000000)</string>
						<string>(0.000000, 0.000000, 0.000000)</string>
						<string>(0.000000, 0.000000, 0.000000)</string>
					</array>
					<key>Point_px</key>
					<array>
						<string>(1784.069946, 2895.949951)</string>
						<string>(1790.550049, 2890.959961)</string>
						<string>(1790.550049, 2899.939941)</string>
					</array>
					<key>Total</key>
					<real>93286</real>
					<key>Type</key>
					<integer>15</integer>
				</dict>
				<dict>
					<key>Area</key>
					<real>0.0</real>
					<key>Center</key>
					<string>(0.000000, 0.000000, 0.000000)</string>
					<key>Dev</key>
					<real>0.0</real>
					<key>IndexInImage</key>
					<integer>10</integer>
					<key>Max</key>
					<real>1637</real>
					<key>Mean</key>
					<real>1637</real>
					<key>Min</key>
					<real>1637</real>
					<key>Name</key>
					<string>Calcification</string>
					<key>NumberOfPoints</key>
					<integer>1</integer>
					<key>Point_mm</key>
					<array>
						<string>(0.000000, 0.000000, 0.000000)</string>
					</array>
					<key>Point_px</key>
					<array>
						<string>(2936.669922, 1446.359985)</string>
					</array>
					<key>Total</key>
					<real>1637</real>
					<key>Type</key>
					<integer>19</integer>
				</dict>
				<dict>
					<key>Area</key>
					<real>0.0031604999676346779</real>
					<key>Center</key>
					<string>(0.000000, 0.000000, 0.000000)</string>
					<key>Dev</key>
					<real>139.48283386230469</real>
					<key>IndexInImage</key>
					<integer>11</integer>
					<key>Max</key>
					<real>1762</real>
					<key>Mean</key>
					<real>1502.62646484375</real>
					<key>Min</key>
					<real>1251</real>
					<key>Name</key>
					<string>Calcification</string>
					<key>NumberOfPoints</key>
					<integer>7</integer>
					<key>Point_mm</key>
					<array>
						<string>(0.000000, 0.000000, 0.000000)</string>
						<string>(0.000000, 0.000000, 0.000000)</string>
						<string>(0.000000, 0.000000, 0.000000)</string>
						<string>(0.000000, 0.000000, 0.000000)</string>
						<string>(0.000000, 0.000000, 0.000000)</string>
						<string>(0.000000, 0.000000, 0.000000)</string>
						<string>(0.000000, 0.000000, 0.000000)</string>
					</array>
					<key>Point_px</key>
					<array>
						<string>(3232.290039, 3690.399902)</string>
						<string>(3235.070068, 3687.879883)</string>
						<string>(3239.870117, 3688.889893)</string>
						<string>(3241.129883, 3691.919922)</string>
						<string>(3239.870117, 3695.699951)</string>
						<string>(3236.080078, 3696.209961)</string>
						<string>(3232.290039, 3694.439941)</string>
					</array>
					<key>Total</key>
					<real>124718</real>
					<key>Type</key>
					<integer>15</integer>
				</dict>
			</array>
		</dict>
	</array>
</dict>
</plist>
