<?xml version="1.0" encoding="UTF-8"?>
<!DOCTYPE plist PUBLIC "-//Apple//DTD PLIST 1.0//EN" "http://www.apple.com/DTDs/PropertyList-1.0.dtd">
<plist version="1.0">
<dict>
	<key>Images</key>
	<array>
		<dict>
			<key>ImageIndex</key>
			<integer>0</integer>
			<key>NumberOfROIs</key>
			<integer>4</integer>
			<key>ROIs</key>
			<array>
				<dict>
					<key>Area</key>
					<real>0.0069396249018609524</real>
					<key>Center</key>
					<string>(0.000000, 0.000000, 0.000000)</string>
					<key>Dev</key>
					<real>527.1881103515625</real>
					<key>IndexInImage</key>
					<integer>0</integer>
					<key>Max</key>
					<real>3498</real>
					<key>Mean</key>
					<real>2545.759033203125</real>
					<key>Min</key>
					<real>1572</real>
					<key>Name</key>
					<string>Calcification</string>
					<key>NumberOfPoints</key>
					<integer>6</integer>
					<key>Point_mm</key>
					<array>
						<string>(0.000000, 0.000000, 0.000000)</string>
						<string>(0.000000, 0.000000, 0.000000)</string>
						<string>(0.000000, 0.000000, 0.000000)</string>
						<string>(0.000000, 0.000000, 0.000000)</string>
						<string>(0.000000, 0.000000, 0.000000)</string>
						<string>(0.000000, 0.000000, 0.000000)</string>
					</array>
					<key>Point_px</key>
					<array>
						<string>(479.344727, 3092.087158)</string>
						<string>(485.158691, 3090.997070)</string>
						<string>(490.609375, 3096.084229)</string>
						<string>(491.336060, 3101.534912)</string>
						<string>(485.522095, 3104.441895)</string>
						<string>(478.981323, 3099.354492)</string>
					</array>
					<key>Total</key>
					<real>422596</real>
					<key>Type</key>
					<integer>15</integer>
				</dict>
				<dict>
					<key>Area</key>
					<real>0.012421499937772751</real>
					<key>Center</key>
					<string>(0.000000, 0.000000, 0.000000)</string>
					<key>Dev</key>
					<real>367.3607177734375</real>
					<key>IndexInImage</key>
					<integer>1</integer>
					<key>Max</key>
					<real>2445</real>
					<key>Mean</key>
					<real>1256.856689453125</real>
					<key>Min</key>
					<real>688</real>
					<key>Name</key>
					<string>Calcification</string>
					<key>NumberOfPoints</key>
					<integer>10</integer>
					<key>Point_mm</key>
					<array>
						<string>(0.000000, 0.000000, 0.000000)</string>
						<string>(0.000000, 0.000000, 0.000000)</string>
						<string>(0.000000, 0.000000, 0.000000)</string>
						<string>(0.000000, 0.000000, 0.000000)</string>
						<string>(0.000000, 0.000000, 0.000000)</string>
						<string>(0.000000, 0.000000, 0.000000)</string>
						<string>(0.000000, 0.000000, 0.000000)</string>
						<string>(0.000000, 0.000000, 0.000000)</string>
						<string>(0.000000, 0.000000, 0.000000)</string>
						<string>(0.000000, 0.000000, 0.000000)</string>
					</array>
					<key>Point_px</key>
					<array>
						<string>(1857.217651, 2502.267090)</string>
						<string>(1863.122925, 2499.642578)</string>
						<string>(1867.715942, 2500.955078)</string>
						<string>(1870.668579, 2505.547852)</string>
						<string>(1871.980835, 2511.453125)</string>
						<string>(1870.668579, 2516.702393)</string>
						<string>(1867.059814, 2518.998779)</string>
						<string>(1860.826416, 2518.342773)</string>
						<string>(1857.545776, 2514.077637)</string>
						<string>(1855.905396, 2508.828613)</string>
					</array>
					<key>Total</key>
					<real>350663</real>
					<key>Type</key>
					<integer>15</integer>
				</dict>
				<dict>
					<key>Area</key>
					<real>0.0</real>
					<key>Center</key>
					<string>(0.000000, 0.000000, 0.000000)</string>
					<key>Dev</key>
					<real>0.0</real>
					<key>IndexInImage</key>
					<integer>2</integer>
					<key>Max</key>
					<real>2033</real>
					<key>Mean</key>
					<real>2033</real>
					<key>Min</key>
					<real>2033</real>
					<key>Name</key>
					<string>Calcification</string>
					<key>NumberOfPoints</key>
					<integer>1</integer>
					<key>Point_mm</key>
					<array>
						<string>(0.000000, 0.000000, 0.000000)</string>
					</array>
					<key>Point_px</key>
					<array>
						<string>(1373.010498, 1320.518799)</string>
					</array>
					<key>Total</key>
					<real>2033</real>
					<key>Type</key>
					<integer>19</integer>
				</dict>
				<dict>
					<key>Area</key>
					<real>0.020996499806642532</real>
					<key>Center</key>
					<string>(0.000000, 0.000000, 0.000000)</string>
					<key>Dev</key>
					<real>737.35394287109375</real>
					<key>IndexInImage</key>
					<integer>3</integer>
					<key>Max</key>
					<real>3911</real>
					<key>Mean</key>
					<real>3059.993408203125</real>
					<key>Min</key>
					<real>1047</real>
					<key>Name</key>
					<string>Calcification</string>
					<key>NumberOfPoints</key>
					<integer>6</integer>
					<key>Point_mm</key>
					<array>
						<string>(0.000000, 0.000000, 0.000000)</string>
						<string>(0.000000, 0.000000, 0.000000)</string>
						<string>(0.000000, 0.000000, 0.000000)</string>
						<string>(0.000000, 0.000000, 0.000000)</string>
						<string>(0.000000, 0.000000, 0.000000)</string>
						<string>(0.000000, 0.000000, 0.000000)</string>
					</array>
					<key>Point_px</key>
					<array>
						<string>(1535.764160, 3123.166992)</string>
						<string>(1543.610229, 3114.607422)</string>
						<string>(1553.596191, 3116.034180)</string>
						<string>(1556.449219, 3126.020020)</string>
						<string>(1550.743042, 3136.719238)</string>
						<string>(1537.903931, 3136.719238)</string>
					</array>
					<key>Total</key>
					<real>1404537</real>
					<key>Type</key>
					<integer>15</integer>
				</dict>
			</array>
		</dict>
	</array>
</dict>
</plist>
