<?xml version="1.0" encoding="UTF-8"?>
<!DOCTYPE plist PUBLIC "-//Apple//DTD PLIST 1.0//EN" "http://www.apple.com/DTDs/PropertyList-1.0.dtd">
<plist version="1.0">
<dict>
	<key>Images</key>
	<array>
		<dict>
			<key>ImageIndex</key>
			<integer>0</integer>
			<key>NumberOfROIs</key>
			<integer>1</integer>
			<key>ROIs</key>
			<array>
				<dict>
					<key>Area</key>
					<real>24.317180633544922</real>
					<key>Center</key>
					<string>(0.000000, 0.000000, 0.000000)</string>
					<key>Dev</key>
					<real>141.83151245117188</real>
					<key>IndexInImage</key>
					<integer>0</integer>
					<key>Max</key>
					<real>2336</real>
					<key>Mean</key>
					<real>1779.9090576171875</real>
					<key>Min</key>
					<real>1113</real>
					<key>Name</key>
					<string>Mass</string>
					<key>NumberOfPoints</key>
					<integer>277</integer>
					<key>Point_mm</key>
					<array>
						<string>(0.000000, 0.000000, 0.000000)</string>
						<string>(0.000000, 0.000000, 0.000000)</string>
						<string>(0.000000, 0.000000, 0.000000)</string>
						<string>(0.000000, 0.000000, 0.000000)</string>
						<string>(0.000000, 0.000000, 0.000000)</string>
						<string>(0.000000, 0.000000, 0.000000)</string>
						<string>(0.000000, 0.000000, 0.000000)</string>
						<string>(0.000000, 0.000000, 0.000000)</string>
						<string>(0.000000, 0.000000, 0.000000)</string>
						<string>(0.000000, 0.000000, 0.000000)</string>
						<string>(0.000000, 0.000000, 0.000000)</string>
						<string>(0.000000, 0.000000, 0.000000)</string>
						<string>(0.000000, 0.000000, 0.000000)</string>
						<string>(0.000000, 0.000000, 0.000000)</string>
						<string>(0.000000, 0.000000, 0.000000)</string>
						<string>(0.000000, 0.000000, 0.000000)</string>
						<string>(0.000000, 0.000000, 0.000000)</string>
						<string>(0.000000, 0.000000, 0.000000)</string>
						<string>(0.000000, 0.000000, 0.000000)</string>
						<string>(0.000000, 0.000000, 0.000000)</string>
						<string>(0.000000, 0.000000, 0.000000)</string>
						<string>(0.000000, 0.000000, 0.000000)</string>
						<string>(0.000000, 0.000000, 0.000000)</string>
						<string>(0.000000, 0.000000, 0.000000)</string>
						<string>(0.000000, 0.000000, 0.000000)</string>
						<string>(0.000000, 0.000000, 0.000000)</string>
						<string>(0.000000, 0.000000, 0.000000)</string>
						<string>(0.000000, 0.000000, 0.000000)</string>
						<string>(0.000000, 0.000000, 0.000000)</string>
						<string>(0.000000, 0.000000, 0.000000)</string>
						<string>(0.000000, 0.000000, 0.000000)</string>
						<string>(0.000000, 0.000000, 0.000000)</string>
						<string>(0.000000, 0.000000, 0.000000)</string>
						<string>(0.000000, 0.000000, 0.000000)</string>
						<string>(0.000000, 0.000000, 0.000000)</string>
						<string>(0.000000, 0.000000, 0.000000)</string>
						<string>(0.000000, 0.000000, 0.000000)</string>
						<string>(0.000000, 0.000000, 0.000000)</string>
						<string>(0.000000, 0.000000, 0.000000)</string>
						<string>(0.000000, 0.000000, 0.000000)</string>
						<string>(0.000000, 0.000000, 0.000000)</string>
						<string>(0.000000, 0.000000, 0.000000)</string>
						<string>(0.000000, 0.000000, 0.000000)</string>
						<string>(0.000000, 0.000000, 0.000000)</string>
						<string>(0.000000, 0.000000, 0.000000)</string>
						<string>(0.000000, 0.000000, 0.000000)</string>
						<string>(0.000000, 0.000000, 0.000000)</string>
						<string>(0.000000, 0.000000, 0.000000)</string>
						<string>(0.000000, 0.000000, 0.000000)</string>
						<string>(0.000000, 0.000000, 0.000000)</string>
						<string>(0.000000, 0.000000, 0.000000)</string>
						<string>(0.000000, 0.000000, 0.000000)</string>
						<string>(0.000000, 0.000000, 0.000000)</string>
						<string>(0.000000, 0.000000, 0.000000)</string>
						<string>(0.000000, 0.000000, 0.000000)</string>
						<string>(0.000000, 0.000000, 0.000000)</string>
						<string>(0.000000, 0.000000, 0.000000)</string>
						<string>(0.000000, 0.000000, 0.000000)</string>
						<string>(0.000000, 0.000000, 0.000000)</string>
						<string>(0.000000, 0.000000, 0.000000)</string>
						<string>(0.000000, 0.000000, 0.000000)</string>
						<string>(0.000000, 0.000000, 0.000000)</string>
						<string>(0.000000, 0.000000, 0.000000)</string>
						<string>(0.000000, 0.000000, 0.000000)</string>
						<string>(0.000000, 0.000000, 0.000000)</string>
						<string>(0.000000, 0.000000, 0.000000)</string>
						<string>(0.000000, 0.000000, 0.000000)</string>
						<string>(0.000000, 0.000000, 0.000000)</string>
						<string>(0.000000, 0.000000, 0.000000)</string>
						<string>(0.000000, 0.000000, 0.000000)</string>
						<string>(0.000000, 0.000000, 0.000000)</string>
						<string>(0.000000, 0.000000, 0.000000)</string>
						<string>(0.000000, 0.000000, 0.000000)</string>
						<string>(0.000000, 0.000000, 0.000000)</string>
						<string>(0.000000, 0.000000, 0.000000)</string>
						<string>(0.000000, 0.000000, 0.000000)</string>
						<string>(0.000000, 0.000000, 0.000000)</string>
						<string>(0.000000, 0.000000, 0.000000)</string>
						<string>(0.000000, 0.000000, 0.000000)</string>
						<string>(0.000000, 0.000000, 0.000000)</string>
						<string>(0.000000, 0.000000, 0.000000)</string>
						<string>(0.000000, 0.000000, 0.000000)</string>
						<string>(0.000000, 0.000000, 0.000000)</string>
						<string>(0.000000, 0.000000, 0.000000)</string>
						<string>(0.000000, 0.000000, 0.000000)</string>
						<string>(0.000000, 0.000000, 0.000000)</string>
						<string>(0.000000, 0.000000, 0.000000)</string>
						<string>(0.000000, 0.000000, 0.000000)</string>
						<string>(0.000000, 0.000000, 0.000000)</string>
						<string>(0.000000, 0.000000, 0.000000)</string>
						<string>(0.000000, 0.000000, 0.000000)</string>
						<string>(0.000000, 0.000000, 0.000000)</string>
						<string>(0.000000, 0.000000, 0.000000)</string>
						<string>(0.000000, 0.000000, 0.000000)</string>
						<string>(0.000000, 0.000000, 0.000000)</string>
						<string>(0.000000, 0.000000, 0.000000)</string>
						<string>(0.000000, 0.000000, 0.000000)</string>
						<string>(0.000000, 0.000000, 0.000000)</string>
						<string>(0.000000, 0.000000, 0.000000)</string>
						<string>(0.000000, 0.000000, 0.000000)</string>
						<string>(0.000000, 0.000000, 0.000000)</string>
						<string>(0.000000, 0.000000, 0.000000)</string>
						<string>(0.000000, 0.000000, 0.000000)</string>
						<string>(0.000000, 0.000000, 0.000000)</string>
						<string>(0.000000, 0.000000, 0.000000)</string>
						<string>(0.000000, 0.000000, 0.000000)</string>
						<string>(0.000000, 0.000000, 0.000000)</string>
						<string>(0.000000, 0.000000, 0.000000)</string>
						<string>(0.000000, 0.000000, 0.000000)</string>
						<string>(0.000000, 0.000000, 0.000000)</string>
						<string>(0.000000, 0.000000, 0.000000)</string>
						<string>(0.000000, 0.000000, 0.000000)</string>
						<string>(0.000000, 0.000000, 0.000000)</string>
						<string>(0.000000, 0.000000, 0.000000)</string>
						<string>(0.000000, 0.000000, 0.000000)</string>
						<string>(0.000000, 0.000000, 0.000000)</string>
						<string>(0.000000, 0.000000, 0.000000)</string>
						<string>(0.000000, 0.000000, 0.000000)</string>
						<string>(0.000000, 0.000000, 0.000000)</string>
						<string>(0.000000, 0.000000, 0.000000)</string>
						<string>(0.000000, 0.000000, 0.000000)</string>
						<string>(0.000000, 0.000000, 0.000000)</string>
						<string>(0.000000, 0.000000, 0.000000)</string>
						<string>(0.000000, 0.000000, 0.000000)</string>
						<string>(0.000000, 0.000000, 0.000000)</string>
						<string>(0.000000, 0.000000, 0.000000)</string>
						<string>(0.000000, 0.000000, 0.000000)</string>
						<string>(0.000000, 0.000000, 0.000000)</string>
						<string>(0.000000, 0.000000, 0.000000)</string>
						<string>(0.000000, 0.000000, 0.000000)</string>
						<string>(0.000000, 0.000000, 0.000000)</string>
						<string>(0.000000, 0.000000, 0.000000)</string>
						<string>(0.000000, 0.000000, 0.000000)</string>
						<string>(0.000000, 0.000000, 0.000000)</string>
						<string>(0.000000, 0.000000, 0.000000)</string>
						<string>(0.000000, 0.000000, 0.000000)</string>
						<string>(0.000000, 0.000000, 0.000000)</string>
						<string>(0.000000, 0.000000, 0.000000)</string>
						<string>(0.000000, 0.000000, 0.000000)</string>
						<string>(0.000000, 0.000000, 0.000000)</string>
						<string>(0.000000, 0.000000, 0.000000)</string>
						<string>(0.000000, 0.000000, 0.000000)</string>
						<string>(0.000000, 0.000000, 0.000000)</string>
						<string>(0.000000, 0.000000, 0.000000)</string>
						<string>(0.000000, 0.000000, 0.000000)</string>
						<string>(0.000000, 0.000000, 0.000000)</string>
						<string>(0.000000, 0.000000, 0.000000)</string>
						<string>(0.000000, 0.000000, 0.000000)</string>
						<string>(0.000000, 0.000000, 0.000000)</string>
						<string>(0.000000, 0.000000, 0.000000)</string>
						<string>(0.000000, 0.000000, 0.000000)</string>
						<string>(0.000000, 0.000000, 0.000000)</string>
						<string>(0.000000, 0.000000, 0.000000)</string>
						<string>(0.000000, 0.000000, 0.000000)</string>
						<string>(0.000000, 0.000000, 0.000000)</string>
						<string>(0.000000, 0.000000, 0.000000)</string>
						<string>(0.000000, 0.000000, 0.000000)</string>
						<string>(0.000000, 0.000000, 0.000000)</string>
						<string>(0.000000, 0.000000, 0.000000)</string>
						<string>(0.000000, 0.000000, 0.000000)</string>
						<string>(0.000000, 0.000000, 0.000000)</string>
						<string>(0.000000, 0.000000, 0.000000)</string>
						<string>(0.000000, 0.000000, 0.000000)</string>
						<string>(0.000000, 0.000000, 0.000000)</string>
						<string>(0.000000, 0.000000, 0.000000)</string>
						<string>(0.000000, 0.000000, 0.000000)</string>
						<string>(0.000000, 0.000000, 0.000000)</string>
						<string>(0.000000, 0.000000, 0.000000)</string>
						<string>(0.000000, 0.000000, 0.000000)</string>
						<string>(0.000000, 0.000000, 0.000000)</string>
						<string>(0.000000, 0.000000, 0.000000)</string>
						<string>(0.000000, 0.000000, 0.000000)</string>
						<string>(0.000000, 0.000000, 0.000000)</string>
						<string>(0.000000, 0.000000, 0.000000)</string>
						<string>(0.000000, 0.000000, 0.000000)</string>
						<string>(0.000000, 0.000000, 0.000000)</string>
						<string>(0.000000, 0.000000, 0.000000)</string>
						<string>(0.000000, 0.000000, 0.000000)</string>
						<string>(0.000000, 0.000000, 0.000000)</string>
						<string>(0.000000, 0.000000, 0.000000)</string>
						<string>(0.000000, 0.000000, 0.000000)</string>
						<string>(0.000000, 0.000000, 0.000000)</string>
						<string>(0.000000, 0.000000, 0.000000)</string>
						<string>(0.000000, 0.000000, 0.000000)</string>
						<string>(0.000000, 0.000000, 0.000000)</string>
						<string>(0.000000, 0.000000, 0.000000)</string>
						<string>(0.000000, 0.000000, 0.000000)</string>
						<string>(0.000000, 0.000000, 0.000000)</string>
						<string>(0.000000, 0.000000, 0.000000)</string>
						<string>(0.000000, 0.000000, 0.000000)</string>
						<string>(0.000000, 0.000000, 0.000000)</string>
						<string>(0.000000, 0.000000, 0.000000)</string>
						<string>(0.000000, 0.000000, 0.000000)</string>
						<string>(0.000000, 0.000000, 0.000000)</string>
						<string>(0.000000, 0.000000, 0.000000)</string>
						<string>(0.000000, 0.000000, 0.000000)</string>
						<string>(0.000000, 0.000000, 0.000000)</string>
						<string>(0.000000, 0.000000, 0.000000)</string>
						<string>(0.000000, 0.000000, 0.000000)</string>
						<string>(0.000000, 0.000000, 0.000000)</string>
						<string>(0.000000, 0.000000, 0.000000)</string>
						<string>(0.000000, 0.000000, 0.000000)</string>
						<string>(0.000000, 0.000000, 0.000000)</string>
						<string>(0.000000, 0.000000, 0.000000)</string>
						<string>(0.000000, 0.000000, 0.000000)</string>
						<string>(0.000000, 0.000000, 0.000000)</string>
						<string>(0.000000, 0.000000, 0.000000)</string>
						<string>(0.000000, 0.000000, 0.000000)</string>
						<string>(0.000000, 0.000000, 0.000000)</string>
						<string>(0.000000, 0.000000, 0.000000)</string>
						<string>(0.000000, 0.000000, 0.000000)</string>
						<string>(0.000000, 0.000000, 0.000000)</string>
						<string>(0.000000, 0.000000, 0.000000)</string>
						<string>(0.000000, 0.000000, 0.000000)</string>
						<string>(0.000000, 0.000000, 0.000000)</string>
						<string>(0.000000, 0.000000, 0.000000)</string>
						<string>(0.000000, 0.000000, 0.000000)</string>
						<string>(0.000000, 0.000000, 0.000000)</string>
						<string>(0.000000, 0.000000, 0.000000)</string>
						<string>(0.000000, 0.000000, 0.000000)</string>
						<string>(0.000000, 0.000000, 0.000000)</string>
						<string>(0.000000, 0.000000, 0.000000)</string>
						<string>(0.000000, 0.000000, 0.000000)</string>
						<string>(0.000000, 0.000000, 0.000000)</string>
						<string>(0.000000, 0.000000, 0.000000)</string>
						<string>(0.000000, 0.000000, 0.000000)</string>
						<string>(0.000000, 0.000000, 0.000000)</string>
						<string>(0.000000, 0.000000, 0.000000)</string>
						<string>(0.000000, 0.000000, 0.000000)</string>
						<string>(0.000000, 0.000000, 0.000000)</string>
						<string>(0.000000, 0.000000, 0.000000)</string>
						<string>(0.000000, 0.000000, 0.000000)</string>
						<string>(0.000000, 0.000000, 0.000000)</string>
						<string>(0.000000, 0.000000, 0.000000)</string>
						<string>(0.000000, 0.000000, 0.000000)</string>
						<string>(0.000000, 0.000000, 0.000000)</string>
						<string>(0.000000, 0.000000, 0.000000)</string>
						<string>(0.000000, 0.000000, 0.000000)</string>
						<string>(0.000000, 0.000000, 0.000000)</string>
						<string>(0.000000, 0.000000, 0.000000)</string>
						<string>(0.000000, 0.000000, 0.000000)</string>
						<string>(0.000000, 0.000000, 0.000000)</string>
						<string>(0.000000, 0.000000, 0.000000)</string>
						<string>(0.000000, 0.000000, 0.000000)</string>
						<string>(0.000000, 0.000000, 0.000000)</string>
						<string>(0.000000, 0.000000, 0.000000)</string>
						<string>(0.000000, 0.000000, 0.000000)</string>
						<string>(0.000000, 0.000000, 0.000000)</string>
						<string>(0.000000, 0.000000, 0.000000)</string>
						<string>(0.000000, 0.000000, 0.000000)</string>
						<string>(0.000000, 0.000000, 0.000000)</string>
						<string>(0.000000, 0.000000, 0.000000)</string>
						<string>(0.000000, 0.000000, 0.000000)</string>
						<string>(0.000000, 0.000000, 0.000000)</string>
						<string>(0.000000, 0.000000, 0.000000)</string>
						<string>(0.000000, 0.000000, 0.000000)</string>
						<string>(0.000000, 0.000000, 0.000000)</string>
						<string>(0.000000, 0.000000, 0.000000)</string>
						<string>(0.000000, 0.000000, 0.000000)</string>
						<string>(0.000000, 0.000000, 0.000000)</string>
						<string>(0.000000, 0.000000, 0.000000)</string>
						<string>(0.000000, 0.000000, 0.000000)</string>
						<string>(0.000000, 0.000000, 0.000000)</string>
						<string>(0.000000, 0.000000, 0.000000)</string>
						<string>(0.000000, 0.000000, 0.000000)</string>
						<string>(0.000000, 0.000000, 0.000000)</string>
						<string>(0.000000, 0.000000, 0.000000)</string>
						<string>(0.000000, 0.000000, 0.000000)</string>
						<string>(0.000000, 0.000000, 0.000000)</string>
						<string>(0.000000, 0.000000, 0.000000)</string>
						<string>(0.000000, 0.000000, 0.000000)</string>
						<string>(0.000000, 0.000000, 0.000000)</string>
						<string>(0.000000, 0.000000, 0.000000)</string>
						<string>(0.000000, 0.000000, 0.000000)</string>
						<string>(0.000000, 0.000000, 0.000000)</string>
						<string>(0.000000, 0.000000, 0.000000)</string>
						<string>(0.000000, 0.000000, 0.000000)</string>
					</array>
					<key>Point_px</key>
					<array>
						<string>(438.513000, 1880.969971)</string>
						<string>(429.057007, 1879.079956)</string>
						<string>(417.709991, 1875.290039)</string>
						<string>(400.192993, 1873.579956)</string>
						<string>(385.787994, 1874.540039)</string>
						<string>(371.311005, 1874.530029)</string>
						<string>(364.408997, 1865.660034)</string>
						<string>(353.561005, 1862.699951)</string>
						<string>(343.700012, 1861.709961)</string>
						<string>(332.007996, 1864.939941)</string>
						<string>(321.260010, 1867.729980)</string>
						<string>(311.803986, 1867.729980)</string>
						<string>(300.457001, 1867.729980)</string>
						<string>(291.002014, 1867.729980)</string>
						<string>(281.545990, 1869.619995)</string>
						<string>(270.199005, 1871.510010)</string>
						<string>(260.743011, 1875.290039)</string>
						<string>(257.098999, 1880.300049)</string>
						<string>(251.337006, 1885.099976)</string>
						<string>(245.574997, 1890.869995)</string>
						<string>(237.891998, 1897.589966)</string>
						<string>(227.328003, 1902.390015)</string>
						<string>(217.246002, 1911.229980)</string>
						<string>(205.899002, 1920.680054)</string>
						<string>(196.442993, 1920.680054)</string>
						<string>(185.095993, 1926.359985)</string>
						<string>(173.748993, 1930.140015)</string>
						<string>(160.511002, 1935.810059)</string>
						<string>(149.164001, 1943.380005)</string>
						<string>(139.707993, 1950.939941)</string>
						<string>(126.470001, 1962.290039)</string>
						<string>(115.123001, 1969.849976)</string>
						<string>(107.557999, 1981.199951)</string>
						<string>(101.885002, 1992.550049)</string>
						<string>(98.102501, 2003.890015)</string>
						<string>(92.429001, 2015.239990)</string>
						<string>(88.646698, 2026.589966)</string>
						<string>(84.864304, 2037.930054)</string>
						<string>(81.082001, 2049.280029)</string>
						<string>(79.190804, 2060.629883)</string>
						<string>(77.299599, 2071.979980)</string>
						<string>(75.408401, 2081.429932)</string>
						<string>(73.517303, 2092.780029)</string>
						<string>(71.626198, 2104.129883)</string>
						<string>(67.843803, 2115.469971)</string>
						<string>(62.170300, 2126.820068)</string>
						<string>(56.496799, 2138.169922)</string>
						<string>(54.605701, 2149.510010)</string>
						<string>(52.714500, 2160.860107)</string>
						<string>(48.932098, 2172.209961)</string>
						<string>(47.041000, 2183.550049)</string>
						<string>(43.258701, 2194.899902)</string>
						<string>(57.830898, 2200.449951)</string>
						<string>(79.742302, 2193.709961)</string>
						<string>(98.282700, 2190.340088)</string>
						<string>(112.601997, 2194.030029)</string>
						<string>(121.879997, 2204.669922)</string>
						<string>(133.677994, 2220.679932)</string>
						<string>(147.162003, 2227.419922)</string>
						<string>(138.733994, 2243.429932)</string>
						<string>(133.677994, 2256.070068)</string>
						<string>(149.690002, 2262.820068)</string>
						<string>(164.016998, 2268.709961)</string>
						<string>(167.388000, 2281.360107)</string>
						<string>(150.533005, 2299.899902)</string>
						<string>(113.452003, 2315.070068)</string>
						<string>(91.499901, 2334.659912)</string>
						<string>(83.775597, 2373.280029)</string>
						<string>(75.349197, 2384.520020)</string>
						<string>(79.562500, 2405.580078)</string>
						<string>(48.932098, 2406.709961)</string>
						<string>(50.823200, 2418.060059)</string>
						<string>(56.496799, 2429.409912)</string>
						<string>(67.843803, 2438.860107)</string>
						<string>(71.626198, 2450.209961)</string>
						<string>(82.973099, 2457.770020)</string>
						<string>(94.320099, 2463.449951)</string>
						<string>(103.776001, 2471.010010)</string>
						<string>(115.123001, 2472.899902)</string>
						<string>(126.470001, 2472.899902)</string>
						<string>(137.817001, 2474.790039)</string>
						<string>(149.164001, 2476.689941)</string>
						<string>(160.511002, 2482.360107)</string>
						<string>(171.858002, 2486.139893)</string>
						<string>(183.205002, 2489.919922)</string>
						<string>(192.660995, 2495.600098)</string>
						<string>(204.007996, 2501.270020)</string>
						<string>(215.354996, 2510.729980)</string>
						<string>(217.246002, 2522.070068)</string>
						<string>(217.246002, 2533.419922)</string>
						<string>(205.899002, 2539.090088)</string>
						<string>(196.442993, 2542.879883)</string>
						<string>(185.095993, 2544.770020)</string>
						<string>(173.748993, 2544.770020)</string>
						<string>(162.401993, 2544.770020)</string>
						<string>(151.054993, 2535.310059)</string>
						<string>(139.707993, 2527.750000)</string>
						<string>(128.360992, 2523.959961)</string>
						<string>(122.688004, 2535.310059)</string>
						<string>(134.035004, 2542.879883)</string>
						<string>(145.382004, 2548.550049)</string>
						<string>(156.341995, 2558.879883)</string>
						<string>(164.292999, 2567.459961)</string>
						<string>(175.639999, 2573.139893)</string>
						<string>(186.987000, 2576.919922)</string>
						<string>(194.552002, 2588.260010)</string>
						<string>(205.899002, 2593.939941)</string>
						<string>(217.246002, 2599.610107)</string>
						<string>(226.701996, 2605.280029)</string>
						<string>(222.919006, 2614.739990)</string>
						<string>(209.681000, 2622.310059)</string>
						<string>(200.225006, 2627.979980)</string>
						<string>(190.770004, 2639.330078)</string>
						<string>(179.423004, 2641.219971)</string>
						<string>(173.748993, 2652.560059)</string>
						<string>(168.076004, 2663.909912)</string>
						<string>(179.423004, 2671.479980)</string>
						<string>(188.878998, 2671.479980)</string>
						<string>(200.225006, 2671.479980)</string>
						<string>(209.681000, 2671.479980)</string>
						<string>(221.028000, 2667.689941)</string>
						<string>(232.375000, 2662.020020)</string>
						<string>(243.722000, 2656.350098)</string>
						<string>(255.069000, 2650.669922)</string>
						<string>(266.415985, 2645.000000)</string>
						<string>(277.763000, 2639.330078)</string>
						<string>(289.109985, 2637.429932)</string>
						<string>(300.457001, 2637.429932)</string>
						<string>(311.803986, 2637.429932)</string>
						<string>(323.151001, 2639.330078)</string>
						<string>(332.606995, 2648.780029)</string>
						<string>(343.954010, 2654.459961)</string>
						<string>(355.300995, 2660.129883)</string>
						<string>(364.756989, 2665.800049)</string>
						<string>(376.104004, 2665.800049)</string>
						<string>(385.559998, 2667.689941)</string>
						<string>(395.015991, 2669.580078)</string>
						<string>(406.363007, 2679.040039)</string>
						<string>(417.709991, 2679.040039)</string>
						<string>(427.165985, 2667.689941)</string>
						<string>(432.838989, 2656.350098)</string>
						<string>(445.088989, 2657.320068)</string>
						<string>(457.726013, 2659.850098)</string>
						<string>(469.100006, 2656.060059)</string>
						<string>(485.529999, 2657.320068)</string>
						<string>(500.695007, 2653.530029)</string>
						<string>(500.489990, 2642.699951)</string>
						<string>(504.433990, 2631.850098)</string>
						<string>(512.322998, 2623.969971)</string>
						<string>(527.114990, 2618.050049)</string>
						<string>(539.934021, 2616.080078)</string>
						<string>(551.767029, 2615.090088)</string>
						<string>(566.557983, 2618.050049)</string>
						<string>(577.786011, 2624.459961)</string>
						<string>(595.479004, 2611.820068)</string>
						<string>(615.698975, 2601.709961)</string>
						<string>(634.656006, 2585.290039)</string>
						<string>(646.030029, 2573.909912)</string>
						<string>(656.140991, 2558.750000)</string>
						<string>(659.491028, 2543.909912)</string>
						<string>(656.609985, 2532.389893)</string>
						<string>(650.377014, 2525.360107)</string>
						<string>(646.046021, 2509.340088)</string>
						<string>(646.046021, 2498.770020)</string>
						<string>(652.809021, 2483.610107)</string>
						<string>(661.236023, 2475.189941)</string>
						<string>(670.507019, 2464.229980)</string>
						<string>(679.658997, 2455.560059)</string>
						<string>(691.182983, 2447.879883)</string>
						<string>(702.706970, 2444.989990)</string>
						<string>(715.192017, 2448.840088)</string>
						<string>(726.716003, 2452.679932)</string>
						<string>(738.241028, 2458.439941)</string>
						<string>(750.554993, 2463.449951)</string>
						<string>(760.010986, 2474.790039)</string>
						<string>(760.010986, 2476.689941)</string>
						<string>(764.171021, 2464.199951)</string>
						<string>(769.466980, 2455.879883)</string>
						<string>(780.814026, 2452.100098)</string>
						<string>(790.270020, 2457.770020)</string>
						<string>(800.289001, 2468.449951)</string>
						<string>(808.716980, 2476.870117)</string>
						<string>(808.716980, 2460.020020)</string>
						<string>(806.187988, 2452.429932)</string>
						<string>(805.466003, 2442.110107)</string>
						<string>(806.426025, 2433.469971)</string>
						<string>(806.426025, 2421.949951)</string>
						<string>(807.289978, 2408.600098)</string>
						<string>(811.072021, 2395.370117)</string>
						<string>(826.202026, 2406.709961)</string>
						<string>(841.960022, 2409.459961)</string>
						<string>(860.242981, 2408.600098)</string>
						<string>(865.968994, 2394.090088)</string>
						<string>(880.374023, 2390.250000)</string>
						<string>(889.018005, 2394.090088)</string>
						<string>(893.818970, 2383.530029)</string>
						<string>(898.620972, 2371.050049)</string>
						<string>(901.848999, 2359.429932)</string>
						<string>(913.195007, 2359.429932)</string>
						<string>(924.541992, 2359.429932)</string>
						<string>(935.890015, 2361.320068)</string>
						<string>(946.638977, 2361.439941)</string>
						<string>(945.344971, 2351.870117)</string>
						<string>(941.562988, 2340.520020)</string>
						<string>(939.671997, 2331.070068)</string>
						<string>(951.018982, 2325.389893)</string>
						<string>(960.474976, 2325.389893)</string>
						<string>(971.822021, 2321.610107)</string>
						<string>(977.494995, 2312.149902)</string>
						<string>(975.604004, 2298.919922)</string>
						<string>(964.257019, 2291.350098)</string>
						<string>(954.801025, 2281.899902)</string>
						<string>(941.562988, 2268.659912)</string>
						<string>(930.312988, 2255.800049)</string>
						<string>(920.710022, 2244.280029)</string>
						<string>(908.224976, 2238.520020)</string>
						<string>(895.739990, 2222.189941)</string>
						<string>(885.176025, 2213.550049)</string>
						<string>(869.698975, 2211.919922)</string>
						<string>(858.351990, 2215.699951)</string>
						<string>(847.005005, 2217.600098)</string>
						<string>(841.330994, 2208.139893)</string>
						<string>(839.440002, 2196.790039)</string>
						<string>(839.440002, 2185.449951)</string>
						<string>(837.549011, 2175.989990)</string>
						<string>(833.317017, 2164.570068)</string>
						<string>(829.474976, 2154.000000)</string>
						<string>(822.752991, 2143.439941)</string>
						<string>(818.911011, 2124.229980)</string>
						<string>(814.109009, 2108.870117)</string>
						<string>(809.307007, 2093.500000)</string>
						<string>(803.544983, 2073.330078)</string>
						<string>(802.585022, 2057.010010)</string>
						<string>(797.783020, 2039.719971)</string>
						<string>(793.942017, 2024.359985)</string>
						<string>(783.377991, 2009.949951)</string>
						<string>(777.031006, 2000.109985)</string>
						<string>(765.684021, 1996.329956)</string>
						<string>(754.336975, 1996.329956)</string>
						<string>(746.773010, 2005.780029)</string>
						<string>(735.426025, 2015.239990)</string>
						<string>(729.752014, 2026.589966)</string>
						<string>(727.861023, 2037.930054)</string>
						<string>(727.861023, 2049.280029)</string>
						<string>(716.513977, 2047.390015)</string>
						<string>(708.948975, 2036.040039)</string>
						<string>(708.948975, 2024.699951)</string>
						<string>(705.588013, 2012.829956)</string>
						<string>(707.057983, 2002.000000)</string>
						<string>(703.276001, 1990.660034)</string>
						<string>(695.710999, 1979.310059)</string>
						<string>(686.255005, 1967.959961)</string>
						<string>(674.908020, 1964.180054)</string>
						<string>(665.453003, 1956.609985)</string>
						<string>(654.106018, 1949.050049)</string>
						<string>(644.125000, 1943.689941)</string>
						<string>(633.302979, 1937.699951)</string>
						<string>(623.752014, 1932.709961)</string>
						<string>(610.609009, 1926.359985)</string>
						<string>(601.869019, 1920.640015)</string>
						<string>(589.806030, 1913.119995)</string>
						<string>(578.458984, 1905.550049)</string>
						<string>(569.002991, 1899.880005)</string>
						<string>(561.437988, 1890.420044)</string>
						<string>(549.794983, 1886.359985)</string>
						<string>(541.367004, 1879.339966)</string>
						<string>(531.059021, 1874.530029)</string>
						<string>(521.198975, 1876.459961)</string>
						<string>(505.833008, 1872.619995)</string>
						<string>(493.355988, 1863.949951)</string>
						<string>(482.739990, 1866.640015)</string>
						<string>(484.704987, 1876.459961)</string>
						<string>(492.388000, 1886.060059)</string>
						<string>(480.118011, 1888.530029)</string>
						<string>(468.770996, 1886.640015)</string>
						<string>(459.315002, 1884.750000)</string>
						<string>(447.967987, 1882.859985)</string>
					</array>
					<key>Total</key>
					<real>885150528</real>
					<key>Type</key>
					<integer>15</integer>
				</dict>
			</array>
		</dict>
	</array>
</dict>
</plist>
