<?xml version="1.0" encoding="UTF-8"?>
<!DOCTYPE plist PUBLIC "-//Apple//DTD PLIST 1.0//EN" "http://www.apple.com/DTDs/PropertyList-1.0.dtd">
<plist version="1.0">
<dict>
	<key>Images</key>
	<array>
		<dict>
			<key>ImageIndex</key>
			<integer>0</integer>
			<key>NumberOfROIs</key>
			<integer>1</integer>
			<key>ROIs</key>
			<array>
				<dict>
					<key>Area</key>
					<real>10.412530899047852</real>
					<key>Center</key>
					<string>(0.000000, 0.000000, 0.000000)</string>
					<key>Dev</key>
					<real>102.43183135986328</real>
					<key>IndexInImage</key>
					<integer>0</integer>
					<key>Max</key>
					<real>2438</real>
					<key>Mean</key>
					<real>1827.170166015625</real>
					<key>Min</key>
					<real>1361</real>
					<key>Name</key>
					<string>Mass</string>
					<key>NumberOfPoints</key>
					<integer>207</integer>
					<key>Point_mm</key>
					<array>
						<string>(0.000000, 0.000000, 0.000000)</string>
						<string>(0.000000, 0.000000, 0.000000)</string>
						<string>(0.000000, 0.000000, 0.000000)</string>
						<string>(0.000000, 0.000000, 0.000000)</string>
						<string>(0.000000, 0.000000, 0.000000)</string>
						<string>(0.000000, 0.000000, 0.000000)</string>
						<string>(0.000000, 0.000000, 0.000000)</string>
						<string>(0.000000, 0.000000, 0.000000)</string>
						<string>(0.000000, 0.000000, 0.000000)</string>
						<string>(0.000000, 0.000000, 0.000000)</string>
						<string>(0.000000, 0.000000, 0.000000)</string>
						<string>(0.000000, 0.000000, 0.000000)</string>
						<string>(0.000000, 0.000000, 0.000000)</string>
						<string>(0.000000, 0.000000, 0.000000)</string>
						<string>(0.000000, 0.000000, 0.000000)</string>
						<string>(0.000000, 0.000000, 0.000000)</string>
						<string>(0.000000, 0.000000, 0.000000)</string>
						<string>(0.000000, 0.000000, 0.000000)</string>
						<string>(0.000000, 0.000000, 0.000000)</string>
						<string>(0.000000, 0.000000, 0.000000)</string>
						<string>(0.000000, 0.000000, 0.000000)</string>
						<string>(0.000000, 0.000000, 0.000000)</string>
						<string>(0.000000, 0.000000, 0.000000)</string>
						<string>(0.000000, 0.000000, 0.000000)</string>
						<string>(0.000000, 0.000000, 0.000000)</string>
						<string>(0.000000, 0.000000, 0.000000)</string>
						<string>(0.000000, 0.000000, 0.000000)</string>
						<string>(0.000000, 0.000000, 0.000000)</string>
						<string>(0.000000, 0.000000, 0.000000)</string>
						<string>(0.000000, 0.000000, 0.000000)</string>
						<string>(0.000000, 0.000000, 0.000000)</string>
						<string>(0.000000, 0.000000, 0.000000)</string>
						<string>(0.000000, 0.000000, 0.000000)</string>
						<string>(0.000000, 0.000000, 0.000000)</string>
						<string>(0.000000, 0.000000, 0.000000)</string>
						<string>(0.000000, 0.000000, 0.000000)</string>
						<string>(0.000000, 0.000000, 0.000000)</string>
						<string>(0.000000, 0.000000, 0.000000)</string>
						<string>(0.000000, 0.000000, 0.000000)</string>
						<string>(0.000000, 0.000000, 0.000000)</string>
						<string>(0.000000, 0.000000, 0.000000)</string>
						<string>(0.000000, 0.000000, 0.000000)</string>
						<string>(0.000000, 0.000000, 0.000000)</string>
						<string>(0.000000, 0.000000, 0.000000)</string>
						<string>(0.000000, 0.000000, 0.000000)</string>
						<string>(0.000000, 0.000000, 0.000000)</string>
						<string>(0.000000, 0.000000, 0.000000)</string>
						<string>(0.000000, 0.000000, 0.000000)</string>
						<string>(0.000000, 0.000000, 0.000000)</string>
						<string>(0.000000, 0.000000, 0.000000)</string>
						<string>(0.000000, 0.000000, 0.000000)</string>
						<string>(0.000000, 0.000000, 0.000000)</string>
						<string>(0.000000, 0.000000, 0.000000)</string>
						<string>(0.000000, 0.000000, 0.000000)</string>
						<string>(0.000000, 0.000000, 0.000000)</string>
						<string>(0.000000, 0.000000, 0.000000)</string>
						<string>(0.000000, 0.000000, 0.000000)</string>
						<string>(0.000000, 0.000000, 0.000000)</string>
						<string>(0.000000, 0.000000, 0.000000)</string>
						<string>(0.000000, 0.000000, 0.000000)</string>
						<string>(0.000000, 0.000000, 0.000000)</string>
						<string>(0.000000, 0.000000, 0.000000)</string>
						<string>(0.000000, 0.000000, 0.000000)</string>
						<string>(0.000000, 0.000000, 0.000000)</string>
						<string>(0.000000, 0.000000, 0.000000)</string>
						<string>(0.000000, 0.000000, 0.000000)</string>
						<string>(0.000000, 0.000000, 0.000000)</string>
						<string>(0.000000, 0.000000, 0.000000)</string>
						<string>(0.000000, 0.000000, 0.000000)</string>
						<string>(0.000000, 0.000000, 0.000000)</string>
						<string>(0.000000, 0.000000, 0.000000)</string>
						<string>(0.000000, 0.000000, 0.000000)</string>
						<string>(0.000000, 0.000000, 0.000000)</string>
						<string>(0.000000, 0.000000, 0.000000)</string>
						<string>(0.000000, 0.000000, 0.000000)</string>
						<string>(0.000000, 0.000000, 0.000000)</string>
						<string>(0.000000, 0.000000, 0.000000)</string>
						<string>(0.000000, 0.000000, 0.000000)</string>
						<string>(0.000000, 0.000000, 0.000000)</string>
						<string>(0.000000, 0.000000, 0.000000)</string>
						<string>(0.000000, 0.000000, 0.000000)</string>
						<string>(0.000000, 0.000000, 0.000000)</string>
						<string>(0.000000, 0.000000, 0.000000)</string>
						<string>(0.000000, 0.000000, 0.000000)</string>
						<string>(0.000000, 0.000000, 0.000000)</string>
						<string>(0.000000, 0.000000, 0.000000)</string>
						<string>(0.000000, 0.000000, 0.000000)</string>
						<string>(0.000000, 0.000000, 0.000000)</string>
						<string>(0.000000, 0.000000, 0.000000)</string>
						<string>(0.000000, 0.000000, 0.000000)</string>
						<string>(0.000000, 0.000000, 0.000000)</string>
						<string>(0.000000, 0.000000, 0.000000)</string>
						<string>(0.000000, 0.000000, 0.000000)</string>
						<string>(0.000000, 0.000000, 0.000000)</string>
						<string>(0.000000, 0.000000, 0.000000)</string>
						<string>(0.000000, 0.000000, 0.000000)</string>
						<string>(0.000000, 0.000000, 0.000000)</string>
						<string>(0.000000, 0.000000, 0.000000)</string>
						<string>(0.000000, 0.000000, 0.000000)</string>
						<string>(0.000000, 0.000000, 0.000000)</string>
						<string>(0.000000, 0.000000, 0.000000)</string>
						<string>(0.000000, 0.000000, 0.000000)</string>
						<string>(0.000000, 0.000000, 0.000000)</string>
						<string>(0.000000, 0.000000, 0.000000)</string>
						<string>(0.000000, 0.000000, 0.000000)</string>
						<string>(0.000000, 0.000000, 0.000000)</string>
						<string>(0.000000, 0.000000, 0.000000)</string>
						<string>(0.000000, 0.000000, 0.000000)</string>
						<string>(0.000000, 0.000000, 0.000000)</string>
						<string>(0.000000, 0.000000, 0.000000)</string>
						<string>(0.000000, 0.000000, 0.000000)</string>
						<string>(0.000000, 0.000000, 0.000000)</string>
						<string>(0.000000, 0.000000, 0.000000)</string>
						<string>(0.000000, 0.000000, 0.000000)</string>
						<string>(0.000000, 0.000000, 0.000000)</string>
						<string>(0.000000, 0.000000, 0.000000)</string>
						<string>(0.000000, 0.000000, 0.000000)</string>
						<string>(0.000000, 0.000000, 0.000000)</string>
						<string>(0.000000, 0.000000, 0.000000)</string>
						<string>(0.000000, 0.000000, 0.000000)</string>
						<string>(0.000000, 0.000000, 0.000000)</string>
						<string>(0.000000, 0.000000, 0.000000)</string>
						<string>(0.000000, 0.000000, 0.000000)</string>
						<string>(0.000000, 0.000000, 0.000000)</string>
						<string>(0.000000, 0.000000, 0.000000)</string>
						<string>(0.000000, 0.000000, 0.000000)</string>
						<string>(0.000000, 0.000000, 0.000000)</string>
						<string>(0.000000, 0.000000, 0.000000)</string>
						<string>(0.000000, 0.000000, 0.000000)</string>
						<string>(0.000000, 0.000000, 0.000000)</string>
						<string>(0.000000, 0.000000, 0.000000)</string>
						<string>(0.000000, 0.000000, 0.000000)</string>
						<string>(0.000000, 0.000000, 0.000000)</string>
						<string>(0.000000, 0.000000, 0.000000)</string>
						<string>(0.000000, 0.000000, 0.000000)</string>
						<string>(0.000000, 0.000000, 0.000000)</string>
						<string>(0.000000, 0.000000, 0.000000)</string>
						<string>(0.000000, 0.000000, 0.000000)</string>
						<string>(0.000000, 0.000000, 0.000000)</string>
						<string>(0.000000, 0.000000, 0.000000)</string>
						<string>(0.000000, 0.000000, 0.000000)</string>
						<string>(0.000000, 0.000000, 0.000000)</string>
						<string>(0.000000, 0.000000, 0.000000)</string>
						<string>(0.000000, 0.000000, 0.000000)</string>
						<string>(0.000000, 0.000000, 0.000000)</string>
						<string>(0.000000, 0.000000, 0.000000)</string>
						<string>(0.000000, 0.000000, 0.000000)</string>
						<string>(0.000000, 0.000000, 0.000000)</string>
						<string>(0.000000, 0.000000, 0.000000)</string>
						<string>(0.000000, 0.000000, 0.000000)</string>
						<string>(0.000000, 0.000000, 0.000000)</string>
						<string>(0.000000, 0.000000, 0.000000)</string>
						<string>(0.000000, 0.000000, 0.000000)</string>
						<string>(0.000000, 0.000000, 0.000000)</string>
						<string>(0.000000, 0.000000, 0.000000)</string>
						<string>(0.000000, 0.000000, 0.000000)</string>
						<string>(0.000000, 0.000000, 0.000000)</string>
						<string>(0.000000, 0.000000, 0.000000)</string>
						<string>(0.000000, 0.000000, 0.000000)</string>
						<string>(0.000000, 0.000000, 0.000000)</string>
						<string>(0.000000, 0.000000, 0.000000)</string>
						<string>(0.000000, 0.000000, 0.000000)</string>
						<string>(0.000000, 0.000000, 0.000000)</string>
						<string>(0.000000, 0.000000, 0.000000)</string>
						<string>(0.000000, 0.000000, 0.000000)</string>
						<string>(0.000000, 0.000000, 0.000000)</string>
						<string>(0.000000, 0.000000, 0.000000)</string>
						<string>(0.000000, 0.000000, 0.000000)</string>
						<string>(0.000000, 0.000000, 0.000000)</string>
						<string>(0.000000, 0.000000, 0.000000)</string>
						<string>(0.000000, 0.000000, 0.000000)</string>
						<string>(0.000000, 0.000000, 0.000000)</string>
						<string>(0.000000, 0.000000, 0.000000)</string>
						<string>(0.000000, 0.000000, 0.000000)</string>
						<string>(0.000000, 0.000000, 0.000000)</string>
						<string>(0.000000, 0.000000, 0.000000)</string>
						<string>(0.000000, 0.000000, 0.000000)</string>
						<string>(0.000000, 0.000000, 0.000000)</string>
						<string>(0.000000, 0.000000, 0.000000)</string>
						<string>(0.000000, 0.000000, 0.000000)</string>
						<string>(0.000000, 0.000000, 0.000000)</string>
						<string>(0.000000, 0.000000, 0.000000)</string>
						<string>(0.000000, 0.000000, 0.000000)</string>
						<string>(0.000000, 0.000000, 0.000000)</string>
						<string>(0.000000, 0.000000, 0.000000)</string>
						<string>(0.000000, 0.000000, 0.000000)</string>
						<string>(0.000000, 0.000000, 0.000000)</string>
						<string>(0.000000, 0.000000, 0.000000)</string>
						<string>(0.000000, 0.000000, 0.000000)</string>
						<string>(0.000000, 0.000000, 0.000000)</string>
						<string>(0.000000, 0.000000, 0.000000)</string>
						<string>(0.000000, 0.000000, 0.000000)</string>
						<string>(0.000000, 0.000000, 0.000000)</string>
						<string>(0.000000, 0.000000, 0.000000)</string>
						<string>(0.000000, 0.000000, 0.000000)</string>
						<string>(0.000000, 0.000000, 0.000000)</string>
						<string>(0.000000, 0.000000, 0.000000)</string>
						<string>(0.000000, 0.000000, 0.000000)</string>
						<string>(0.000000, 0.000000, 0.000000)</string>
						<string>(0.000000, 0.000000, 0.000000)</string>
						<string>(0.000000, 0.000000, 0.000000)</string>
						<string>(0.000000, 0.000000, 0.000000)</string>
						<string>(0.000000, 0.000000, 0.000000)</string>
						<string>(0.000000, 0.000000, 0.000000)</string>
						<string>(0.000000, 0.000000, 0.000000)</string>
						<string>(0.000000, 0.000000, 0.000000)</string>
						<string>(0.000000, 0.000000, 0.000000)</string>
					</array>
					<key>Point_px</key>
					<array>
						<string>(8.583862, 1913.549194)</string>
						<string>(20.505615, 1915.293823)</string>
						<string>(27.944500, 1917.770752)</string>
						<string>(39.783699, 1919.560791)</string>
						<string>(49.147099, 1921.320801)</string>
						<string>(59.360600, 1920.810791)</string>
						<string>(68.037102, 1922.550781)</string>
						<string>(76.652199, 1923.660767)</string>
						<string>(87.125198, 1922.550781)</string>
						<string>(97.068802, 1915.160767)</string>
						<string>(106.945000, 1903.760742)</string>
						<string>(107.948997, 1893.050781)</string>
						<string>(116.046997, 1889.170776)</string>
						<string>(128.772003, 1891.310791)</string>
						<string>(139.184006, 1896.520752)</string>
						<string>(140.919006, 1905.190796)</string>
						<string>(151.330994, 1913.870728)</string>
						<string>(160.007004, 1924.280762)</string>
						<string>(170.419006, 1927.750732)</string>
						<string>(180.830994, 1929.490723)</string>
						<string>(189.507004, 1929.490723)</string>
						<string>(199.919006, 1932.960815)</string>
						<string>(208.595001, 1939.900757)</string>
						<string>(219.007004, 1941.640747)</string>
						<string>(227.682999, 1941.640747)</string>
						<string>(238.095001, 1945.110718)</string>
						<string>(246.770996, 1950.310791)</string>
						<string>(269.524994, 1940.230713)</string>
						<string>(280.161011, 1915.920776)</string>
						<string>(293.076996, 1906.040771)</string>
						<string>(296.115997, 1883.250732)</string>
						<string>(319.308014, 1867.700806)</string>
						<string>(331.782990, 1911.360718)</string>
						<string>(330.223999, 1937.870728)</string>
						<string>(316.188995, 1975.300781)</string>
						<string>(317.748993, 1998.690796)</string>
						<string>(327.105011, 2022.080811)</string>
						<string>(337.006012, 2040.550781)</string>
						<string>(343.946991, 2049.220703)</string>
						<string>(350.889008, 2059.640869)</string>
						<string>(354.359009, 2068.310791)</string>
						<string>(359.932007, 2079.260742)</string>
						<string>(366.010010, 2088.380859)</string>
						<string>(375.183014, 2097.810791)</string>
						<string>(378.653015, 2106.490723)</string>
						<string>(379.684998, 2116.490723)</string>
						<string>(390.799988, 2123.840820)</string>
						<string>(401.212006, 2129.050781)</string>
						<string>(407.794006, 2121.800781)</string>
						<string>(421.468994, 2122.560791)</string>
						<string>(431.346008, 2126.360840)</string>
						<string>(437.653015, 2125.580811)</string>
						<string>(450.338989, 2124.080811)</string>
						<string>(448.065002, 2134.250732)</string>
						<string>(439.388000, 2144.660889)</string>
						<string>(429.066986, 2151.430664)</string>
						<string>(419.950012, 2159.030762)</string>
						<string>(424.507996, 2172.700684)</string>
						<string>(418.565002, 2182.840820)</string>
						<string>(408.153015, 2188.050781)</string>
						<string>(399.476990, 2193.250732)</string>
						<string>(392.535004, 2203.660889)</string>
						<string>(385.002991, 2205.370850)</string>
						<string>(373.446991, 2214.080811)</string>
						<string>(366.506012, 2222.750732)</string>
						<string>(359.565002, 2231.430664)</string>
						<string>(350.889008, 2241.840820)</string>
						<string>(343.946991, 2253.990723)</string>
						<string>(337.899994, 2261.590820)</string>
						<string>(331.821991, 2269.950684)</string>
						<string>(324.225006, 2279.820801)</string>
						<string>(324.225006, 2289.700684)</string>
						<string>(320.427002, 2300.340820)</string>
						<string>(321.186005, 2307.930664)</string>
						<string>(321.946014, 2319.330811)</string>
						<string>(323.466003, 2327.690674)</string>
						<string>(329.542999, 2336.040771)</string>
						<string>(333.342010, 2347.440674)</string>
						<string>(331.062988, 2358.080811)</string>
						<string>(330.303009, 2367.950684)</string>
						<string>(337.006012, 2377.190674)</string>
						<string>(338.742004, 2385.870850)</string>
						<string>(335.270996, 2396.280762)</string>
						<string>(331.799988, 2406.690674)</string>
						<string>(323.123993, 2413.630859)</string>
						<string>(317.917999, 2422.310791)</string>
						<string>(307.506012, 2424.050781)</string>
						<string>(298.829987, 2420.570801)</string>
						<string>(288.417999, 2415.370850)</string>
						<string>(279.742004, 2411.900879)</string>
						<string>(271.065002, 2411.900879)</string>
						<string>(269.329987, 2420.570801)</string>
						<string>(269.329987, 2430.990723)</string>
						<string>(265.859985, 2439.660889)</string>
						<string>(260.653992, 2448.340820)</string>
						<string>(257.183014, 2458.750732)</string>
						<string>(255.447998, 2469.160889)</string>
						<string>(248.507004, 2477.840820)</string>
						<string>(238.095001, 2479.570801)</string>
						<string>(231.154007, 2470.900879)</string>
						<string>(222.378998, 2467.590820)</string>
						<string>(215.444000, 2468.580811)</string>
						<string>(210.985992, 2473.040771)</string>
						<string>(205.125000, 2479.570801)</string>
						<string>(201.654007, 2488.250732)</string>
						<string>(199.919006, 2498.660889)</string>
						<string>(198.182999, 2509.070801)</string>
						<string>(194.712997, 2517.750732)</string>
						<string>(191.711426, 2527.350098)</string>
						<string>(187.514282, 2536.793701)</string>
						<string>(186.115234, 2546.586914)</string>
						<string>(187.164551, 2558.129150)</string>
						<string>(190.312378, 2567.572510)</string>
						<string>(191.011841, 2574.218018)</string>
						<string>(189.612793, 2579.464355)</string>
						<string>(182.267822, 2577.365967)</string>
						<string>(173.873535, 2577.016113)</string>
						<string>(174.223389, 2588.907959)</string>
						<string>(172.124756, 2597.302246)</string>
						<string>(158.272003, 2592.370850)</string>
						<string>(149.595001, 2590.630859)</string>
						<string>(139.184006, 2590.630859)</string>
						<string>(128.772003, 2588.900879)</string>
						<string>(120.096001, 2588.900879)</string>
						<string>(106.212997, 2587.160889)</string>
						<string>(94.066399, 2585.430664)</string>
						<string>(85.389900, 2583.690674)</string>
						<string>(74.978302, 2581.960693)</string>
						<string>(66.301804, 2581.960693)</string>
						<string>(57.625401, 2590.630859)</string>
						<string>(48.511398, 2597.370850)</string>
						<string>(46.529999, 2610.750732)</string>
						<string>(47.025398, 2618.670654)</string>
						<string>(28.202000, 2620.160889)</string>
						<string>(16.809000, 2619.670654)</string>
						<string>(3.434570, 2629.570801)</string>
						<string>(3.195190, 2612.490723)</string>
						<string>(2.846680, 2600.290771)</string>
						<string>(3.195190, 2590.530762)</string>
						<string>(3.543820, 2580.770752)</string>
						<string>(3.640625, 2569.825928)</string>
						<string>(3.931396, 2560.811768)</string>
						<string>(3.349854, 2550.053223)</string>
						<string>(3.059082, 2540.166992)</string>
						<string>(3.543820, 2527.090820)</string>
						<string>(3.349854, 2519.231201)</string>
						<string>(3.892330, 2509.310791)</string>
						<string>(3.349854, 2502.656982)</string>
						<string>(3.640625, 2493.352295)</string>
						<string>(3.349854, 2484.629150)</string>
						<string>(3.640625, 2474.161377)</string>
						<string>(3.931396, 2465.728760)</string>
						<string>(3.640625, 2455.842529)</string>
						<string>(3.349854, 2445.083740)</string>
						<string>(3.059082, 2435.197510)</string>
						<string>(4.513062, 2425.020508)</string>
						<string>(3.931396, 2417.169434)</string>
						<string>(3.931519, 2408.737061)</string>
						<string>(3.640625, 2396.815430)</string>
						<string>(3.931519, 2376.461182)</string>
						<string>(3.931519, 2359.596436)</string>
						<string>(3.931519, 2348.546875)</string>
						<string>(3.349976, 2340.114502)</string>
						<string>(3.349976, 2329.646729)</string>
						<string>(3.892330, 2320.030762)</string>
						<string>(3.640747, 2310.455566)</string>
						<string>(4.240970, 2301.210693)</string>
						<string>(3.640747, 2292.427490)</string>
						<string>(3.640747, 2283.704346)</string>
						<string>(3.640747, 2274.108887)</string>
						<string>(3.640747, 2264.222412)</string>
						<string>(3.640747, 2256.662354)</string>
						<string>(3.931519, 2246.194580)</string>
						<string>(3.349976, 2236.308350)</string>
						<string>(3.931519, 2226.712646)</string>
						<string>(3.349976, 2215.954102)</string>
						<string>(3.349976, 2208.103271)</string>
						<string>(3.059204, 2199.670654)</string>
						<string>(3.059204, 2189.784424)</string>
						<string>(3.349976, 2179.025635)</string>
						<string>(3.349976, 2169.720947)</string>
						<string>(3.349976, 2160.125488)</string>
						<string>(3.349976, 2150.239014)</string>
						<string>(3.931519, 2140.062012)</string>
						<string>(3.640747, 2130.466553)</string>
						<string>(3.349976, 2122.906494)</string>
						<string>(3.349976, 2114.183105)</string>
						<string>(3.059082, 2103.424561)</string>
						<string>(2.477539, 2087.722656)</string>
						<string>(2.477539, 2078.127197)</string>
						<string>(2.477539, 2068.240967)</string>
						<string>(2.477539, 2058.645264)</string>
						<string>(2.186768, 2047.305176)</string>
						<string>(2.477539, 2037.418945)</string>
						<string>(2.186768, 2028.986450)</string>
						<string>(1.895996, 2019.100098)</string>
						<string>(1.895996, 2007.760010)</string>
						<string>(2.186768, 1999.036743)</string>
						<string>(2.477539, 1990.895020)</string>
						<string>(2.186768, 1980.427246)</string>
						<string>(1.895996, 1971.122437)</string>
						<string>(1.605225, 1960.363770)</string>
						<string>(1.605225, 1950.477539)</string>
						<string>(1.605225, 1941.172729)</string>
						<string>(1.605225, 1932.449463)</string>
						<string>(1.895996, 1921.400146)</string>
						<string>(2.477539, 1905.116699)</string>
					</array>
					<key>Total</key>
					<real>390088032</real>
					<key>Type</key>
					<integer>15</integer>
				</dict>
			</array>
		</dict>
	</array>
</dict>
</plist>
