<?xml version="1.0" encoding="UTF-8"?>
<!DOCTYPE plist PUBLIC "-//Apple//DTD PLIST 1.0//EN" "http://www.apple.com/DTDs/PropertyList-1.0.dtd">
<plist version="1.0">
<dict>
	<key>Images</key>
	<array>
		<dict>
			<key>ImageIndex</key>
			<integer>0</integer>
			<key>NumberOfROIs</key>
			<integer>18</integer>
			<key>ROIs</key>
			<array>
				<dict>
					<key>Area</key>
					<real>0.0</real>
					<key>Center</key>
					<string>(0.000000, 0.000000, 0.000000)</string>
					<key>Dev</key>
					<real>0.0</real>
					<key>IndexInImage</key>
					<integer>0</integer>
					<key>Max</key>
					<real>1658</real>
					<key>Mean</key>
					<real>1658</real>
					<key>Min</key>
					<real>1658</real>
					<key>Name</key>
					<string>Calcification</string>
					<key>NumberOfPoints</key>
					<integer>1</integer>
					<key>Point_mm</key>
					<array>
						<string>(0.000000, 0.000000, 0.000000)</string>
					</array>
					<key>Point_px</key>
					<array>
						<string>(3284.120117, 926.070984)</string>
					</array>
					<key>Total</key>
					<real>1658</real>
					<key>Type</key>
					<integer>19</integer>
				</dict>
				<dict>
					<key>Area</key>
					<real>0.0</real>
					<key>Center</key>
					<string>(0.000000, 0.000000, 0.000000)</string>
					<key>Dev</key>
					<real>0.0</real>
					<key>IndexInImage</key>
					<integer>1</integer>
					<key>Max</key>
					<real>1694</real>
					<key>Mean</key>
					<real>1694</real>
					<key>Min</key>
					<real>1694</real>
					<key>Name</key>
					<string>Calcification</string>
					<key>NumberOfPoints</key>
					<integer>1</integer>
					<key>Point_mm</key>
					<array>
						<string>(0.000000, 0.000000, 0.000000)</string>
					</array>
					<key>Point_px</key>
					<array>
						<string>(3285.239990, 870.682007)</string>
					</array>
					<key>Total</key>
					<real>1694</real>
					<key>Type</key>
					<integer>19</integer>
				</dict>
				<dict>
					<key>Area</key>
					<real>0.0</real>
					<key>Center</key>
					<string>(0.000000, 0.000000, 0.000000)</string>
					<key>Dev</key>
					<real>0.0</real>
					<key>IndexInImage</key>
					<integer>2</integer>
					<key>Max</key>
					<real>1718</real>
					<key>Mean</key>
					<real>1718</real>
					<key>Min</key>
					<real>1718</real>
					<key>Name</key>
					<string>Calcification</string>
					<key>NumberOfPoints</key>
					<integer>1</integer>
					<key>Point_mm</key>
					<array>
						<string>(0.000000, 0.000000, 0.000000)</string>
					</array>
					<key>Point_px</key>
					<array>
						<string>(3298.949951, 835.460999)</string>
					</array>
					<key>Total</key>
					<real>1718</real>
					<key>Type</key>
					<integer>19</integer>
				</dict>
				<dict>
					<key>Area</key>
					<real>0.0</real>
					<key>Center</key>
					<string>(0.000000, 0.000000, 0.000000)</string>
					<key>Dev</key>
					<real>0.0</real>
					<key>IndexInImage</key>
					<integer>3</integer>
					<key>Max</key>
					<real>1831</real>
					<key>Mean</key>
					<real>1831</real>
					<key>Min</key>
					<real>1831</real>
					<key>Name</key>
					<string>Calcification</string>
					<key>NumberOfPoints</key>
					<integer>1</integer>
					<key>Point_mm</key>
					<array>
						<string>(0.000000, 0.000000, 0.000000)</string>
					</array>
					<key>Point_px</key>
					<array>
						<string>(2643.489990, 1703.880005)</string>
					</array>
					<key>Total</key>
					<real>1831</real>
					<key>Type</key>
					<integer>19</integer>
				</dict>
				<dict>
					<key>Area</key>
					<real>0.0</real>
					<key>Center</key>
					<string>(0.000000, 0.000000, 0.000000)</string>
					<key>Dev</key>
					<real>0.0</real>
					<key>IndexInImage</key>
					<integer>4</integer>
					<key>Max</key>
					<real>1815</real>
					<key>Mean</key>
					<real>1815</real>
					<key>Min</key>
					<real>1815</real>
					<key>Name</key>
					<string>Calcification</string>
					<key>NumberOfPoints</key>
					<integer>1</integer>
					<key>Point_mm</key>
					<array>
						<string>(0.000000, 0.000000, 0.000000)</string>
					</array>
					<key>Point_px</key>
					<array>
						<string>(2649.580078, 1709.099976)</string>
					</array>
					<key>Total</key>
					<real>1815</real>
					<key>Type</key>
					<integer>19</integer>
				</dict>
				<dict>
					<key>Area</key>
					<real>0.0</real>
					<key>Center</key>
					<string>(0.000000, 0.000000, 0.000000)</string>
					<key>Dev</key>
					<real>0.0</real>
					<key>IndexInImage</key>
					<integer>5</integer>
					<key>Max</key>
					<real>1766</real>
					<key>Mean</key>
					<real>1766</real>
					<key>Min</key>
					<real>1766</real>
					<key>Name</key>
					<string>Calcification</string>
					<key>NumberOfPoints</key>
					<integer>1</integer>
					<key>Point_mm</key>
					<array>
						<string>(0.000000, 0.000000, 0.000000)</string>
					</array>
					<key>Point_px</key>
					<array>
						<string>(2652.620117, 1705.180054)</string>
					</array>
					<key>Total</key>
					<real>1766</real>
					<key>Type</key>
					<integer>19</integer>
				</dict>
				<dict>
					<key>Area</key>
					<real>0.0</real>
					<key>Center</key>
					<string>(0.000000, 0.000000, 0.000000)</string>
					<key>Dev</key>
					<real>0.0</real>
					<key>IndexInImage</key>
					<integer>6</integer>
					<key>Max</key>
					<real>1741</real>
					<key>Mean</key>
					<real>1741</real>
					<key>Min</key>
					<real>1741</real>
					<key>Name</key>
					<string>Calcification</string>
					<key>NumberOfPoints</key>
					<integer>1</integer>
					<key>Point_mm</key>
					<array>
						<string>(0.000000, 0.000000, 0.000000)</string>
					</array>
					<key>Point_px</key>
					<array>
						<string>(2512.570068, 1692.140015)</string>
					</array>
					<key>Total</key>
					<real>1741</real>
					<key>Type</key>
					<integer>19</integer>
				</dict>
				<dict>
					<key>Area</key>
					<real>0.0</real>
					<key>Center</key>
					<string>(0.000000, 0.000000, 0.000000)</string>
					<key>Dev</key>
					<real>0.0</real>
					<key>IndexInImage</key>
					<integer>7</integer>
					<key>Max</key>
					<real>1699</real>
					<key>Mean</key>
					<real>1699</real>
					<key>Min</key>
					<real>1699</real>
					<key>Name</key>
					<string>Calcification</string>
					<key>NumberOfPoints</key>
					<integer>1</integer>
					<key>Point_mm</key>
					<array>
						<string>(0.000000, 0.000000, 0.000000)</string>
					</array>
					<key>Point_px</key>
					<array>
						<string>(2524.310059, 1689.530029)</string>
					</array>
					<key>Total</key>
					<real>1699</real>
					<key>Type</key>
					<integer>19</integer>
				</dict>
				<dict>
					<key>Area</key>
					<real>0.0</real>
					<key>Center</key>
					<string>(0.000000, 0.000000, 0.000000)</string>
					<key>Dev</key>
					<real>0.0</real>
					<key>IndexInImage</key>
					<integer>8</integer>
					<key>Max</key>
					<real>1670</real>
					<key>Mean</key>
					<real>1670</real>
					<key>Min</key>
					<real>1670</real>
					<key>Name</key>
					<string>Calcification</string>
					<key>NumberOfPoints</key>
					<integer>1</integer>
					<key>Point_mm</key>
					<array>
						<string>(0.000000, 0.000000, 0.000000)</string>
					</array>
					<key>Point_px</key>
					<array>
						<string>(2481.530029, 1478.520020)</string>
					</array>
					<key>Total</key>
					<real>1670</real>
					<key>Type</key>
					<integer>19</integer>
				</dict>
				<dict>
					<key>Area</key>
					<real>0.0</real>
					<key>Center</key>
					<string>(0.000000, 0.000000, 0.000000)</string>
					<key>Dev</key>
					<real>0.0</real>
					<key>IndexInImage</key>
					<integer>9</integer>
					<key>Max</key>
					<real>1723</real>
					<key>Mean</key>
					<real>1723</real>
					<key>Min</key>
					<real>1723</real>
					<key>Name</key>
					<string>Calcification</string>
					<key>NumberOfPoints</key>
					<integer>1</integer>
					<key>Point_mm</key>
					<array>
						<string>(0.000000, 0.000000, 0.000000)</string>
					</array>
					<key>Point_px</key>
					<array>
						<string>(2624.350098, 1663.430054)</string>
					</array>
					<key>Total</key>
					<real>1723</real>
					<key>Type</key>
					<integer>19</integer>
				</dict>
				<dict>
					<key>Area</key>
					<real>0.0</real>
					<key>Center</key>
					<string>(0.000000, 0.000000, 0.000000)</string>
					<key>Dev</key>
					<real>0.0</real>
					<key>IndexInImage</key>
					<integer>10</integer>
					<key>Max</key>
					<real>1721</real>
					<key>Mean</key>
					<real>1721</real>
					<key>Min</key>
					<real>1721</real>
					<key>Name</key>
					<string>Calcification</string>
					<key>NumberOfPoints</key>
					<integer>1</integer>
					<key>Point_mm</key>
					<array>
						<string>(0.000000, 0.000000, 0.000000)</string>
					</array>
					<key>Point_px</key>
					<array>
						<string>(2636.959961, 1681.260010)</string>
					</array>
					<key>Total</key>
					<real>1721</real>
					<key>Type</key>
					<integer>19</integer>
				</dict>
				<dict>
					<key>Area</key>
					<real>0.0</real>
					<key>Center</key>
					<string>(0.000000, 0.000000, 0.000000)</string>
					<key>Dev</key>
					<real>0.0</real>
					<key>IndexInImage</key>
					<integer>11</integer>
					<key>Max</key>
					<real>1755</real>
					<key>Mean</key>
					<real>1755</real>
					<key>Min</key>
					<real>1755</real>
					<key>Name</key>
					<string>Calcification</string>
					<key>NumberOfPoints</key>
					<integer>1</integer>
					<key>Point_mm</key>
					<array>
						<string>(0.000000, 0.000000, 0.000000)</string>
					</array>
					<key>Point_px</key>
					<array>
						<string>(2650.010010, 1748.239990)</string>
					</array>
					<key>Total</key>
					<real>1755</real>
					<key>Type</key>
					<integer>19</integer>
				</dict>
				<dict>
					<key>Area</key>
					<real>0.93733328580856323</real>
					<key>Center</key>
					<string>(0.000000, 0.000000, 0.000000)</string>
					<key>Dev</key>
					<real>143.4398193359375</real>
					<key>IndexInImage</key>
					<integer>12</integer>
					<key>Max</key>
					<real>2256</real>
					<key>Mean</key>
					<real>1874.8101806640625</real>
					<key>Min</key>
					<real>1423</real>
					<key>Name</key>
					<string>Mass</string>
					<key>NumberOfPoints</key>
					<integer>324</integer>
					<key>Point_mm</key>
					<array>
						<string>(0.000000, 0.000000, 0.000000)</string>
						<string>(0.000000, 0.000000, 0.000000)</string>
						<string>(0.000000, 0.000000, 0.000000)</string>
						<string>(0.000000, 0.000000, 0.000000)</string>
						<string>(0.000000, 0.000000, 0.000000)</string>
						<string>(0.000000, 0.000000, 0.000000)</string>
						<string>(0.000000, 0.000000, 0.000000)</string>
						<string>(0.000000, 0.000000, 0.000000)</string>
						<string>(0.000000, 0.000000, 0.000000)</string>
						<string>(0.000000, 0.000000, 0.000000)</string>
						<string>(0.000000, 0.000000, 0.000000)</string>
						<string>(0.000000, 0.000000, 0.000000)</string>
						<string>(0.000000, 0.000000, 0.000000)</string>
						<string>(0.000000, 0.000000, 0.000000)</string>
						<string>(0.000000, 0.000000, 0.000000)</string>
						<string>(0.000000, 0.000000, 0.000000)</string>
						<string>(0.000000, 0.000000, 0.000000)</string>
						<string>(0.000000, 0.000000, 0.000000)</string>
						<string>(0.000000, 0.000000, 0.000000)</string>
						<string>(0.000000, 0.000000, 0.000000)</string>
						<string>(0.000000, 0.000000, 0.000000)</string>
						<string>(0.000000, 0.000000, 0.000000)</string>
						<string>(0.000000, 0.000000, 0.000000)</string>
						<string>(0.000000, 0.000000, 0.000000)</string>
						<string>(0.000000, 0.000000, 0.000000)</string>
						<string>(0.000000, 0.000000, 0.000000)</string>
						<string>(0.000000, 0.000000, 0.000000)</string>
						<string>(0.000000, 0.000000, 0.000000)</string>
						<string>(0.000000, 0.000000, 0.000000)</string>
						<string>(0.000000, 0.000000, 0.000000)</string>
						<string>(0.000000, 0.000000, 0.000000)</string>
						<string>(0.000000, 0.000000, 0.000000)</string>
						<string>(0.000000, 0.000000, 0.000000)</string>
						<string>(0.000000, 0.000000, 0.000000)</string>
						<string>(0.000000, 0.000000, 0.000000)</string>
						<string>(0.000000, 0.000000, 0.000000)</string>
						<string>(0.000000, 0.000000, 0.000000)</string>
						<string>(0.000000, 0.000000, 0.000000)</string>
						<string>(0.000000, 0.000000, 0.000000)</string>
						<string>(0.000000, 0.000000, 0.000000)</string>
						<string>(0.000000, 0.000000, 0.000000)</string>
						<string>(0.000000, 0.000000, 0.000000)</string>
						<string>(0.000000, 0.000000, 0.000000)</string>
						<string>(0.000000, 0.000000, 0.000000)</string>
						<string>(0.000000, 0.000000, 0.000000)</string>
						<string>(0.000000, 0.000000, 0.000000)</string>
						<string>(0.000000, 0.000000, 0.000000)</string>
						<string>(0.000000, 0.000000, 0.000000)</string>
						<string>(0.000000, 0.000000, 0.000000)</string>
						<string>(0.000000, 0.000000, 0.000000)</string>
						<string>(0.000000, 0.000000, 0.000000)</string>
						<string>(0.000000, 0.000000, 0.000000)</string>
						<string>(0.000000, 0.000000, 0.000000)</string>
						<string>(0.000000, 0.000000, 0.000000)</string>
						<string>(0.000000, 0.000000, 0.000000)</string>
						<string>(0.000000, 0.000000, 0.000000)</string>
						<string>(0.000000, 0.000000, 0.000000)</string>
						<string>(0.000000, 0.000000, 0.000000)</string>
						<string>(0.000000, 0.000000, 0.000000)</string>
						<string>(0.000000, 0.000000, 0.000000)</string>
						<string>(0.000000, 0.000000, 0.000000)</string>
						<string>(0.000000, 0.000000, 0.000000)</string>
						<string>(0.000000, 0.000000, 0.000000)</string>
						<string>(0.000000, 0.000000, 0.000000)</string>
						<string>(0.000000, 0.000000, 0.000000)</string>
						<string>(0.000000, 0.000000, 0.000000)</string>
						<string>(0.000000, 0.000000, 0.000000)</string>
						<string>(0.000000, 0.000000, 0.000000)</string>
						<string>(0.000000, 0.000000, 0.000000)</string>
						<string>(0.000000, 0.000000, 0.000000)</string>
						<string>(0.000000, 0.000000, 0.000000)</string>
						<string>(0.000000, 0.000000, 0.000000)</string>
						<string>(0.000000, 0.000000, 0.000000)</string>
						<string>(0.000000, 0.000000, 0.000000)</string>
						<string>(0.000000, 0.000000, 0.000000)</string>
						<string>(0.000000, 0.000000, 0.000000)</string>
						<string>(0.000000, 0.000000, 0.000000)</string>
						<string>(0.000000, 0.000000, 0.000000)</string>
						<string>(0.000000, 0.000000, 0.000000)</string>
						<string>(0.000000, 0.000000, 0.000000)</string>
						<string>(0.000000, 0.000000, 0.000000)</string>
						<string>(0.000000, 0.000000, 0.000000)</string>
						<string>(0.000000, 0.000000, 0.000000)</string>
						<string>(0.000000, 0.000000, 0.000000)</string>
						<string>(0.000000, 0.000000, 0.000000)</string>
						<string>(0.000000, 0.000000, 0.000000)</string>
						<string>(0.000000, 0.000000, 0.000000)</string>
						<string>(0.000000, 0.000000, 0.000000)</string>
						<string>(0.000000, 0.000000, 0.000000)</string>
						<string>(0.000000, 0.000000, 0.000000)</string>
						<string>(0.000000, 0.000000, 0.000000)</string>
						<string>(0.000000, 0.000000, 0.000000)</string>
						<string>(0.000000, 0.000000, 0.000000)</string>
						<string>(0.000000, 0.000000, 0.000000)</string>
						<string>(0.000000, 0.000000, 0.000000)</string>
						<string>(0.000000, 0.000000, 0.000000)</string>
						<string>(0.000000, 0.000000, 0.000000)</string>
						<string>(0.000000, 0.000000, 0.000000)</string>
						<string>(0.000000, 0.000000, 0.000000)</string>
						<string>(0.000000, 0.000000, 0.000000)</string>
						<string>(0.000000, 0.000000, 0.000000)</string>
						<string>(0.000000, 0.000000, 0.000000)</string>
						<string>(0.000000, 0.000000, 0.000000)</string>
						<string>(0.000000, 0.000000, 0.000000)</string>
						<string>(0.000000, 0.000000, 0.000000)</string>
						<string>(0.000000, 0.000000, 0.000000)</string>
						<string>(0.000000, 0.000000, 0.000000)</string>
						<string>(0.000000, 0.000000, 0.000000)</string>
						<string>(0.000000, 0.000000, 0.000000)</string>
						<string>(0.000000, 0.000000, 0.000000)</string>
						<string>(0.000000, 0.000000, 0.000000)</string>
						<string>(0.000000, 0.000000, 0.000000)</string>
						<string>(0.000000, 0.000000, 0.000000)</string>
						<string>(0.000000, 0.000000, 0.000000)</string>
						<string>(0.000000, 0.000000, 0.000000)</string>
						<string>(0.000000, 0.000000, 0.000000)</string>
						<string>(0.000000, 0.000000, 0.000000)</string>
						<string>(0.000000, 0.000000, 0.000000)</string>
						<string>(0.000000, 0.000000, 0.000000)</string>
						<string>(0.000000, 0.000000, 0.000000)</string>
						<string>(0.000000, 0.000000, 0.000000)</string>
						<string>(0.000000, 0.000000, 0.000000)</string>
						<string>(0.000000, 0.000000, 0.000000)</string>
						<string>(0.000000, 0.000000, 0.000000)</string>
						<string>(0.000000, 0.000000, 0.000000)</string>
						<string>(0.000000, 0.000000, 0.000000)</string>
						<string>(0.000000, 0.000000, 0.000000)</string>
						<string>(0.000000, 0.000000, 0.000000)</string>
						<string>(0.000000, 0.000000, 0.000000)</string>
						<string>(0.000000, 0.000000, 0.000000)</string>
						<string>(0.000000, 0.000000, 0.000000)</string>
						<string>(0.000000, 0.000000, 0.000000)</string>
						<string>(0.000000, 0.000000, 0.000000)</string>
						<string>(0.000000, 0.000000, 0.000000)</string>
						<string>(0.000000, 0.000000, 0.000000)</string>
						<string>(0.000000, 0.000000, 0.000000)</string>
						<string>(0.000000, 0.000000, 0.000000)</string>
						<string>(0.000000, 0.000000, 0.000000)</string>
						<string>(0.000000, 0.000000, 0.000000)</string>
						<string>(0.000000, 0.000000, 0.000000)</string>
						<string>(0.000000, 0.000000, 0.000000)</string>
						<string>(0.000000, 0.000000, 0.000000)</string>
						<string>(0.000000, 0.000000, 0.000000)</string>
						<string>(0.000000, 0.000000, 0.000000)</string>
						<string>(0.000000, 0.000000, 0.000000)</string>
						<string>(0.000000, 0.000000, 0.000000)</string>
						<string>(0.000000, 0.000000, 0.000000)</string>
						<string>(0.000000, 0.000000, 0.000000)</string>
						<string>(0.000000, 0.000000, 0.000000)</string>
						<string>(0.000000, 0.000000, 0.000000)</string>
						<string>(0.000000, 0.000000, 0.000000)</string>
						<string>(0.000000, 0.000000, 0.000000)</string>
						<string>(0.000000, 0.000000, 0.000000)</string>
						<string>(0.000000, 0.000000, 0.000000)</string>
						<string>(0.000000, 0.000000, 0.000000)</string>
						<string>(0.000000, 0.000000, 0.000000)</string>
						<string>(0.000000, 0.000000, 0.000000)</string>
						<string>(0.000000, 0.000000, 0.000000)</string>
						<string>(0.000000, 0.000000, 0.000000)</string>
						<string>(0.000000, 0.000000, 0.000000)</string>
						<string>(0.000000, 0.000000, 0.000000)</string>
						<string>(0.000000, 0.000000, 0.000000)</string>
						<string>(0.000000, 0.000000, 0.000000)</string>
						<string>(0.000000, 0.000000, 0.000000)</string>
						<string>(0.000000, 0.000000, 0.000000)</string>
						<string>(0.000000, 0.000000, 0.000000)</string>
						<string>(0.000000, 0.000000, 0.000000)</string>
						<string>(0.000000, 0.000000, 0.000000)</string>
						<string>(0.000000, 0.000000, 0.000000)</string>
						<string>(0.000000, 0.000000, 0.000000)</string>
						<string>(0.000000, 0.000000, 0.000000)</string>
						<string>(0.000000, 0.000000, 0.000000)</string>
						<string>(0.000000, 0.000000, 0.000000)</string>
						<string>(0.000000, 0.000000, 0.000000)</string>
						<string>(0.000000, 0.000000, 0.000000)</string>
						<string>(0.000000, 0.000000, 0.000000)</string>
						<string>(0.000000, 0.000000, 0.000000)</string>
						<string>(0.000000, 0.000000, 0.000000)</string>
						<string>(0.000000, 0.000000, 0.000000)</string>
						<string>(0.000000, 0.000000, 0.000000)</string>
						<string>(0.000000, 0.000000, 0.000000)</string>
						<string>(0.000000, 0.000000, 0.000000)</string>
						<string>(0.000000, 0.000000, 0.000000)</string>
						<string>(0.000000, 0.000000, 0.000000)</string>
						<string>(0.000000, 0.000000, 0.000000)</string>
						<string>(0.000000, 0.000000, 0.000000)</string>
						<string>(0.000000, 0.000000, 0.000000)</string>
						<string>(0.000000, 0.000000, 0.000000)</string>
						<string>(0.000000, 0.000000, 0.000000)</string>
						<string>(0.000000, 0.000000, 0.000000)</string>
						<string>(0.000000, 0.000000, 0.000000)</string>
						<string>(0.000000, 0.000000, 0.000000)</string>
						<string>(0.000000, 0.000000, 0.000000)</string>
						<string>(0.000000, 0.000000, 0.000000)</string>
						<string>(0.000000, 0.000000, 0.000000)</string>
						<string>(0.000000, 0.000000, 0.000000)</string>
						<string>(0.000000, 0.000000, 0.000000)</string>
						<string>(0.000000, 0.000000, 0.000000)</string>
						<string>(0.000000, 0.000000, 0.000000)</string>
						<string>(0.000000, 0.000000, 0.000000)</string>
						<string>(0.000000, 0.000000, 0.000000)</string>
						<string>(0.000000, 0.000000, 0.000000)</string>
						<string>(0.000000, 0.000000, 0.000000)</string>
						<string>(0.000000, 0.000000, 0.000000)</string>
						<string>(0.000000, 0.000000, 0.000000)</string>
						<string>(0.000000, 0.000000, 0.000000)</string>
						<string>(0.000000, 0.000000, 0.000000)</string>
						<string>(0.000000, 0.000000, 0.000000)</string>
						<string>(0.000000, 0.000000, 0.000000)</string>
						<string>(0.000000, 0.000000, 0.000000)</string>
						<string>(0.000000, 0.000000, 0.000000)</string>
						<string>(0.000000, 0.000000, 0.000000)</string>
						<string>(0.000000, 0.000000, 0.000000)</string>
						<string>(0.000000, 0.000000, 0.000000)</string>
						<string>(0.000000, 0.000000, 0.000000)</string>
						<string>(0.000000, 0.000000, 0.000000)</string>
						<string>(0.000000, 0.000000, 0.000000)</string>
						<string>(0.000000, 0.000000, 0.000000)</string>
						<string>(0.000000, 0.000000, 0.000000)</string>
						<string>(0.000000, 0.000000, 0.000000)</string>
						<string>(0.000000, 0.000000, 0.000000)</string>
						<string>(0.000000, 0.000000, 0.000000)</string>
						<string>(0.000000, 0.000000, 0.000000)</string>
						<string>(0.000000, 0.000000, 0.000000)</string>
						<string>(0.000000, 0.000000, 0.000000)</string>
						<string>(0.000000, 0.000000, 0.000000)</string>
						<string>(0.000000, 0.000000, 0.000000)</string>
						<string>(0.000000, 0.000000, 0.000000)</string>
						<string>(0.000000, 0.000000, 0.000000)</string>
						<string>(0.000000, 0.000000, 0.000000)</string>
						<string>(0.000000, 0.000000, 0.000000)</string>
						<string>(0.000000, 0.000000, 0.000000)</string>
						<string>(0.000000, 0.000000, 0.000000)</string>
						<string>(0.000000, 0.000000, 0.000000)</string>
						<string>(0.000000, 0.000000, 0.000000)</string>
						<string>(0.000000, 0.000000, 0.000000)</string>
						<string>(0.000000, 0.000000, 0.000000)</string>
						<string>(0.000000, 0.000000, 0.000000)</string>
						<string>(0.000000, 0.000000, 0.000000)</string>
						<string>(0.000000, 0.000000, 0.000000)</string>
						<string>(0.000000, 0.000000, 0.000000)</string>
						<string>(0.000000, 0.000000, 0.000000)</string>
						<string>(0.000000, 0.000000, 0.000000)</string>
						<string>(0.000000, 0.000000, 0.000000)</string>
						<string>(0.000000, 0.000000, 0.000000)</string>
						<string>(0.000000, 0.000000, 0.000000)</string>
						<string>(0.000000, 0.000000, 0.000000)</string>
						<string>(0.000000, 0.000000, 0.000000)</string>
						<string>(0.000000, 0.000000, 0.000000)</string>
						<string>(0.000000, 0.000000, 0.000000)</string>
						<string>(0.000000, 0.000000, 0.000000)</string>
						<string>(0.000000, 0.000000, 0.000000)</string>
						<string>(0.000000, 0.000000, 0.000000)</string>
						<string>(0.000000, 0.000000, 0.000000)</string>
						<string>(0.000000, 0.000000, 0.000000)</string>
						<string>(0.000000, 0.000000, 0.000000)</string>
						<string>(0.000000, 0.000000, 0.000000)</string>
						<string>(0.000000, 0.000000, 0.000000)</string>
						<string>(0.000000, 0.000000, 0.000000)</string>
						<string>(0.000000, 0.000000, 0.000000)</string>
						<string>(0.000000, 0.000000, 0.000000)</string>
						<string>(0.000000, 0.000000, 0.000000)</string>
						<string>(0.000000, 0.000000, 0.000000)</string>
						<string>(0.000000, 0.000000, 0.000000)</string>
						<string>(0.000000, 0.000000, 0.000000)</string>
						<string>(0.000000, 0.000000, 0.000000)</string>
						<string>(0.000000, 0.000000, 0.000000)</string>
						<string>(0.000000, 0.000000, 0.000000)</string>
						<string>(0.000000, 0.000000, 0.000000)</string>
						<string>(0.000000, 0.000000, 0.000000)</string>
						<string>(0.000000, 0.000000, 0.000000)</string>
						<string>(0.000000, 0.000000, 0.000000)</string>
						<string>(0.000000, 0.000000, 0.000000)</string>
						<string>(0.000000, 0.000000, 0.000000)</string>
						<string>(0.000000, 0.000000, 0.000000)</string>
						<string>(0.000000, 0.000000, 0.000000)</string>
						<string>(0.000000, 0.000000, 0.000000)</string>
						<string>(0.000000, 0.000000, 0.000000)</string>
						<string>(0.000000, 0.000000, 0.000000)</string>
						<string>(0.000000, 0.000000, 0.000000)</string>
						<string>(0.000000, 0.000000, 0.000000)</string>
						<string>(0.000000, 0.000000, 0.000000)</string>
						<string>(0.000000, 0.000000, 0.000000)</string>
						<string>(0.000000, 0.000000, 0.000000)</string>
						<string>(0.000000, 0.000000, 0.000000)</string>
						<string>(0.000000, 0.000000, 0.000000)</string>
						<string>(0.000000, 0.000000, 0.000000)</string>
						<string>(0.000000, 0.000000, 0.000000)</string>
						<string>(0.000000, 0.000000, 0.000000)</string>
						<string>(0.000000, 0.000000, 0.000000)</string>
						<string>(0.000000, 0.000000, 0.000000)</string>
						<string>(0.000000, 0.000000, 0.000000)</string>
						<string>(0.000000, 0.000000, 0.000000)</string>
						<string>(0.000000, 0.000000, 0.000000)</string>
						<string>(0.000000, 0.000000, 0.000000)</string>
						<string>(0.000000, 0.000000, 0.000000)</string>
						<string>(0.000000, 0.000000, 0.000000)</string>
						<string>(0.000000, 0.000000, 0.000000)</string>
						<string>(0.000000, 0.000000, 0.000000)</string>
						<string>(0.000000, 0.000000, 0.000000)</string>
						<string>(0.000000, 0.000000, 0.000000)</string>
						<string>(0.000000, 0.000000, 0.000000)</string>
						<string>(0.000000, 0.000000, 0.000000)</string>
						<string>(0.000000, 0.000000, 0.000000)</string>
						<string>(0.000000, 0.000000, 0.000000)</string>
						<string>(0.000000, 0.000000, 0.000000)</string>
						<string>(0.000000, 0.000000, 0.000000)</string>
						<string>(0.000000, 0.000000, 0.000000)</string>
						<string>(0.000000, 0.000000, 0.000000)</string>
						<string>(0.000000, 0.000000, 0.000000)</string>
						<string>(0.000000, 0.000000, 0.000000)</string>
						<string>(0.000000, 0.000000, 0.000000)</string>
						<string>(0.000000, 0.000000, 0.000000)</string>
						<string>(0.000000, 0.000000, 0.000000)</string>
						<string>(0.000000, 0.000000, 0.000000)</string>
						<string>(0.000000, 0.000000, 0.000000)</string>
						<string>(0.000000, 0.000000, 0.000000)</string>
						<string>(0.000000, 0.000000, 0.000000)</string>
						<string>(0.000000, 0.000000, 0.000000)</string>
						<string>(0.000000, 0.000000, 0.000000)</string>
						<string>(0.000000, 0.000000, 0.000000)</string>
						<string>(0.000000, 0.000000, 0.000000)</string>
						<string>(0.000000, 0.000000, 0.000000)</string>
						<string>(0.000000, 0.000000, 0.000000)</string>
					</array>
					<key>Point_px</key>
					<array>
						<string>(3259.959961, 1085.270020)</string>
						<string>(3262.500000, 1083.150024)</string>
						<string>(3263.780029, 1080.599976)</string>
						<string>(3264.199951, 1078.050049)</string>
						<string>(3264.620117, 1075.510010)</string>
						<string>(3265.050049, 1073.390015)</string>
						<string>(3267.169922, 1071.270020)</string>
						<string>(3269.719971, 1069.989990)</string>
						<string>(3272.260010, 1069.989990)</string>
						<string>(3274.379883, 1069.989990)</string>
						<string>(3276.500000, 1069.569946)</string>
						<string>(3279.469971, 1069.140015)</string>
						<string>(3282.020020, 1068.300049)</string>
						<string>(3284.139893, 1067.869995)</string>
						<string>(3286.260010, 1067.449951)</string>
						<string>(3288.810059, 1067.020020)</string>
						<string>(3290.929932, 1066.599976)</string>
						<string>(3293.050049, 1065.750000)</string>
						<string>(3295.169922, 1064.900024)</string>
						<string>(3297.719971, 1063.630005)</string>
						<string>(3299.840088, 1062.780029)</string>
						<string>(3299.840088, 1060.229980)</string>
						<string>(3297.719971, 1058.109985)</string>
						<string>(3295.169922, 1057.689941)</string>
						<string>(3293.050049, 1057.689941)</string>
						<string>(3290.929932, 1057.260010)</string>
						<string>(3288.810059, 1056.839966)</string>
						<string>(3286.260010, 1055.989990)</string>
						<string>(3284.139893, 1055.569946)</string>
						<string>(3282.020020, 1054.290039)</string>
						<string>(3279.469971, 1052.170044)</string>
						<string>(3276.929932, 1050.050049)</string>
						<string>(3274.810059, 1049.199951)</string>
						<string>(3272.689941, 1047.930054)</string>
						<string>(3270.139893, 1046.229980)</string>
						<string>(3268.439941, 1043.689941)</string>
						<string>(3266.750000, 1041.140015)</string>
						<string>(3264.620117, 1039.439941)</string>
						<string>(3262.080078, 1038.170044)</string>
						<string>(3260.810059, 1040.290039)</string>
						<string>(3259.959961, 1043.260010)</string>
						<string>(3258.679932, 1045.810059)</string>
						<string>(3256.560059, 1047.930054)</string>
						<string>(3254.439941, 1049.630005)</string>
						<string>(3251.899902, 1050.900024)</string>
						<string>(3248.929932, 1051.750000)</string>
						<string>(3246.800049, 1049.199951)</string>
						<string>(3244.260010, 1048.349976)</string>
						<string>(3241.709961, 1046.660034)</string>
						<string>(3239.590088, 1044.959961)</string>
						<string>(3237.469971, 1043.260010)</string>
						<string>(3234.919922, 1041.569946)</string>
						<string>(3232.800049, 1039.020020)</string>
						<string>(3230.679932, 1036.900024)</string>
						<string>(3228.979980, 1034.349976)</string>
						<string>(3227.290039, 1031.810059)</string>
						<string>(3226.439941, 1029.260010)</string>
						<string>(3226.439941, 1026.709961)</string>
						<string>(3226.860107, 1024.589966)</string>
						<string>(3226.860107, 1022.049988)</string>
						<string>(3224.739990, 1019.080017)</string>
						<string>(3222.620117, 1017.380005)</string>
						<string>(3220.500000, 1016.109985)</string>
						<string>(3217.949951, 1013.989990)</string>
						<string>(3215.409912, 1012.289978)</string>
						<string>(3213.290039, 1011.440002)</string>
						<string>(3211.159912, 1011.020020)</string>
						<string>(3208.620117, 1010.590027)</string>
						<string>(3206.070068, 1010.169983)</string>
						<string>(3203.949951, 1009.739990)</string>
						<string>(3201.830078, 1009.739990)</string>
						<string>(3199.280029, 1009.320007)</string>
						<string>(3197.159912, 1008.890015)</string>
						<string>(3195.040039, 1008.890015)</string>
						<string>(3192.919922, 1008.890015)</string>
						<string>(3190.370117, 1008.890015)</string>
						<string>(3188.250000, 1008.890015)</string>
						<string>(3186.129883, 1008.890015)</string>
						<string>(3183.580078, 1008.469971)</string>
						<string>(3181.459961, 1005.919983)</string>
						<string>(3179.340088, 1005.500000)</string>
						<string>(3177.219971, 1005.500000)</string>
						<string>(3174.669922, 1006.770020)</string>
						<string>(3172.979980, 1009.320007)</string>
						<string>(3172.550049, 1011.859985)</string>
						<string>(3171.699951, 1014.409973)</string>
						<string>(3171.699951, 1016.960022)</string>
						<string>(3172.550049, 1019.500000)</string>
						<string>(3175.100098, 1021.200012)</string>
						<string>(3177.639893, 1022.900024)</string>
						<string>(3175.520020, 1025.020020)</string>
						<string>(3172.979980, 1025.020020)</string>
						<string>(3170.860107, 1024.170044)</string>
						<string>(3168.729980, 1024.170044)</string>
						<string>(3165.340088, 1023.320007)</string>
						<string>(3162.790039, 1023.320007)</string>
						<string>(3160.669922, 1023.320007)</string>
						<string>(3158.550049, 1022.900024)</string>
						<string>(3156.010010, 1022.900024)</string>
						<string>(3153.459961, 1022.900024)</string>
						<string>(3153.040039, 1025.439941)</string>
						<string>(3149.639893, 1026.290039)</string>
						<string>(3147.100098, 1026.709961)</string>
						<string>(3146.250000, 1029.260010)</string>
						<string>(3144.129883, 1030.959961)</string>
						<string>(3142.000000, 1032.650024)</string>
						<string>(3139.459961, 1034.780029)</string>
						<string>(3136.909912, 1036.469971)</string>
						<string>(3135.219971, 1039.020020)</string>
						<string>(3133.939941, 1041.569946)</string>
						<string>(3133.520020, 1044.109985)</string>
						<string>(3134.520020, 1044.449951)</string>
						<string>(3133.090088, 1048.780029)</string>
						<string>(3135.219971, 1051.319946)</string>
						<string>(3136.909912, 1053.449951)</string>
						<string>(3138.189941, 1055.989990)</string>
						<string>(3139.030029, 1058.109985)</string>
						<string>(3136.489990, 1060.229980)</string>
						<string>(3134.370117, 1060.229980)</string>
						<string>(3132.250000, 1060.660034)</string>
						<string>(3129.699951, 1060.660034)</string>
						<string>(3127.149902, 1060.660034)</string>
						<string>(3125.030029, 1061.510010)</string>
						<string>(3122.489990, 1061.510010)</string>
						<string>(3119.939941, 1061.510010)</string>
						<string>(3117.820068, 1061.510010)</string>
						<string>(3115.699951, 1061.510010)</string>
						<string>(3113.149902, 1061.510010)</string>
						<string>(3110.610107, 1061.510010)</string>
						<string>(3108.479980, 1061.510010)</string>
						<string>(3106.360107, 1061.510010)</string>
						<string>(3103.820068, 1061.510010)</string>
						<string>(3101.270020, 1061.930054)</string>
						<string>(3099.149902, 1061.930054)</string>
						<string>(3097.030029, 1061.930054)</string>
						<string>(3094.479980, 1061.510010)</string>
						<string>(3092.360107, 1061.510010)</string>
						<string>(3090.239990, 1061.510010)</string>
						<string>(3087.689941, 1062.359985)</string>
						<string>(3085.149902, 1064.900024)</string>
						<string>(3087.689941, 1064.900024)</string>
						<string>(3090.239990, 1064.900024)</string>
						<string>(3092.360107, 1064.900024)</string>
						<string>(3094.479980, 1064.900024)</string>
						<string>(3097.030029, 1064.900024)</string>
						<string>(3099.149902, 1066.170044)</string>
						<string>(3101.270020, 1068.300049)</string>
						<string>(3102.540039, 1070.420044)</string>
						<string>(3100.419922, 1071.270020)</string>
						<string>(3098.300049, 1071.689941)</string>
						<string>(3097.879883, 1074.239990)</string>
						<string>(3098.729980, 1076.780029)</string>
						<string>(3098.729980, 1079.329956)</string>
						<string>(3096.179932, 1081.869995)</string>
						<string>(3097.030029, 1083.150024)</string>
						<string>(3098.729980, 1083.989990)</string>
						<string>(3100.419922, 1084.420044)</string>
						<string>(3102.540039, 1084.420044)</string>
						<string>(3105.090088, 1084.839966)</string>
						<string>(3107.639893, 1085.270020)</string>
						<string>(3109.760010, 1085.270020)</string>
						<string>(3111.879883, 1086.119995)</string>
						<string>(3114.429932, 1086.119995)</string>
						<string>(3116.969971, 1086.119995)</string>
						<string>(3119.090088, 1086.119995)</string>
						<string>(3121.639893, 1086.119995)</string>
						<string>(3124.179932, 1086.540039)</string>
						<string>(3126.310059, 1087.810059)</string>
						<string>(3128.429932, 1089.510010)</string>
						<string>(3130.969971, 1090.780029)</string>
						<string>(3133.520020, 1091.630005)</string>
						<string>(3136.060059, 1092.060059)</string>
						<string>(3138.610107, 1092.479980)</string>
						<string>(3140.729980, 1095.030029)</string>
						<string>(3142.850098, 1096.300049)</string>
						<string>(3144.969971, 1098.000000)</string>
						<string>(3147.100098, 1100.540039)</string>
						<string>(3148.790039, 1103.089966)</string>
						<string>(3148.790039, 1105.209961)</string>
						<string>(3146.250000, 1106.910034)</string>
						<string>(3144.129883, 1106.910034)</string>
						<string>(3142.000000, 1106.910034)</string>
						<string>(3139.459961, 1106.910034)</string>
						<string>(3136.909912, 1106.910034)</string>
						<string>(3134.790039, 1106.910034)</string>
						<string>(3132.669922, 1107.750000)</string>
						<string>(3130.120117, 1108.180054)</string>
						<string>(3127.580078, 1108.180054)</string>
						<string>(3125.459961, 1108.599976)</string>
						<string>(3123.330078, 1109.030029)</string>
						<string>(3120.790039, 1109.449951)</string>
						<string>(3118.239990, 1111.150024)</string>
						<string>(3117.399902, 1113.689941)</string>
						<string>(3116.120117, 1116.660034)</string>
						<string>(3116.120117, 1118.790039)</string>
						<string>(3116.120117, 1121.329956)</string>
						<string>(3116.120117, 1123.449951)</string>
						<string>(3116.550049, 1126.000000)</string>
						<string>(3117.399902, 1128.550049)</string>
						<string>(3117.659912, 1130.579956)</string>
						<string>(3119.090088, 1133.640015)</string>
						<string>(3119.520020, 1135.760010)</string>
						<string>(3120.370117, 1138.300049)</string>
						<string>(3122.060059, 1140.430054)</string>
						<string>(3123.760010, 1142.969971)</string>
						<string>(3125.879883, 1144.670044)</string>
						<string>(3126.929932, 1145.780029)</string>
						<string>(3129.699951, 1148.060059)</string>
						<string>(3134.340088, 1146.890015)</string>
						<string>(3139.899902, 1145.410034)</string>
						<string>(3146.949951, 1146.890015)</string>
						<string>(3146.949951, 1150.969971)</string>
						<string>(3139.159912, 1155.050049)</string>
						<string>(3133.520020, 1155.280029)</string>
						<string>(3130.969971, 1155.280029)</string>
						<string>(3129.699951, 1156.119995)</string>
						<string>(3127.580078, 1157.819946)</string>
						<string>(3127.149902, 1160.369995)</string>
						<string>(3127.149902, 1162.489990)</string>
						<string>(3127.149902, 1165.030029)</string>
						<string>(3127.149902, 1167.160034)</string>
						<string>(3128.429932, 1169.699951)</string>
						<string>(3130.550049, 1172.250000)</string>
						<string>(3133.090088, 1173.939941)</string>
						<string>(3135.219971, 1174.790039)</string>
						<string>(3137.340088, 1175.219971)</string>
						<string>(3140.310059, 1175.640015)</string>
						<string>(3142.850098, 1175.640015)</string>
						<string>(3144.969971, 1175.219971)</string>
						<string>(3146.669922, 1173.099976)</string>
						<string>(3149.219971, 1170.969971)</string>
						<string>(3151.760010, 1170.969971)</string>
						<string>(3153.879883, 1170.969971)</string>
						<string>(3156.429932, 1171.400024)</string>
						<string>(3158.979980, 1172.250000)</string>
						<string>(3162.790039, 1170.550049)</string>
						<string>(3165.340088, 1168.849976)</string>
						<string>(3167.889893, 1166.310059)</string>
						<string>(3169.159912, 1164.189941)</string>
						<string>(3170.860107, 1161.640015)</string>
						<string>(3172.979980, 1158.670044)</string>
						<string>(3174.250000, 1156.119995)</string>
						<string>(3175.520020, 1153.579956)</string>
						<string>(3178.070068, 1152.310059)</string>
						<string>(3178.070068, 1156.119995)</string>
						<string>(3178.489990, 1159.089966)</string>
						<string>(3180.610107, 1159.939941)</string>
						<string>(3183.159912, 1161.219971)</string>
						<string>(3186.129883, 1162.910034)</string>
						<string>(3188.250000, 1164.609985)</string>
						<string>(3189.100098, 1166.729980)</string>
						<string>(3190.370117, 1169.280029)</string>
						<string>(3191.649902, 1171.400024)</string>
						<string>(3193.770020, 1175.640015)</string>
						<string>(3194.620117, 1178.189941)</string>
						<string>(3195.459961, 1180.729980)</string>
						<string>(3196.739990, 1183.280029)</string>
						<string>(3197.590088, 1185.819946)</string>
						<string>(3198.010010, 1188.369995)</string>
						<string>(3198.010010, 1190.920044)</string>
						<string>(3198.439941, 1193.040039)</string>
						<string>(3198.439941, 1195.579956)</string>
						<string>(3198.439941, 1198.130005)</string>
						<string>(3198.439941, 1200.670044)</string>
						<string>(3197.590088, 1203.219971)</string>
						<string>(3200.129883, 1204.920044)</string>
						<string>(3202.679932, 1204.920044)</string>
						<string>(3204.800049, 1202.369995)</string>
						<string>(3204.800049, 1199.829956)</string>
						<string>(3203.530029, 1197.280029)</string>
						<string>(3203.530029, 1195.160034)</string>
						<string>(3203.530029, 1192.609985)</string>
						<string>(3203.949951, 1190.489990)</string>
						<string>(3205.219971, 1187.949951)</string>
						<string>(3206.919922, 1184.979980)</string>
						<string>(3207.770020, 1182.430054)</string>
						<string>(3208.120117, 1181.369995)</string>
						<string>(3208.489990, 1178.770020)</string>
						<string>(3209.889893, 1175.219971)</string>
						<string>(3210.320068, 1173.099976)</string>
						<string>(3212.860107, 1171.819946)</string>
						<string>(3214.979980, 1171.819946)</string>
						<string>(3217.530029, 1172.250000)</string>
						<string>(3220.070068, 1172.670044)</string>
						<string>(3222.199951, 1172.670044)</string>
						<string>(3224.320068, 1172.670044)</string>
						<string>(3226.860107, 1170.969971)</string>
						<string>(3229.409912, 1169.280029)</string>
						<string>(3231.530029, 1167.579956)</string>
						<string>(3229.409912, 1167.160034)</string>
						<string>(3226.860107, 1165.880005)</string>
						<string>(3226.439941, 1163.339966)</string>
						<string>(3226.010010, 1160.790039)</string>
						<string>(3226.010010, 1158.250000)</string>
						<string>(3226.010010, 1156.119995)</string>
						<string>(3226.010010, 1153.579956)</string>
						<string>(3226.010010, 1151.459961)</string>
						<string>(3226.860107, 1148.910034)</string>
						<string>(3228.979980, 1146.790039)</string>
						<string>(3231.110107, 1145.520020)</string>
						<string>(3232.800049, 1142.969971)</string>
						<string>(3232.800049, 1140.430054)</string>
						<string>(3232.800049, 1138.300049)</string>
						<string>(3231.949951, 1135.760010)</string>
						<string>(3234.080078, 1137.459961)</string>
						<string>(3236.620117, 1139.150024)</string>
						<string>(3238.739990, 1140.430054)</string>
						<string>(3240.860107, 1141.699951)</string>
						<string>(3243.709961, 1141.699951)</string>
						<string>(3245.939941, 1142.069946)</string>
						<string>(3248.530029, 1142.069946)</string>
						<string>(3250.010010, 1137.619995)</string>
						<string>(3250.379883, 1134.660034)</string>
						<string>(3251.129883, 1130.209961)</string>
						<string>(3251.870117, 1122.790039)</string>
						<string>(3252.610107, 1117.229980)</string>
						<string>(3250.379883, 1112.410034)</string>
						<string>(3248.159912, 1107.959961)</string>
						<string>(3248.899902, 1102.770020)</string>
						<string>(3250.760010, 1097.579956)</string>
						<string>(3245.570068, 1094.609985)</string>
						<string>(3248.159912, 1091.280029)</string>
						<string>(3251.870117, 1088.680054)</string>
						<string>(3254.459961, 1087.199951)</string>
					</array>
					<key>Total</key>
					<real>36373192</real>
					<key>Type</key>
					<integer>15</integer>
				</dict>
				<dict>
					<key>Area</key>
					<real>0.0</real>
					<key>Center</key>
					<string>(0.000000, 0.000000, 0.000000)</string>
					<key>Dev</key>
					<real>0.0</real>
					<key>IndexInImage</key>
					<integer>13</integer>
					<key>Max</key>
					<real>1921</real>
					<key>Mean</key>
					<real>1921</real>
					<key>Min</key>
					<real>1921</real>
					<key>Name</key>
					<string>Calcification</string>
					<key>NumberOfPoints</key>
					<integer>1</integer>
					<key>Point_mm</key>
					<array>
						<string>(0.000000, 0.000000, 0.000000)</string>
					</array>
					<key>Point_px</key>
					<array>
						<string>(3127.689941, 1349.680054)</string>
					</array>
					<key>Total</key>
					<real>1921</real>
					<key>Type</key>
					<integer>19</integer>
				</dict>
				<dict>
					<key>Area</key>
					<real>0.0027501250151544809</real>
					<key>Center</key>
					<string>(0.000000, 0.000000, 0.000000)</string>
					<key>Dev</key>
					<real>185.37594604492188</real>
					<key>IndexInImage</key>
					<integer>14</integer>
					<key>Max</key>
					<real>2303</real>
					<key>Mean</key>
					<real>1941.9859619140625</real>
					<key>Min</key>
					<real>1625</real>
					<key>Name</key>
					<string>Calcification</string>
					<key>NumberOfPoints</key>
					<integer>12</integer>
					<key>Point_mm</key>
					<array>
						<string>(0.000000, 0.000000, 0.000000)</string>
						<string>(0.000000, 0.000000, 0.000000)</string>
						<string>(0.000000, 0.000000, 0.000000)</string>
						<string>(0.000000, 0.000000, 0.000000)</string>
						<string>(0.000000, 0.000000, 0.000000)</string>
						<string>(0.000000, 0.000000, 0.000000)</string>
						<string>(0.000000, 0.000000, 0.000000)</string>
						<string>(0.000000, 0.000000, 0.000000)</string>
						<string>(0.000000, 0.000000, 0.000000)</string>
						<string>(0.000000, 0.000000, 0.000000)</string>
						<string>(0.000000, 0.000000, 0.000000)</string>
						<string>(0.000000, 0.000000, 0.000000)</string>
					</array>
					<key>Point_px</key>
					<array>
						<string>(3133.629883, 1327.619995)</string>
						<string>(3134.479980, 1325.500000)</string>
						<string>(3136.169922, 1322.949951)</string>
						<string>(3138.719971, 1324.650024)</string>
						<string>(3141.260010, 1324.229980)</string>
						<string>(3143.389893, 1323.800049)</string>
						<string>(3144.229980, 1325.500000)</string>
						<string>(3142.959961, 1328.050049)</string>
						<string>(3141.260010, 1328.890015)</string>
						<string>(3139.139893, 1330.170044)</string>
						<string>(3136.600098, 1330.589966)</string>
						<string>(3134.050049, 1330.170044)</string>
					</array>
					<key>Total</key>
					<real>137881</real>
					<key>Type</key>
					<integer>15</integer>
				</dict>
				<dict>
					<key>Area</key>
					<real>0.0</real>
					<key>Center</key>
					<string>(0.000000, 0.000000, 0.000000)</string>
					<key>Dev</key>
					<real>0.0</real>
					<key>IndexInImage</key>
					<integer>15</integer>
					<key>Max</key>
					<real>2008</real>
					<key>Mean</key>
					<real>2008</real>
					<key>Min</key>
					<real>2008</real>
					<key>Name</key>
					<string>Calcification</string>
					<key>NumberOfPoints</key>
					<integer>1</integer>
					<key>Point_mm</key>
					<array>
						<string>(0.000000, 0.000000, 0.000000)</string>
					</array>
					<key>Point_px</key>
					<array>
						<string>(3126.409912, 1331.859985)</string>
					</array>
					<key>Total</key>
					<real>2008</real>
					<key>Type</key>
					<integer>19</integer>
				</dict>
				<dict>
					<key>Area</key>
					<real>0.0</real>
					<key>Center</key>
					<string>(0.000000, 0.000000, 0.000000)</string>
					<key>Dev</key>
					<real>0.0</real>
					<key>IndexInImage</key>
					<integer>16</integer>
					<key>Max</key>
					<real>1910</real>
					<key>Mean</key>
					<real>1910</real>
					<key>Min</key>
					<real>1910</real>
					<key>Name</key>
					<string>Calcification</string>
					<key>NumberOfPoints</key>
					<integer>1</integer>
					<key>Point_mm</key>
					<array>
						<string>(0.000000, 0.000000, 0.000000)</string>
					</array>
					<key>Point_px</key>
					<array>
						<string>(3219.760010, 1448.969971)</string>
					</array>
					<key>Total</key>
					<real>1910</real>
					<key>Type</key>
					<integer>19</integer>
				</dict>
				<dict>
					<key>Area</key>
					<real>0.0</real>
					<key>Center</key>
					<string>(0.000000, 0.000000, 0.000000)</string>
					<key>Dev</key>
					<real>0.0</real>
					<key>IndexInImage</key>
					<integer>17</integer>
					<key>Max</key>
					<real>1671</real>
					<key>Mean</key>
					<real>1671</real>
					<key>Min</key>
					<real>1671</real>
					<key>Name</key>
					<string>Calcification</string>
					<key>NumberOfPoints</key>
					<integer>1</integer>
					<key>Point_mm</key>
					<array>
						<string>(0.000000, 0.000000, 0.000000)</string>
					</array>
					<key>Point_px</key>
					<array>
						<string>(2343.639893, 2194.179932)</string>
					</array>
					<key>Total</key>
					<real>1671</real>
					<key>Type</key>
					<integer>19</integer>
				</dict>
			</array>
		</dict>
	</array>
</dict>
</plist>
