<?xml version="1.0" encoding="UTF-8"?>
<!DOCTYPE plist PUBLIC "-//Apple//DTD PLIST 1.0//EN" "http://www.apple.com/DTDs/PropertyList-1.0.dtd">
<plist version="1.0">
<dict>
	<key>Images</key>
	<array>
		<dict>
			<key>ImageIndex</key>
			<integer>0</integer>
			<key>NumberOfROIs</key>
			<integer>27</integer>
			<key>ROIs</key>
			<array>
				<dict>
					<key>Area</key>
					<real>0.37883186340332031</real>
					<key>Center</key>
					<string>(0.000000, 0.000000, 0.000000)</string>
					<key>Dev</key>
					<real>86.65863037109375</real>
					<key>IndexInImage</key>
					<integer>0</integer>
					<key>Max</key>
					<real>2005</real>
					<key>Mean</key>
					<real>1596.4952392578125</real>
					<key>Min</key>
					<real>1387</real>
					<key>Name</key>
					<string>Cluster</string>
					<key>NumberOfPoints</key>
					<integer>200</integer>
					<key>Point_mm</key>
					<array>
						<string>(0.000000, 0.000000, 0.000000)</string>
						<string>(0.000000, 0.000000, 0.000000)</string>
						<string>(0.000000, 0.000000, 0.000000)</string>
						<string>(0.000000, 0.000000, 0.000000)</string>
						<string>(0.000000, 0.000000, 0.000000)</string>
						<string>(0.000000, 0.000000, 0.000000)</string>
						<string>(0.000000, 0.000000, 0.000000)</string>
						<string>(0.000000, 0.000000, 0.000000)</string>
						<string>(0.000000, 0.000000, 0.000000)</string>
						<string>(0.000000, 0.000000, 0.000000)</string>
						<string>(0.000000, 0.000000, 0.000000)</string>
						<string>(0.000000, 0.000000, 0.000000)</string>
						<string>(0.000000, 0.000000, 0.000000)</string>
						<string>(0.000000, 0.000000, 0.000000)</string>
						<string>(0.000000, 0.000000, 0.000000)</string>
						<string>(0.000000, 0.000000, 0.000000)</string>
						<string>(0.000000, 0.000000, 0.000000)</string>
						<string>(0.000000, 0.000000, 0.000000)</string>
						<string>(0.000000, 0.000000, 0.000000)</string>
						<string>(0.000000, 0.000000, 0.000000)</string>
						<string>(0.000000, 0.000000, 0.000000)</string>
						<string>(0.000000, 0.000000, 0.000000)</string>
						<string>(0.000000, 0.000000, 0.000000)</string>
						<string>(0.000000, 0.000000, 0.000000)</string>
						<string>(0.000000, 0.000000, 0.000000)</string>
						<string>(0.000000, 0.000000, 0.000000)</string>
						<string>(0.000000, 0.000000, 0.000000)</string>
						<string>(0.000000, 0.000000, 0.000000)</string>
						<string>(0.000000, 0.000000, 0.000000)</string>
						<string>(0.000000, 0.000000, 0.000000)</string>
						<string>(0.000000, 0.000000, 0.000000)</string>
						<string>(0.000000, 0.000000, 0.000000)</string>
						<string>(0.000000, 0.000000, 0.000000)</string>
						<string>(0.000000, 0.000000, 0.000000)</string>
						<string>(0.000000, 0.000000, 0.000000)</string>
						<string>(0.000000, 0.000000, 0.000000)</string>
						<string>(0.000000, 0.000000, 0.000000)</string>
						<string>(0.000000, 0.000000, 0.000000)</string>
						<string>(0.000000, 0.000000, 0.000000)</string>
						<string>(0.000000, 0.000000, 0.000000)</string>
						<string>(0.000000, 0.000000, 0.000000)</string>
						<string>(0.000000, 0.000000, 0.000000)</string>
						<string>(0.000000, 0.000000, 0.000000)</string>
						<string>(0.000000, 0.000000, 0.000000)</string>
						<string>(0.000000, 0.000000, 0.000000)</string>
						<string>(0.000000, 0.000000, 0.000000)</string>
						<string>(0.000000, 0.000000, 0.000000)</string>
						<string>(0.000000, 0.000000, 0.000000)</string>
						<string>(0.000000, 0.000000, 0.000000)</string>
						<string>(0.000000, 0.000000, 0.000000)</string>
						<string>(0.000000, 0.000000, 0.000000)</string>
						<string>(0.000000, 0.000000, 0.000000)</string>
						<string>(0.000000, 0.000000, 0.000000)</string>
						<string>(0.000000, 0.000000, 0.000000)</string>
						<string>(0.000000, 0.000000, 0.000000)</string>
						<string>(0.000000, 0.000000, 0.000000)</string>
						<string>(0.000000, 0.000000, 0.000000)</string>
						<string>(0.000000, 0.000000, 0.000000)</string>
						<string>(0.000000, 0.000000, 0.000000)</string>
						<string>(0.000000, 0.000000, 0.000000)</string>
						<string>(0.000000, 0.000000, 0.000000)</string>
						<string>(0.000000, 0.000000, 0.000000)</string>
						<string>(0.000000, 0.000000, 0.000000)</string>
						<string>(0.000000, 0.000000, 0.000000)</string>
						<string>(0.000000, 0.000000, 0.000000)</string>
						<string>(0.000000, 0.000000, 0.000000)</string>
						<string>(0.000000, 0.000000, 0.000000)</string>
						<string>(0.000000, 0.000000, 0.000000)</string>
						<string>(0.000000, 0.000000, 0.000000)</string>
						<string>(0.000000, 0.000000, 0.000000)</string>
						<string>(0.000000, 0.000000, 0.000000)</string>
						<string>(0.000000, 0.000000, 0.000000)</string>
						<string>(0.000000, 0.000000, 0.000000)</string>
						<string>(0.000000, 0.000000, 0.000000)</string>
						<string>(0.000000, 0.000000, 0.000000)</string>
						<string>(0.000000, 0.000000, 0.000000)</string>
						<string>(0.000000, 0.000000, 0.000000)</string>
						<string>(0.000000, 0.000000, 0.000000)</string>
						<string>(0.000000, 0.000000, 0.000000)</string>
						<string>(0.000000, 0.000000, 0.000000)</string>
						<string>(0.000000, 0.000000, 0.000000)</string>
						<string>(0.000000, 0.000000, 0.000000)</string>
						<string>(0.000000, 0.000000, 0.000000)</string>
						<string>(0.000000, 0.000000, 0.000000)</string>
						<string>(0.000000, 0.000000, 0.000000)</string>
						<string>(0.000000, 0.000000, 0.000000)</string>
						<string>(0.000000, 0.000000, 0.000000)</string>
						<string>(0.000000, 0.000000, 0.000000)</string>
						<string>(0.000000, 0.000000, 0.000000)</string>
						<string>(0.000000, 0.000000, 0.000000)</string>
						<string>(0.000000, 0.000000, 0.000000)</string>
						<string>(0.000000, 0.000000, 0.000000)</string>
						<string>(0.000000, 0.000000, 0.000000)</string>
						<string>(0.000000, 0.000000, 0.000000)</string>
						<string>(0.000000, 0.000000, 0.000000)</string>
						<string>(0.000000, 0.000000, 0.000000)</string>
						<string>(0.000000, 0.000000, 0.000000)</string>
						<string>(0.000000, 0.000000, 0.000000)</string>
						<string>(0.000000, 0.000000, 0.000000)</string>
						<string>(0.000000, 0.000000, 0.000000)</string>
						<string>(0.000000, 0.000000, 0.000000)</string>
						<string>(0.000000, 0.000000, 0.000000)</string>
						<string>(0.000000, 0.000000, 0.000000)</string>
						<string>(0.000000, 0.000000, 0.000000)</string>
						<string>(0.000000, 0.000000, 0.000000)</string>
						<string>(0.000000, 0.000000, 0.000000)</string>
						<string>(0.000000, 0.000000, 0.000000)</string>
						<string>(0.000000, 0.000000, 0.000000)</string>
						<string>(0.000000, 0.000000, 0.000000)</string>
						<string>(0.000000, 0.000000, 0.000000)</string>
						<string>(0.000000, 0.000000, 0.000000)</string>
						<string>(0.000000, 0.000000, 0.000000)</string>
						<string>(0.000000, 0.000000, 0.000000)</string>
						<string>(0.000000, 0.000000, 0.000000)</string>
						<string>(0.000000, 0.000000, 0.000000)</string>
						<string>(0.000000, 0.000000, 0.000000)</string>
						<string>(0.000000, 0.000000, 0.000000)</string>
						<string>(0.000000, 0.000000, 0.000000)</string>
						<string>(0.000000, 0.000000, 0.000000)</string>
						<string>(0.000000, 0.000000, 0.000000)</string>
						<string>(0.000000, 0.000000, 0.000000)</string>
						<string>(0.000000, 0.000000, 0.000000)</string>
						<string>(0.000000, 0.000000, 0.000000)</string>
						<string>(0.000000, 0.000000, 0.000000)</string>
						<string>(0.000000, 0.000000, 0.000000)</string>
						<string>(0.000000, 0.000000, 0.000000)</string>
						<string>(0.000000, 0.000000, 0.000000)</string>
						<string>(0.000000, 0.000000, 0.000000)</string>
						<string>(0.000000, 0.000000, 0.000000)</string>
						<string>(0.000000, 0.000000, 0.000000)</string>
						<string>(0.000000, 0.000000, 0.000000)</string>
						<string>(0.000000, 0.000000, 0.000000)</string>
						<string>(0.000000, 0.000000, 0.000000)</string>
						<string>(0.000000, 0.000000, 0.000000)</string>
						<string>(0.000000, 0.000000, 0.000000)</string>
						<string>(0.000000, 0.000000, 0.000000)</string>
						<string>(0.000000, 0.000000, 0.000000)</string>
						<string>(0.000000, 0.000000, 0.000000)</string>
						<string>(0.000000, 0.000000, 0.000000)</string>
						<string>(0.000000, 0.000000, 0.000000)</string>
						<string>(0.000000, 0.000000, 0.000000)</string>
						<string>(0.000000, 0.000000, 0.000000)</string>
						<string>(0.000000, 0.000000, 0.000000)</string>
						<string>(0.000000, 0.000000, 0.000000)</string>
						<string>(0.000000, 0.000000, 0.000000)</string>
						<string>(0.000000, 0.000000, 0.000000)</string>
						<string>(0.000000, 0.000000, 0.000000)</string>
						<string>(0.000000, 0.000000, 0.000000)</string>
						<string>(0.000000, 0.000000, 0.000000)</string>
						<string>(0.000000, 0.000000, 0.000000)</string>
						<string>(0.000000, 0.000000, 0.000000)</string>
						<string>(0.000000, 0.000000, 0.000000)</string>
						<string>(0.000000, 0.000000, 0.000000)</string>
						<string>(0.000000, 0.000000, 0.000000)</string>
						<string>(0.000000, 0.000000, 0.000000)</string>
						<string>(0.000000, 0.000000, 0.000000)</string>
						<string>(0.000000, 0.000000, 0.000000)</string>
						<string>(0.000000, 0.000000, 0.000000)</string>
						<string>(0.000000, 0.000000, 0.000000)</string>
						<string>(0.000000, 0.000000, 0.000000)</string>
						<string>(0.000000, 0.000000, 0.000000)</string>
						<string>(0.000000, 0.000000, 0.000000)</string>
						<string>(0.000000, 0.000000, 0.000000)</string>
						<string>(0.000000, 0.000000, 0.000000)</string>
						<string>(0.000000, 0.000000, 0.000000)</string>
						<string>(0.000000, 0.000000, 0.000000)</string>
						<string>(0.000000, 0.000000, 0.000000)</string>
						<string>(0.000000, 0.000000, 0.000000)</string>
						<string>(0.000000, 0.000000, 0.000000)</string>
						<string>(0.000000, 0.000000, 0.000000)</string>
						<string>(0.000000, 0.000000, 0.000000)</string>
						<string>(0.000000, 0.000000, 0.000000)</string>
						<string>(0.000000, 0.000000, 0.000000)</string>
						<string>(0.000000, 0.000000, 0.000000)</string>
						<string>(0.000000, 0.000000, 0.000000)</string>
						<string>(0.000000, 0.000000, 0.000000)</string>
						<string>(0.000000, 0.000000, 0.000000)</string>
						<string>(0.000000, 0.000000, 0.000000)</string>
						<string>(0.000000, 0.000000, 0.000000)</string>
						<string>(0.000000, 0.000000, 0.000000)</string>
						<string>(0.000000, 0.000000, 0.000000)</string>
						<string>(0.000000, 0.000000, 0.000000)</string>
						<string>(0.000000, 0.000000, 0.000000)</string>
						<string>(0.000000, 0.000000, 0.000000)</string>
						<string>(0.000000, 0.000000, 0.000000)</string>
						<string>(0.000000, 0.000000, 0.000000)</string>
						<string>(0.000000, 0.000000, 0.000000)</string>
						<string>(0.000000, 0.000000, 0.000000)</string>
						<string>(0.000000, 0.000000, 0.000000)</string>
						<string>(0.000000, 0.000000, 0.000000)</string>
						<string>(0.000000, 0.000000, 0.000000)</string>
						<string>(0.000000, 0.000000, 0.000000)</string>
						<string>(0.000000, 0.000000, 0.000000)</string>
						<string>(0.000000, 0.000000, 0.000000)</string>
						<string>(0.000000, 0.000000, 0.000000)</string>
						<string>(0.000000, 0.000000, 0.000000)</string>
						<string>(0.000000, 0.000000, 0.000000)</string>
						<string>(0.000000, 0.000000, 0.000000)</string>
						<string>(0.000000, 0.000000, 0.000000)</string>
						<string>(0.000000, 0.000000, 0.000000)</string>
					</array>
					<key>Point_px</key>
					<array>
						<string>(437.633057, 1916.142822)</string>
						<string>(437.608276, 1917.681152)</string>
						<string>(437.533905, 1919.218018)</string>
						<string>(437.410065, 1920.751831)</string>
						<string>(437.236847, 1922.281128)</string>
						<string>(437.014435, 1923.804443)</string>
						<string>(436.743042, 1925.320068)</string>
						<string>(436.422943, 1926.826660)</string>
						<string>(436.054443, 1928.322754)</string>
						<string>(435.637909, 1929.806763)</string>
						<string>(435.173767, 1931.277344)</string>
						<string>(434.662445, 1932.732910)</string>
						<string>(434.104492, 1934.172119)</string>
						<string>(433.500427, 1935.593628)</string>
						<string>(432.850830, 1936.995850)</string>
						<string>(432.156403, 1938.377563)</string>
						<string>(431.417755, 1939.737305)</string>
						<string>(430.635681, 1941.073730)</string>
						<string>(429.810913, 1942.385620)</string>
						<string>(428.944275, 1943.671509)</string>
						<string>(428.036621, 1944.930298)</string>
						<string>(427.088837, 1946.160645)</string>
						<string>(426.101898, 1947.361450)</string>
						<string>(425.076721, 1948.531372)</string>
						<string>(424.014374, 1949.669312)</string>
						<string>(422.915863, 1950.774170)</string>
						<string>(421.782288, 1951.844971)</string>
						<string>(420.614777, 1952.880371)</string>
						<string>(419.414490, 1953.879639)</string>
						<string>(418.182556, 1954.841553)</string>
						<string>(416.920258, 1955.765381)</string>
						<string>(415.628784, 1956.650024)</string>
						<string>(414.309448, 1957.494751)</string>
						<string>(412.963562, 1958.298706)</string>
						<string>(411.592407, 1959.061035)</string>
						<string>(410.197388, 1959.780884)</string>
						<string>(408.779846, 1960.457764)</string>
						<string>(407.341187, 1961.090942)</string>
						<string>(405.882812, 1961.679688)</string>
						<string>(404.406219, 1962.223633)</string>
						<string>(402.912811, 1962.721924)</string>
						<string>(401.404083, 1963.174316)</string>
						<string>(399.881500, 1963.580322)</string>
						<string>(398.346619, 1963.939453)</string>
						<string>(396.800903, 1964.251465)</string>
						<string>(395.245911, 1964.515991)</string>
						<string>(393.683136, 1964.732788)</string>
						<string>(392.114166, 1964.901611)</string>
						<string>(390.540497, 1965.022339)</string>
						<string>(388.963745, 1965.094849)</string>
						<string>(387.385437, 1965.119019)</string>
						<string>(385.807129, 1965.094849)</string>
						<string>(384.230377, 1965.022339)</string>
						<string>(382.656708, 1964.901611)</string>
						<string>(381.087738, 1964.732788)</string>
						<string>(379.524963, 1964.515991)</string>
						<string>(377.969971, 1964.251465)</string>
						<string>(376.424255, 1963.939453)</string>
						<string>(374.889374, 1963.580322)</string>
						<string>(373.366791, 1963.174316)</string>
						<string>(371.858063, 1962.721924)</string>
						<string>(370.364655, 1962.223633)</string>
						<string>(368.888062, 1961.679688)</string>
						<string>(367.429688, 1961.090942)</string>
						<string>(365.991028, 1960.457764)</string>
						<string>(364.573486, 1959.780884)</string>
						<string>(363.178467, 1959.061035)</string>
						<string>(361.807312, 1958.298706)</string>
						<string>(360.461426, 1957.494751)</string>
						<string>(359.142090, 1956.650024)</string>
						<string>(357.850616, 1955.765381)</string>
						<string>(356.588318, 1954.841553)</string>
						<string>(355.356415, 1953.879639)</string>
						<string>(354.156097, 1952.880371)</string>
						<string>(352.988586, 1951.844971)</string>
						<string>(351.855011, 1950.774170)</string>
						<string>(350.756500, 1949.669312)</string>
						<string>(349.694153, 1948.531372)</string>
						<string>(348.668976, 1947.361450)</string>
						<string>(347.682037, 1946.160645)</string>
						<string>(346.734253, 1944.930298)</string>
						<string>(345.826599, 1943.671509)</string>
						<string>(344.959961, 1942.385620)</string>
						<string>(344.135193, 1941.073730)</string>
						<string>(343.353119, 1939.737305)</string>
						<string>(342.614471, 1938.377563)</string>
						<string>(341.920044, 1936.995850)</string>
						<string>(341.270447, 1935.593628)</string>
						<string>(340.666382, 1934.172119)</string>
						<string>(340.108429, 1932.732910)</string>
						<string>(339.597107, 1931.277344)</string>
						<string>(339.132965, 1929.806763)</string>
						<string>(338.716431, 1928.322754)</string>
						<string>(338.347931, 1926.826660)</string>
						<string>(338.027832, 1925.320068)</string>
						<string>(337.756439, 1923.804443)</string>
						<string>(337.534027, 1922.281128)</string>
						<string>(337.360809, 1920.751831)</string>
						<string>(337.236969, 1919.218018)</string>
						<string>(337.162598, 1917.681152)</string>
						<string>(337.137817, 1916.142822)</string>
						<string>(337.162598, 1914.604492)</string>
						<string>(337.236969, 1913.067627)</string>
						<string>(337.360809, 1911.533813)</string>
						<string>(337.534027, 1910.004517)</string>
						<string>(337.756439, 1908.481201)</string>
						<string>(338.027832, 1906.965576)</string>
						<string>(338.347931, 1905.458984)</string>
						<string>(338.716431, 1903.962891)</string>
						<string>(339.132965, 1902.478882)</string>
						<string>(339.597107, 1901.008301)</string>
						<string>(340.108429, 1899.552734)</string>
						<string>(340.666382, 1898.113525)</string>
						<string>(341.270447, 1896.692017)</string>
						<string>(341.920044, 1895.289795)</string>
						<string>(342.614471, 1893.908081)</string>
						<string>(343.353119, 1892.548340)</string>
						<string>(344.135193, 1891.211914)</string>
						<string>(344.959961, 1889.900024)</string>
						<string>(345.826599, 1888.614136)</string>
						<string>(346.734253, 1887.355347)</string>
						<string>(347.682037, 1886.125000)</string>
						<string>(348.668976, 1884.924194)</string>
						<string>(349.694153, 1883.754272)</string>
						<string>(350.756500, 1882.616333)</string>
						<string>(351.855011, 1881.511475)</string>
						<string>(352.988586, 1880.440674)</string>
						<string>(354.156097, 1879.405273)</string>
						<string>(355.356415, 1878.406006)</string>
						<string>(356.588318, 1877.443970)</string>
						<string>(357.850647, 1876.520264)</string>
						<string>(359.142090, 1875.635620)</string>
						<string>(360.461395, 1874.790894)</string>
						<string>(361.807312, 1873.986938)</string>
						<string>(363.178467, 1873.224609)</string>
						<string>(364.573486, 1872.504761)</string>
						<string>(365.991028, 1871.827881)</string>
						<string>(367.429688, 1871.194702)</string>
						<string>(368.888062, 1870.605957)</string>
						<string>(370.364655, 1870.062012)</string>
						<string>(371.858063, 1869.563721)</string>
						<string>(373.366791, 1869.111328)</string>
						<string>(374.889343, 1868.705322)</string>
						<string>(376.424255, 1868.346191)</string>
						<string>(377.969971, 1868.034180)</string>
						<string>(379.524963, 1867.769653)</string>
						<string>(381.087738, 1867.552856)</string>
						<string>(382.656708, 1867.384033)</string>
						<string>(384.230377, 1867.263306)</string>
						<string>(385.807129, 1867.190796)</string>
						<string>(387.385437, 1867.166626)</string>
						<string>(388.963745, 1867.190796)</string>
						<string>(390.540527, 1867.263306)</string>
						<string>(392.114166, 1867.384033)</string>
						<string>(393.683136, 1867.552856)</string>
						<string>(395.245911, 1867.769653)</string>
						<string>(396.800903, 1868.034180)</string>
						<string>(398.346619, 1868.346191)</string>
						<string>(399.881531, 1868.705322)</string>
						<string>(401.404083, 1869.111328)</string>
						<string>(402.912811, 1869.563721)</string>
						<string>(404.406219, 1870.062012)</string>
						<string>(405.882812, 1870.605957)</string>
						<string>(407.341187, 1871.194702)</string>
						<string>(408.779846, 1871.827881)</string>
						<string>(410.197388, 1872.504761)</string>
						<string>(411.592407, 1873.224609)</string>
						<string>(412.963562, 1873.986938)</string>
						<string>(414.309448, 1874.790894)</string>
						<string>(415.628784, 1875.635498)</string>
						<string>(416.920227, 1876.520264)</string>
						<string>(418.182556, 1877.443970)</string>
						<string>(419.414459, 1878.406006)</string>
						<string>(420.614777, 1879.405273)</string>
						<string>(421.782288, 1880.440674)</string>
						<string>(422.915863, 1881.511475)</string>
						<string>(424.014374, 1882.616333)</string>
						<string>(425.076721, 1883.754272)</string>
						<string>(426.101898, 1884.924194)</string>
						<string>(427.088837, 1886.125000)</string>
						<string>(428.036621, 1887.355347)</string>
						<string>(428.944275, 1888.614136)</string>
						<string>(429.810913, 1889.900024)</string>
						<string>(430.635681, 1891.211914)</string>
						<string>(431.417755, 1892.548340)</string>
						<string>(432.156403, 1893.908081)</string>
						<string>(432.850830, 1895.289795)</string>
						<string>(433.500427, 1896.692017)</string>
						<string>(434.104492, 1898.113525)</string>
						<string>(434.662445, 1899.552734)</string>
						<string>(435.173767, 1901.008301)</string>
						<string>(435.637909, 1902.478882)</string>
						<string>(436.054443, 1903.962891)</string>
						<string>(436.422943, 1905.458984)</string>
						<string>(436.743042, 1906.965576)</string>
						<string>(437.014435, 1908.481323)</string>
						<string>(437.236847, 1910.004517)</string>
						<string>(437.410065, 1911.533813)</string>
						<string>(437.533905, 1913.067627)</string>
						<string>(437.608276, 1914.604492)</string>
					</array>
					<key>Total</key>
					<real>12518119</real>
					<key>Type</key>
					<integer>9</integer>
				</dict>
				<dict>
					<key>Area</key>
					<real>0.015764601528644562</real>
					<key>Center</key>
					<string>(0.000000, 0.000000, 0.000000)</string>
					<key>Dev</key>
					<real>92.3651123046875</real>
					<key>IndexInImage</key>
					<integer>1</integer>
					<key>Max</key>
					<real>2039</real>
					<key>Mean</key>
					<real>1795.675048828125</real>
					<key>Min</key>
					<real>1560</real>
					<key>Name</key>
					<string>Calcification</string>
					<key>NumberOfPoints</key>
					<integer>9</integer>
					<key>Point_mm</key>
					<array>
						<string>(0.000000, 0.000000, 0.000000)</string>
						<string>(0.000000, 0.000000, 0.000000)</string>
						<string>(0.000000, 0.000000, 0.000000)</string>
						<string>(0.000000, 0.000000, 0.000000)</string>
						<string>(0.000000, 0.000000, 0.000000)</string>
						<string>(0.000000, 0.000000, 0.000000)</string>
						<string>(0.000000, 0.000000, 0.000000)</string>
						<string>(0.000000, 0.000000, 0.000000)</string>
						<string>(0.000000, 0.000000, 0.000000)</string>
					</array>
					<key>Point_px</key>
					<array>
						<string>(130.662003, 1633.479980)</string>
						<string>(137.266006, 1632.819946)</string>
						<string>(143.871002, 1636.130005)</string>
						<string>(151.796997, 1639.430054)</string>
						<string>(156.419998, 1647.349976)</string>
						<string>(149.815002, 1653.959961)</string>
						<string>(142.550003, 1648.670044)</string>
						<string>(135.945999, 1642.729980)</string>
						<string>(129.341003, 1640.750000)</string>
					</array>
					<key>Total</key>
					<real>646443</real>
					<key>Type</key>
					<integer>15</integer>
				</dict>
				<dict>
					<key>Area</key>
					<real>0.0</real>
					<key>Center</key>
					<string>(0.000000, 0.000000, 0.000000)</string>
					<key>Dev</key>
					<real>0.0</real>
					<key>IndexInImage</key>
					<integer>2</integer>
					<key>Max</key>
					<real>1990</real>
					<key>Mean</key>
					<real>1990</real>
					<key>Min</key>
					<real>1990</real>
					<key>Name</key>
					<string>Calcification</string>
					<key>NumberOfPoints</key>
					<integer>1</integer>
					<key>Point_mm</key>
					<array>
						<string>(0.000000, 0.000000, 0.000000)</string>
					</array>
					<key>Point_px</key>
					<array>
						<string>(125.749001, 1634.699951)</string>
					</array>
					<key>Total</key>
					<real>1990</real>
					<key>Type</key>
					<integer>19</integer>
				</dict>
				<dict>
					<key>Area</key>
					<real>0.0</real>
					<key>Center</key>
					<string>(0.000000, 0.000000, 0.000000)</string>
					<key>Dev</key>
					<real>0.0</real>
					<key>IndexInImage</key>
					<integer>3</integer>
					<key>Max</key>
					<real>1466</real>
					<key>Mean</key>
					<real>1466</real>
					<key>Min</key>
					<real>1466</real>
					<key>Name</key>
					<string>Calcification</string>
					<key>NumberOfPoints</key>
					<integer>1</integer>
					<key>Point_mm</key>
					<array>
						<string>(0.000000, 0.000000, 0.000000)</string>
					</array>
					<key>Point_px</key>
					<array>
						<string>(45.426498, 1386.260010)</string>
					</array>
					<key>Total</key>
					<real>1466</real>
					<key>Type</key>
					<integer>19</integer>
				</dict>
				<dict>
					<key>Area</key>
					<real>0.0</real>
					<key>Center</key>
					<string>(0.000000, 0.000000, 0.000000)</string>
					<key>Dev</key>
					<real>0.0</real>
					<key>IndexInImage</key>
					<integer>4</integer>
					<key>Max</key>
					<real>1431</real>
					<key>Mean</key>
					<real>1431</real>
					<key>Min</key>
					<real>1431</real>
					<key>Name</key>
					<string>Calcification</string>
					<key>NumberOfPoints</key>
					<integer>1</integer>
					<key>Point_mm</key>
					<array>
						<string>(0.000000, 0.000000, 0.000000)</string>
					</array>
					<key>Point_px</key>
					<array>
						<string>(39.847401, 1396.400024)</string>
					</array>
					<key>Total</key>
					<real>1431</real>
					<key>Type</key>
					<integer>19</integer>
				</dict>
				<dict>
					<key>Area</key>
					<real>0.0</real>
					<key>Center</key>
					<string>(0.000000, 0.000000, 0.000000)</string>
					<key>Dev</key>
					<real>0.0</real>
					<key>IndexInImage</key>
					<integer>5</integer>
					<key>Max</key>
					<real>1422</real>
					<key>Mean</key>
					<real>1422</real>
					<key>Min</key>
					<real>1422</real>
					<key>Name</key>
					<string>Calcification</string>
					<key>NumberOfPoints</key>
					<integer>1</integer>
					<key>Point_mm</key>
					<array>
						<string>(0.000000, 0.000000, 0.000000)</string>
					</array>
					<key>Point_px</key>
					<array>
						<string>(36.804199, 1406.040039)</string>
					</array>
					<key>Total</key>
					<real>1422</real>
					<key>Type</key>
					<integer>19</integer>
				</dict>
				<dict>
					<key>Area</key>
					<real>0.0</real>
					<key>Center</key>
					<string>(0.000000, 0.000000, 0.000000)</string>
					<key>Dev</key>
					<real>0.0</real>
					<key>IndexInImage</key>
					<integer>6</integer>
					<key>Max</key>
					<real>1728</real>
					<key>Mean</key>
					<real>1728</real>
					<key>Min</key>
					<real>1728</real>
					<key>Name</key>
					<string>Calcification</string>
					<key>NumberOfPoints</key>
					<integer>1</integer>
					<key>Point_mm</key>
					<array>
						<string>(0.000000, 0.000000, 0.000000)</string>
					</array>
					<key>Point_px</key>
					<array>
						<string>(90.745399, 1401.920044)</string>
					</array>
					<key>Total</key>
					<real>1728</real>
					<key>Type</key>
					<integer>19</integer>
				</dict>
				<dict>
					<key>Area</key>
					<real>0.0</real>
					<key>Center</key>
					<string>(0.000000, 0.000000, 0.000000)</string>
					<key>Dev</key>
					<real>0.0</real>
					<key>IndexInImage</key>
					<integer>7</integer>
					<key>Max</key>
					<real>1436</real>
					<key>Mean</key>
					<real>1436</real>
					<key>Min</key>
					<real>1436</real>
					<key>Name</key>
					<string>Calcification</string>
					<key>NumberOfPoints</key>
					<integer>1</integer>
					<key>Point_mm</key>
					<array>
						<string>(0.000000, 0.000000, 0.000000)</string>
					</array>
					<key>Point_px</key>
					<array>
						<string>(38.833000, 1353.800049)</string>
					</array>
					<key>Total</key>
					<real>1436</real>
					<key>Type</key>
					<integer>19</integer>
				</dict>
				<dict>
					<key>Area</key>
					<real>0.0</real>
					<key>Center</key>
					<string>(0.000000, 0.000000, 0.000000)</string>
					<key>Dev</key>
					<real>0.0</real>
					<key>IndexInImage</key>
					<integer>8</integer>
					<key>Max</key>
					<real>1406</real>
					<key>Mean</key>
					<real>1406</real>
					<key>Min</key>
					<real>1406</real>
					<key>Name</key>
					<string>Calcification</string>
					<key>NumberOfPoints</key>
					<integer>1</integer>
					<key>Point_mm</key>
					<array>
						<string>(0.000000, 0.000000, 0.000000)</string>
					</array>
					<key>Point_px</key>
					<array>
						<string>(41.876202, 1360.900024)</string>
					</array>
					<key>Total</key>
					<real>1406</real>
					<key>Type</key>
					<integer>19</integer>
				</dict>
				<dict>
					<key>Area</key>
					<real>0.0</real>
					<key>Center</key>
					<string>(0.000000, 0.000000, 0.000000)</string>
					<key>Dev</key>
					<real>0.0</real>
					<key>IndexInImage</key>
					<integer>9</integer>
					<key>Max</key>
					<real>1519</real>
					<key>Mean</key>
					<real>1519</real>
					<key>Min</key>
					<real>1519</real>
					<key>Name</key>
					<string>Calcification</string>
					<key>NumberOfPoints</key>
					<integer>1</integer>
					<key>Point_mm</key>
					<array>
						<string>(0.000000, 0.000000, 0.000000)</string>
					</array>
					<key>Point_px</key>
					<array>
						<string>(86.661499, 1385.000000)</string>
					</array>
					<key>Total</key>
					<real>1519</real>
					<key>Type</key>
					<integer>19</integer>
				</dict>
				<dict>
					<key>Area</key>
					<real>0.0042178281582891941</real>
					<key>Center</key>
					<string>(0.000000, 0.000000, 0.000000)</string>
					<key>Dev</key>
					<real>75.773406982421875</real>
					<key>IndexInImage</key>
					<integer>10</integer>
					<key>Max</key>
					<real>1775</real>
					<key>Mean</key>
					<real>1632.8514404296875</real>
					<key>Min</key>
					<real>1405</real>
					<key>Name</key>
					<string>Calcification</string>
					<key>NumberOfPoints</key>
					<integer>5</integer>
					<key>Point_mm</key>
					<array>
						<string>(0.000000, 0.000000, 0.000000)</string>
						<string>(0.000000, 0.000000, 0.000000)</string>
						<string>(0.000000, 0.000000, 0.000000)</string>
						<string>(0.000000, 0.000000, 0.000000)</string>
						<string>(0.000000, 0.000000, 0.000000)</string>
					</array>
					<key>Point_px</key>
					<array>
						<string>(93.676102, 1388.449951)</string>
						<string>(97.638901, 1384.489990)</string>
						<string>(104.244003, 1384.489990)</string>
						<string>(109.527000, 1386.469971)</string>
						<string>(102.262001, 1391.089966)</string>
					</array>
					<key>Total</key>
					<real>164918</real>
					<key>Type</key>
					<integer>15</integer>
				</dict>
				<dict>
					<key>Area</key>
					<real>0.0</real>
					<key>Center</key>
					<string>(0.000000, 0.000000, 0.000000)</string>
					<key>Dev</key>
					<real>0.0</real>
					<key>IndexInImage</key>
					<integer>11</integer>
					<key>Max</key>
					<real>1502</real>
					<key>Mean</key>
					<real>1502</real>
					<key>Min</key>
					<real>1502</real>
					<key>Name</key>
					<string>Calcification</string>
					<key>NumberOfPoints</key>
					<integer>1</integer>
					<key>Point_mm</key>
					<array>
						<string>(0.000000, 0.000000, 0.000000)</string>
					</array>
					<key>Point_px</key>
					<array>
						<string>(25.138399, 1418.719971)</string>
					</array>
					<key>Total</key>
					<real>1502</real>
					<key>Type</key>
					<integer>19</integer>
				</dict>
				<dict>
					<key>Area</key>
					<real>0.0</real>
					<key>Center</key>
					<string>(0.000000, 0.000000, 0.000000)</string>
					<key>Dev</key>
					<real>0.0</real>
					<key>IndexInImage</key>
					<integer>12</integer>
					<key>Max</key>
					<real>1678</real>
					<key>Mean</key>
					<real>1678</real>
					<key>Min</key>
					<real>1678</real>
					<key>Name</key>
					<string>Calcification</string>
					<key>NumberOfPoints</key>
					<integer>1</integer>
					<key>Point_mm</key>
					<array>
						<string>(0.000000, 0.000000, 0.000000)</string>
					</array>
					<key>Point_px</key>
					<array>
						<string>(76.160400, 1418.839966)</string>
					</array>
					<key>Total</key>
					<real>1678</real>
					<key>Type</key>
					<integer>19</integer>
				</dict>
				<dict>
					<key>Area</key>
					<real>0.0</real>
					<key>Center</key>
					<string>(0.000000, 0.000000, 0.000000)</string>
					<key>Dev</key>
					<real>0.0</real>
					<key>IndexInImage</key>
					<integer>13</integer>
					<key>Max</key>
					<real>1536</real>
					<key>Mean</key>
					<real>1536</real>
					<key>Min</key>
					<real>1536</real>
					<key>Name</key>
					<string>Calcification</string>
					<key>NumberOfPoints</key>
					<integer>1</integer>
					<key>Point_mm</key>
					<array>
						<string>(0.000000, 0.000000, 0.000000)</string>
					</array>
					<key>Point_px</key>
					<array>
						<string>(89.578499, 1414.170044)</string>
					</array>
					<key>Total</key>
					<real>1536</real>
					<key>Type</key>
					<integer>19</integer>
				</dict>
				<dict>
					<key>Area</key>
					<real>0.0087553048506379128</real>
					<key>Center</key>
					<string>(0.000000, 0.000000, 0.000000)</string>
					<key>Dev</key>
					<real>179.90786743164062</real>
					<key>IndexInImage</key>
					<integer>14</integer>
					<key>Max</key>
					<real>2190</real>
					<key>Mean</key>
					<real>1774.31005859375</real>
					<key>Min</key>
					<real>1407</real>
					<key>Name</key>
					<string>Calcification</string>
					<key>NumberOfPoints</key>
					<integer>6</integer>
					<key>Point_mm</key>
					<array>
						<string>(0.000000, 0.000000, 0.000000)</string>
						<string>(0.000000, 0.000000, 0.000000)</string>
						<string>(0.000000, 0.000000, 0.000000)</string>
						<string>(0.000000, 0.000000, 0.000000)</string>
						<string>(0.000000, 0.000000, 0.000000)</string>
						<string>(0.000000, 0.000000, 0.000000)</string>
					</array>
					<key>Point_px</key>
					<array>
						<string>(103.583000, 1413.550049)</string>
						<string>(110.188004, 1412.229980)</string>
						<string>(114.150002, 1418.829956)</string>
						<string>(110.848000, 1426.099976)</string>
						<string>(104.244003, 1427.420044)</string>
						<string>(99.620399, 1420.819946)</string>
					</array>
					<key>Total</key>
					<real>354862</real>
					<key>Type</key>
					<integer>15</integer>
				</dict>
				<dict>
					<key>Area</key>
					<real>0.023329934105277061</real>
					<key>Center</key>
					<string>(0.000000, 0.000000, 0.000000)</string>
					<key>Dev</key>
					<real>91.600196838378906</real>
					<key>IndexInImage</key>
					<integer>15</integer>
					<key>Max</key>
					<real>1820</real>
					<key>Mean</key>
					<real>1542.376708984375</real>
					<key>Min</key>
					<real>1332</real>
					<key>Name</key>
					<string>Calcification</string>
					<key>NumberOfPoints</key>
					<integer>10</integer>
					<key>Point_mm</key>
					<array>
						<string>(0.000000, 0.000000, 0.000000)</string>
						<string>(0.000000, 0.000000, 0.000000)</string>
						<string>(0.000000, 0.000000, 0.000000)</string>
						<string>(0.000000, 0.000000, 0.000000)</string>
						<string>(0.000000, 0.000000, 0.000000)</string>
						<string>(0.000000, 0.000000, 0.000000)</string>
						<string>(0.000000, 0.000000, 0.000000)</string>
						<string>(0.000000, 0.000000, 0.000000)</string>
						<string>(0.000000, 0.000000, 0.000000)</string>
						<string>(0.000000, 0.000000, 0.000000)</string>
					</array>
					<key>Point_px</key>
					<array>
						<string>(58.011501, 1503.369995)</string>
						<string>(63.955601, 1499.410034)</string>
						<string>(70.560204, 1500.069946)</string>
						<string>(77.164803, 1504.689941)</string>
						<string>(84.429802, 1509.979980)</string>
						<string>(87.071701, 1517.239990)</string>
						<string>(80.467003, 1521.869995)</string>
						<string>(69.899696, 1521.209961)</string>
						<string>(63.294998, 1517.239990)</string>
						<string>(58.671902, 1511.300049)</string>
					</array>
					<key>Total</key>
					<real>794324</real>
					<key>Type</key>
					<integer>15</integer>
				</dict>
				<dict>
					<key>Area</key>
					<real>0.03161916509270668</real>
					<key>Center</key>
					<string>(0.000000, 0.000000, 0.000000)</string>
					<key>Dev</key>
					<real>70.203163146972656</real>
					<key>IndexInImage</key>
					<integer>16</integer>
					<key>Max</key>
					<real>1985</real>
					<key>Mean</key>
					<real>1752.7628173828125</real>
					<key>Min</key>
					<real>1529</real>
					<key>Name</key>
					<string>Calcification</string>
					<key>NumberOfPoints</key>
					<integer>12</integer>
					<key>Point_mm</key>
					<array>
						<string>(0.000000, 0.000000, 0.000000)</string>
						<string>(0.000000, 0.000000, 0.000000)</string>
						<string>(0.000000, 0.000000, 0.000000)</string>
						<string>(0.000000, 0.000000, 0.000000)</string>
						<string>(0.000000, 0.000000, 0.000000)</string>
						<string>(0.000000, 0.000000, 0.000000)</string>
						<string>(0.000000, 0.000000, 0.000000)</string>
						<string>(0.000000, 0.000000, 0.000000)</string>
						<string>(0.000000, 0.000000, 0.000000)</string>
						<string>(0.000000, 0.000000, 0.000000)</string>
						<string>(0.000000, 0.000000, 0.000000)</string>
						<string>(0.000000, 0.000000, 0.000000)</string>
					</array>
					<key>Point_px</key>
					<array>
						<string>(159.722000, 1461.760010)</string>
						<string>(160.382996, 1455.160034)</string>
						<string>(163.684998, 1448.550049)</string>
						<string>(170.289001, 1447.890015)</string>
						<string>(175.190994, 1450.310059)</string>
						<string>(183.498993, 1451.199951)</string>
						<string>(192.291000, 1451.680054)</string>
						<string>(194.684006, 1458.859985)</string>
						<string>(188.121994, 1467.709961)</string>
						<string>(181.347000, 1470.829956)</string>
						<string>(174.507004, 1471.170044)</string>
						<string>(166.987000, 1470.349976)</string>
					</array>
					<key>Total</key>
					<real>1197137</real>
					<key>Type</key>
					<integer>15</integer>
				</dict>
				<dict>
					<key>Area</key>
					<real>0.0</real>
					<key>Center</key>
					<string>(0.000000, 0.000000, 0.000000)</string>
					<key>Dev</key>
					<real>0.0</real>
					<key>IndexInImage</key>
					<integer>17</integer>
					<key>Max</key>
					<real>1860</real>
					<key>Mean</key>
					<real>1860</real>
					<key>Min</key>
					<real>1860</real>
					<key>Name</key>
					<string>Calcification</string>
					<key>NumberOfPoints</key>
					<integer>1</integer>
					<key>Point_mm</key>
					<array>
						<string>(0.000000, 0.000000, 0.000000)</string>
					</array>
					<key>Point_px</key>
					<array>
						<string>(109.414001, 1435.760010)</string>
					</array>
					<key>Total</key>
					<real>1860</real>
					<key>Type</key>
					<integer>19</integer>
				</dict>
				<dict>
					<key>Area</key>
					<real>0.0</real>
					<key>Center</key>
					<string>(0.000000, 0.000000, 0.000000)</string>
					<key>Dev</key>
					<real>0.0</real>
					<key>IndexInImage</key>
					<integer>18</integer>
					<key>Max</key>
					<real>1663</real>
					<key>Mean</key>
					<real>1663</real>
					<key>Min</key>
					<real>1663</real>
					<key>Name</key>
					<string>Calcification</string>
					<key>NumberOfPoints</key>
					<integer>1</integer>
					<key>Point_mm</key>
					<array>
						<string>(0.000000, 0.000000, 0.000000)</string>
					</array>
					<key>Point_px</key>
					<array>
						<string>(24.821400, 1490.020020)</string>
					</array>
					<key>Total</key>
					<real>1663</real>
					<key>Type</key>
					<integer>19</integer>
				</dict>
				<dict>
					<key>Area</key>
					<real>0.0061331349425017834</real>
					<key>Center</key>
					<string>(0.000000, 0.000000, 0.000000)</string>
					<key>Dev</key>
					<real>116.67317199707031</real>
					<key>IndexInImage</key>
					<integer>19</integer>
					<key>Max</key>
					<real>1695</real>
					<key>Mean</key>
					<real>1439.137939453125</real>
					<key>Min</key>
					<real>1236</real>
					<key>Name</key>
					<string>Calcification</string>
					<key>NumberOfPoints</key>
					<integer>5</integer>
					<key>Point_mm</key>
					<array>
						<string>(0.000000, 0.000000, 0.000000)</string>
						<string>(0.000000, 0.000000, 0.000000)</string>
						<string>(0.000000, 0.000000, 0.000000)</string>
						<string>(0.000000, 0.000000, 0.000000)</string>
						<string>(0.000000, 0.000000, 0.000000)</string>
					</array>
					<key>Point_px</key>
					<array>
						<string>(28.951200, 1519.219971)</string>
						<string>(34.234901, 1525.829956)</string>
						<string>(31.593100, 1532.430054)</string>
						<string>(24.988501, 1532.430054)</string>
						<string>(23.007099, 1525.829956)</string>
					</array>
					<key>Total</key>
					<real>208675</real>
					<key>Type</key>
					<integer>15</integer>
				</dict>
				<dict>
					<key>Area</key>
					<real>0.0</real>
					<key>Center</key>
					<string>(0.000000, 0.000000, 0.000000)</string>
					<key>Dev</key>
					<real>0.0</real>
					<key>IndexInImage</key>
					<integer>20</integer>
					<key>Max</key>
					<real>1525</real>
					<key>Mean</key>
					<real>1525</real>
					<key>Min</key>
					<real>1525</real>
					<key>Name</key>
					<string>Calcification</string>
					<key>NumberOfPoints</key>
					<integer>1</integer>
					<key>Point_mm</key>
					<array>
						<string>(0.000000, 0.000000, 0.000000)</string>
					</array>
					<key>Point_px</key>
					<array>
						<string>(45.426498, 1523.199951)</string>
					</array>
					<key>Total</key>
					<real>1525</real>
					<key>Type</key>
					<integer>19</integer>
				</dict>
				<dict>
					<key>Area</key>
					<real>0.0</real>
					<key>Center</key>
					<string>(0.000000, 0.000000, 0.000000)</string>
					<key>Dev</key>
					<real>0.0</real>
					<key>IndexInImage</key>
					<integer>21</integer>
					<key>Max</key>
					<real>1483</real>
					<key>Mean</key>
					<real>1483</real>
					<key>Min</key>
					<real>1483</real>
					<key>Name</key>
					<string>Calcification</string>
					<key>NumberOfPoints</key>
					<integer>1</integer>
					<key>Point_mm</key>
					<array>
						<string>(0.000000, 0.000000, 0.000000)</string>
					</array>
					<key>Point_px</key>
					<array>
						<string>(55.063499, 1518.130005)</string>
					</array>
					<key>Total</key>
					<real>1483</real>
					<key>Type</key>
					<integer>19</integer>
				</dict>
				<dict>
					<key>Area</key>
					<real>0.018341695889830589</real>
					<key>Center</key>
					<string>(0.000000, 0.000000, 0.000000)</string>
					<key>Dev</key>
					<real>76.974716186523438</real>
					<key>IndexInImage</key>
					<integer>22</integer>
					<key>Max</key>
					<real>2029</real>
					<key>Mean</key>
					<real>1779.237060546875</real>
					<key>Min</key>
					<real>1625</real>
					<key>Name</key>
					<string>Calcification</string>
					<key>NumberOfPoints</key>
					<integer>16</integer>
					<key>Point_mm</key>
					<array>
						<string>(0.000000, 0.000000, 0.000000)</string>
						<string>(0.000000, 0.000000, 0.000000)</string>
						<string>(0.000000, 0.000000, 0.000000)</string>
						<string>(0.000000, 0.000000, 0.000000)</string>
						<string>(0.000000, 0.000000, 0.000000)</string>
						<string>(0.000000, 0.000000, 0.000000)</string>
						<string>(0.000000, 0.000000, 0.000000)</string>
						<string>(0.000000, 0.000000, 0.000000)</string>
						<string>(0.000000, 0.000000, 0.000000)</string>
						<string>(0.000000, 0.000000, 0.000000)</string>
						<string>(0.000000, 0.000000, 0.000000)</string>
						<string>(0.000000, 0.000000, 0.000000)</string>
						<string>(0.000000, 0.000000, 0.000000)</string>
						<string>(0.000000, 0.000000, 0.000000)</string>
						<string>(0.000000, 0.000000, 0.000000)</string>
						<string>(0.000000, 0.000000, 0.000000)</string>
					</array>
					<key>Point_px</key>
					<array>
						<string>(183.014008, 1412.260010)</string>
						<string>(186.264008, 1407.790039)</string>
						<string>(190.326004, 1404.540039)</string>
						<string>(194.794998, 1402.910034)</string>
						<string>(199.263000, 1399.660034)</string>
						<string>(203.326004, 1397.219971)</string>
						<string>(207.794006, 1396.819946)</string>
						<string>(212.263000, 1398.040039)</string>
						<string>(213.089996, 1402.729980)</string>
						<string>(211.449997, 1406.569946)</string>
						<string>(208.606995, 1409.410034)</string>
						<string>(204.602005, 1412.010010)</string>
						<string>(200.498001, 1414.060059)</string>
						<string>(194.794998, 1415.910034)</string>
						<string>(190.399994, 1417.109985)</string>
						<string>(183.399002, 1417.140015)</string>
					</array>
					<key>Total</key>
					<real>690344</real>
					<key>Type</key>
					<integer>15</integer>
				</dict>
				<dict>
					<key>Area</key>
					<real>0.033792391419410706</real>
					<key>Center</key>
					<string>(0.000000, 0.000000, 0.000000)</string>
					<key>Dev</key>
					<real>94.049346923828125</real>
					<key>IndexInImage</key>
					<integer>23</integer>
					<key>Max</key>
					<real>2115</real>
					<key>Mean</key>
					<real>1712.4072265625</real>
					<key>Min</key>
					<real>1512</real>
					<key>Name</key>
					<string>Calcification</string>
					<key>NumberOfPoints</key>
					<integer>15</integer>
					<key>Point_mm</key>
					<array>
						<string>(0.000000, 0.000000, 0.000000)</string>
						<string>(0.000000, 0.000000, 0.000000)</string>
						<string>(0.000000, 0.000000, 0.000000)</string>
						<string>(0.000000, 0.000000, 0.000000)</string>
						<string>(0.000000, 0.000000, 0.000000)</string>
						<string>(0.000000, 0.000000, 0.000000)</string>
						<string>(0.000000, 0.000000, 0.000000)</string>
						<string>(0.000000, 0.000000, 0.000000)</string>
						<string>(0.000000, 0.000000, 0.000000)</string>
						<string>(0.000000, 0.000000, 0.000000)</string>
						<string>(0.000000, 0.000000, 0.000000)</string>
						<string>(0.000000, 0.000000, 0.000000)</string>
						<string>(0.000000, 0.000000, 0.000000)</string>
						<string>(0.000000, 0.000000, 0.000000)</string>
						<string>(0.000000, 0.000000, 0.000000)</string>
					</array>
					<key>Point_px</key>
					<array>
						<string>(198.029007, 1307.219971)</string>
						<string>(204.632996, 1309.859985)</string>
						<string>(211.238007, 1310.520020)</string>
						<string>(217.843002, 1310.520020)</string>
						<string>(224.447006, 1309.859985)</string>
						<string>(231.712006, 1309.859985)</string>
						<string>(238.317001, 1310.520020)</string>
						<string>(239.638000, 1317.119995)</string>
						<string>(236.996002, 1324.390015)</string>
						<string>(229.731003, 1328.349976)</string>
						<string>(222.466003, 1330.989990)</string>
						<string>(215.860992, 1330.329956)</string>
						<string>(208.595993, 1325.709961)</string>
						<string>(203.311996, 1319.099976)</string>
						<string>(196.707993, 1314.479980)</string>
					</array>
					<key>Total</key>
					<real>1236358</real>
					<key>Type</key>
					<integer>15</integer>
				</dict>
				<dict>
					<key>Area</key>
					<real>0.0</real>
					<key>Center</key>
					<string>(0.000000, 0.000000, 0.000000)</string>
					<key>Dev</key>
					<real>0.0</real>
					<key>IndexInImage</key>
					<integer>24</integer>
					<key>Max</key>
					<real>1797</real>
					<key>Mean</key>
					<real>1797</real>
					<key>Min</key>
					<real>1797</real>
					<key>Name</key>
					<string>Calcification</string>
					<key>NumberOfPoints</key>
					<integer>1</integer>
					<key>Point_mm</key>
					<array>
						<string>(0.000000, 0.000000, 0.000000)</string>
					</array>
					<key>Point_px</key>
					<array>
						<string>(175.373993, 1748.239990)</string>
					</array>
					<key>Total</key>
					<real>1797</real>
					<key>Type</key>
					<integer>19</integer>
				</dict>
				<dict>
					<key>Area</key>
					<real>0.0</real>
					<key>Center</key>
					<string>(0.000000, 0.000000, 0.000000)</string>
					<key>Dev</key>
					<real>0.0</real>
					<key>IndexInImage</key>
					<integer>25</integer>
					<key>Max</key>
					<real>2044</real>
					<key>Mean</key>
					<real>2044</real>
					<key>Min</key>
					<real>2044</real>
					<key>Name</key>
					<string>Calcification</string>
					<key>NumberOfPoints</key>
					<integer>1</integer>
					<key>Point_mm</key>
					<array>
						<string>(0.000000, 0.000000, 0.000000)</string>
					</array>
					<key>Point_px</key>
					<array>
						<string>(266.670013, 1688.750000)</string>
					</array>
					<key>Total</key>
					<real>2044</real>
					<key>Type</key>
					<integer>19</integer>
				</dict>
				<dict>
					<key>Area</key>
					<real>0.0</real>
					<key>Center</key>
					<string>(0.000000, 0.000000, 0.000000)</string>
					<key>Dev</key>
					<real>0.0</real>
					<key>IndexInImage</key>
					<integer>26</integer>
					<key>Max</key>
					<real>1971</real>
					<key>Mean</key>
					<real>1971</real>
					<key>Min</key>
					<real>1971</real>
					<key>Name</key>
					<string>Calcification</string>
					<key>NumberOfPoints</key>
					<integer>1</integer>
					<key>Point_mm</key>
					<array>
						<string>(0.000000, 0.000000, 0.000000)</string>
					</array>
					<key>Point_px</key>
					<array>
						<string>(194.007004, 1666.199951)</string>
					</array>
					<key>Total</key>
					<real>1971</real>
					<key>Type</key>
					<integer>19</integer>
				</dict>
			</array>
		</dict>
	</array>
</dict>
</plist>
