<?xml version="1.0" encoding="UTF-8"?>
<!DOCTYPE plist PUBLIC "-//Apple//DTD PLIST 1.0//EN" "http://www.apple.com/DTDs/PropertyList-1.0.dtd">
<plist version="1.0">
<dict>
	<key>Images</key>
	<array>
		<dict>
			<key>ImageIndex</key>
			<integer>0</integer>
			<key>NumberOfROIs</key>
			<integer>2</integer>
			<key>ROIs</key>
			<array>
				<dict>
					<key>Area</key>
					<real>0.033577248454093933</real>
					<key>Center</key>
					<string>(0.000000, 0.000000, 0.000000)</string>
					<key>Dev</key>
					<real>340.7340087890625</real>
					<key>IndexInImage</key>
					<integer>0</integer>
					<key>Max</key>
					<real>3067</real>
					<key>Mean</key>
					<real>2480.204833984375</real>
					<key>Min</key>
					<real>1641</real>
					<key>Name</key>
					<string>Calcification</string>
					<key>NumberOfPoints</key>
					<integer>13</integer>
					<key>Point_mm</key>
					<array>
						<string>(0.000000, 0.000000, 0.000000)</string>
						<string>(0.000000, 0.000000, 0.000000)</string>
						<string>(0.000000, 0.000000, 0.000000)</string>
						<string>(0.000000, 0.000000, 0.000000)</string>
						<string>(0.000000, 0.000000, 0.000000)</string>
						<string>(0.000000, 0.000000, 0.000000)</string>
						<string>(0.000000, 0.000000, 0.000000)</string>
						<string>(0.000000, 0.000000, 0.000000)</string>
						<string>(0.000000, 0.000000, 0.000000)</string>
						<string>(0.000000, 0.000000, 0.000000)</string>
						<string>(0.000000, 0.000000, 0.000000)</string>
						<string>(0.000000, 0.000000, 0.000000)</string>
						<string>(0.000000, 0.000000, 0.000000)</string>
					</array>
					<key>Point_px</key>
					<array>
						<string>(1306.329956, 2313.060059)</string>
						<string>(1312.689941, 2315.600098)</string>
						<string>(1320.949951, 2313.060059)</string>
						<string>(1325.400024, 2306.699951)</string>
						<string>(1329.209961, 2300.350098)</string>
						<string>(1332.390015, 2293.989990)</string>
						<string>(1331.750000, 2287.639893)</string>
						<string>(1326.030029, 2282.550049)</string>
						<string>(1319.040039, 2281.919922)</string>
						<string>(1312.050049, 2285.100098)</string>
						<string>(1308.239990, 2290.179932)</string>
						<string>(1305.699951, 2297.169922)</string>
						<string>(1305.699951, 2304.800049)</string>
					</array>
					<key>Total</key>
					<real>1827911</real>
					<key>Type</key>
					<integer>15</integer>
				</dict>
				<dict>
					<key>Area</key>
					<real>0.0</real>
					<key>Center</key>
					<string>(0.000000, 0.000000, 0.000000)</string>
					<key>Dev</key>
					<real>0.0</real>
					<key>IndexInImage</key>
					<integer>1</integer>
					<key>Max</key>
					<real>1370</real>
					<key>Mean</key>
					<real>1370</real>
					<key>Min</key>
					<real>1370</real>
					<key>Name</key>
					<string>Calcification</string>
					<key>NumberOfPoints</key>
					<integer>1</integer>
					<key>Point_mm</key>
					<array>
						<string>(0.000000, 0.000000, 0.000000)</string>
					</array>
					<key>Point_px</key>
					<array>
						<string>(727.625000, 3155.489990)</string>
					</array>
					<key>Total</key>
					<real>1370</real>
					<key>Type</key>
					<integer>19</integer>
				</dict>
			</array>
		</dict>
	</array>
</dict>
</plist>
