<?xml version="1.0" encoding="UTF-8"?>
<!DOCTYPE plist PUBLIC "-//Apple//DTD PLIST 1.0//EN" "http://www.apple.com/DTDs/PropertyList-1.0.dtd">
<plist version="1.0">
<dict>
	<key>Images</key>
	<array>
		<dict>
			<key>ImageIndex</key>
			<integer>0</integer>
			<key>NumberOfROIs</key>
			<integer>1</integer>
			<key>ROIs</key>
			<array>
				<dict>
					<key>Area</key>
					<real>0.014323312789201736</real>
					<key>Center</key>
					<string>(0.000000, 0.000000, 0.000000)</string>
					<key>Dev</key>
					<real>34.241836547851562</real>
					<key>IndexInImage</key>
					<integer>0</integer>
					<key>Max</key>
					<real>1376</real>
					<key>Mean</key>
					<real>1296.610107421875</real>
					<key>Min</key>
					<real>1194</real>
					<key>Name</key>
					<string>Calcification</string>
					<key>NumberOfPoints</key>
					<integer>9</integer>
					<key>Point_mm</key>
					<array>
						<string>(0.000000, 0.000000, 0.000000)</string>
						<string>(0.000000, 0.000000, 0.000000)</string>
						<string>(0.000000, 0.000000, 0.000000)</string>
						<string>(0.000000, 0.000000, 0.000000)</string>
						<string>(0.000000, 0.000000, 0.000000)</string>
						<string>(0.000000, 0.000000, 0.000000)</string>
						<string>(0.000000, 0.000000, 0.000000)</string>
						<string>(0.000000, 0.000000, 0.000000)</string>
						<string>(0.000000, 0.000000, 0.000000)</string>
					</array>
					<key>Point_px</key>
					<array>
						<string>(743.598022, 1455.560059)</string>
						<string>(750.159973, 1453.099976)</string>
						<string>(756.312988, 1453.920044)</string>
						<string>(759.184021, 1459.660034)</string>
						<string>(757.543030, 1466.229980)</string>
						<string>(754.671997, 1472.380005)</string>
						<string>(747.698975, 1472.790039)</string>
						<string>(742.776978, 1468.280029)</string>
						<string>(741.137024, 1461.709961)</string>
					</array>
					<key>Total</key>
					<real>412322</real>
					<key>Type</key>
					<integer>15</integer>
				</dict>
			</array>
		</dict>
	</array>
</dict>
</plist>
