<?xml version="1.0" encoding="UTF-8"?>
<!DOCTYPE plist PUBLIC "-//Apple//DTD PLIST 1.0//EN" "http://www.apple.com/DTDs/PropertyList-1.0.dtd">
<plist version="1.0">
<dict>
	<key>Images</key>
	<array>
		<dict>
			<key>ImageIndex</key>
			<integer>0</integer>
			<key>NumberOfROIs</key>
			<integer>3</integer>
			<key>ROIs</key>
			<array>
				<dict>
					<key>Area</key>
					<real>0.0012403124710544944</real>
					<key>Center</key>
					<string>(0.000000, 0.000000, 0.000000)</string>
					<key>Dev</key>
					<real>300.372314453125</real>
					<key>IndexInImage</key>
					<integer>0</integer>
					<key>Max</key>
					<real>2593</real>
					<key>Mean</key>
					<real>2099.111083984375</real>
					<key>Min</key>
					<real>1528</real>
					<key>Name</key>
					<string>Calcification</string>
					<key>NumberOfPoints</key>
					<integer>6</integer>
					<key>Point_mm</key>
					<array>
						<string>(0.000000, 0.000000, 0.000000)</string>
						<string>(0.000000, 0.000000, 0.000000)</string>
						<string>(0.000000, 0.000000, 0.000000)</string>
						<string>(0.000000, 0.000000, 0.000000)</string>
						<string>(0.000000, 0.000000, 0.000000)</string>
						<string>(0.000000, 0.000000, 0.000000)</string>
					</array>
					<key>Point_px</key>
					<array>
						<string>(285.980988, 2656.830078)</string>
						<string>(288.881012, 2656.489990)</string>
						<string>(290.415985, 2658.870117)</string>
						<string>(289.733002, 2661.429932)</string>
						<string>(287.003998, 2662.290039)</string>
						<string>(285.299011, 2659.729980)</string>
					</array>
					<key>Total</key>
					<real>75568</real>
					<key>Type</key>
					<integer>15</integer>
				</dict>
				<dict>
					<key>Area</key>
					<real>0.0075287735089659691</real>
					<key>Center</key>
					<string>(0.000000, 0.000000, 0.000000)</string>
					<key>Dev</key>
					<real>214.91986083984375</real>
					<key>IndexInImage</key>
					<integer>1</integer>
					<key>Max</key>
					<real>2913</real>
					<key>Mean</key>
					<real>2429.59765625</real>
					<key>Min</key>
					<real>1935</real>
					<key>Name</key>
					<string>Calcification</string>
					<key>NumberOfPoints</key>
					<integer>8</integer>
					<key>Point_mm</key>
					<array>
						<string>(0.000000, 0.000000, 0.000000)</string>
						<string>(0.000000, 0.000000, 0.000000)</string>
						<string>(0.000000, 0.000000, 0.000000)</string>
						<string>(0.000000, 0.000000, 0.000000)</string>
						<string>(0.000000, 0.000000, 0.000000)</string>
						<string>(0.000000, 0.000000, 0.000000)</string>
						<string>(0.000000, 0.000000, 0.000000)</string>
						<string>(0.000000, 0.000000, 0.000000)</string>
					</array>
					<key>Point_px</key>
					<array>
						<string>(159.352997, 1302.160034)</string>
						<string>(164.925995, 1302.160034)</string>
						<string>(168.531006, 1304.459961)</string>
						<string>(169.514999, 1309.380005)</string>
						<string>(168.203995, 1313.640015)</string>
						<string>(163.615005, 1315.280029)</string>
						<string>(157.714005, 1313.310059)</string>
						<string>(155.748001, 1308.060059)</string>
					</array>
					<key>Total</key>
					<real>434898</real>
					<key>Type</key>
					<integer>15</integer>
				</dict>
				<dict>
					<key>Area</key>
					<real>0.0</real>
					<key>Center</key>
					<string>(0.000000, 0.000000, 0.000000)</string>
					<key>Dev</key>
					<real>0.0</real>
					<key>IndexInImage</key>
					<integer>2</integer>
					<key>Max</key>
					<real>3357</real>
					<key>Mean</key>
					<real>3357</real>
					<key>Min</key>
					<real>3357</real>
					<key>Name</key>
					<string>Calcification</string>
					<key>NumberOfPoints</key>
					<integer>1</integer>
					<key>Point_mm</key>
					<array>
						<string>(0.000000, 0.000000, 0.000000)</string>
					</array>
					<key>Point_px</key>
					<array>
						<string>(485.458008, 1487.910034)</string>
					</array>
					<key>Total</key>
					<real>3357</real>
					<key>Type</key>
					<integer>19</integer>
				</dict>
			</array>
		</dict>
	</array>
</dict>
</plist>
