<?xml version="1.0" encoding="UTF-8"?>
<!DOCTYPE plist PUBLIC "-//Apple//DTD PLIST 1.0//EN" "http://www.apple.com/DTDs/PropertyList-1.0.dtd">
<plist version="1.0">
<dict>
	<key>Images</key>
	<array>
		<dict>
			<key>ImageIndex</key>
			<integer>0</integer>
			<key>NumberOfROIs</key>
			<integer>2</integer>
			<key>ROIs</key>
			<array>
				<dict>
					<key>Area</key>
					<real>5.7826247215270996</real>
					<key>Center</key>
					<string>(0.000000, 0.000000, 0.000000)</string>
					<key>Dev</key>
					<real>0.0</real>
					<key>IndexInImage</key>
					<integer>0</integer>
					<key>Max</key>
					<real>0.0</real>
					<key>Mean</key>
					<real>0.0</real>
					<key>Min</key>
					<real>0.0</real>
					<key>Name</key>
					<string>Mass</string>
					<key>NumberOfPoints</key>
					<integer>113</integer>
					<key>Point_mm</key>
					<array>
						<string>(0.000000, 0.000000, 0.000000)</string>
						<string>(0.000000, 0.000000, 0.000000)</string>
						<string>(0.000000, 0.000000, 0.000000)</string>
						<string>(0.000000, 0.000000, 0.000000)</string>
						<string>(0.000000, 0.000000, 0.000000)</string>
						<string>(0.000000, 0.000000, 0.000000)</string>
						<string>(0.000000, 0.000000, 0.000000)</string>
						<string>(0.000000, 0.000000, 0.000000)</string>
						<string>(0.000000, 0.000000, 0.000000)</string>
						<string>(0.000000, 0.000000, 0.000000)</string>
						<string>(0.000000, 0.000000, 0.000000)</string>
						<string>(0.000000, 0.000000, 0.000000)</string>
						<string>(0.000000, 0.000000, 0.000000)</string>
						<string>(0.000000, 0.000000, 0.000000)</string>
						<string>(0.000000, 0.000000, 0.000000)</string>
						<string>(0.000000, 0.000000, 0.000000)</string>
						<string>(0.000000, 0.000000, 0.000000)</string>
						<string>(0.000000, 0.000000, 0.000000)</string>
						<string>(0.000000, 0.000000, 0.000000)</string>
						<string>(0.000000, 0.000000, 0.000000)</string>
						<string>(0.000000, 0.000000, 0.000000)</string>
						<string>(0.000000, 0.000000, 0.000000)</string>
						<string>(0.000000, 0.000000, 0.000000)</string>
						<string>(0.000000, 0.000000, 0.000000)</string>
						<string>(0.000000, 0.000000, 0.000000)</string>
						<string>(0.000000, 0.000000, 0.000000)</string>
						<string>(0.000000, 0.000000, 0.000000)</string>
						<string>(0.000000, 0.000000, 0.000000)</string>
						<string>(0.000000, 0.000000, 0.000000)</string>
						<string>(0.000000, 0.000000, 0.000000)</string>
						<string>(0.000000, 0.000000, 0.000000)</string>
						<string>(0.000000, 0.000000, 0.000000)</string>
						<string>(0.000000, 0.000000, 0.000000)</string>
						<string>(0.000000, 0.000000, 0.000000)</string>
						<string>(0.000000, 0.000000, 0.000000)</string>
						<string>(0.000000, 0.000000, 0.000000)</string>
						<string>(0.000000, 0.000000, 0.000000)</string>
						<string>(0.000000, 0.000000, 0.000000)</string>
						<string>(0.000000, 0.000000, 0.000000)</string>
						<string>(0.000000, 0.000000, 0.000000)</string>
						<string>(0.000000, 0.000000, 0.000000)</string>
						<string>(0.000000, 0.000000, 0.000000)</string>
						<string>(0.000000, 0.000000, 0.000000)</string>
						<string>(0.000000, 0.000000, 0.000000)</string>
						<string>(0.000000, 0.000000, 0.000000)</string>
						<string>(0.000000, 0.000000, 0.000000)</string>
						<string>(0.000000, 0.000000, 0.000000)</string>
						<string>(0.000000, 0.000000, 0.000000)</string>
						<string>(0.000000, 0.000000, 0.000000)</string>
						<string>(0.000000, 0.000000, 0.000000)</string>
						<string>(0.000000, 0.000000, 0.000000)</string>
						<string>(0.000000, 0.000000, 0.000000)</string>
						<string>(0.000000, 0.000000, 0.000000)</string>
						<string>(0.000000, 0.000000, 0.000000)</string>
						<string>(0.000000, 0.000000, 0.000000)</string>
						<string>(0.000000, 0.000000, 0.000000)</string>
						<string>(0.000000, 0.000000, 0.000000)</string>
						<string>(0.000000, 0.000000, 0.000000)</string>
						<string>(0.000000, 0.000000, 0.000000)</string>
						<string>(0.000000, 0.000000, 0.000000)</string>
						<string>(0.000000, 0.000000, 0.000000)</string>
						<string>(0.000000, 0.000000, 0.000000)</string>
						<string>(0.000000, 0.000000, 0.000000)</string>
						<string>(0.000000, 0.000000, 0.000000)</string>
						<string>(0.000000, 0.000000, 0.000000)</string>
						<string>(0.000000, 0.000000, 0.000000)</string>
						<string>(0.000000, 0.000000, 0.000000)</string>
						<string>(0.000000, 0.000000, 0.000000)</string>
						<string>(0.000000, 0.000000, 0.000000)</string>
						<string>(0.000000, 0.000000, 0.000000)</string>
						<string>(0.000000, 0.000000, 0.000000)</string>
						<string>(0.000000, 0.000000, 0.000000)</string>
						<string>(0.000000, 0.000000, 0.000000)</string>
						<string>(0.000000, 0.000000, 0.000000)</string>
						<string>(0.000000, 0.000000, 0.000000)</string>
						<string>(0.000000, 0.000000, 0.000000)</string>
						<string>(0.000000, 0.000000, 0.000000)</string>
						<string>(0.000000, 0.000000, 0.000000)</string>
						<string>(0.000000, 0.000000, 0.000000)</string>
						<string>(0.000000, 0.000000, 0.000000)</string>
						<string>(0.000000, 0.000000, 0.000000)</string>
						<string>(0.000000, 0.000000, 0.000000)</string>
						<string>(0.000000, 0.000000, 0.000000)</string>
						<string>(0.000000, 0.000000, 0.000000)</string>
						<string>(0.000000, 0.000000, 0.000000)</string>
						<string>(0.000000, 0.000000, 0.000000)</string>
						<string>(0.000000, 0.000000, 0.000000)</string>
						<string>(0.000000, 0.000000, 0.000000)</string>
						<string>(0.000000, 0.000000, 0.000000)</string>
						<string>(0.000000, 0.000000, 0.000000)</string>
						<string>(0.000000, 0.000000, 0.000000)</string>
						<string>(0.000000, 0.000000, 0.000000)</string>
						<string>(0.000000, 0.000000, 0.000000)</string>
						<string>(0.000000, 0.000000, 0.000000)</string>
						<string>(0.000000, 0.000000, 0.000000)</string>
						<string>(0.000000, 0.000000, 0.000000)</string>
						<string>(0.000000, 0.000000, 0.000000)</string>
						<string>(0.000000, 0.000000, 0.000000)</string>
						<string>(0.000000, 0.000000, 0.000000)</string>
						<string>(0.000000, 0.000000, 0.000000)</string>
						<string>(0.000000, 0.000000, 0.000000)</string>
						<string>(0.000000, 0.000000, 0.000000)</string>
						<string>(0.000000, 0.000000, 0.000000)</string>
						<string>(0.000000, 0.000000, 0.000000)</string>
						<string>(0.000000, 0.000000, 0.000000)</string>
						<string>(0.000000, 0.000000, 0.000000)</string>
						<string>(0.000000, 0.000000, 0.000000)</string>
						<string>(0.000000, 0.000000, 0.000000)</string>
						<string>(0.000000, 0.000000, 0.000000)</string>
						<string>(0.000000, 0.000000, 0.000000)</string>
						<string>(0.000000, 0.000000, 0.000000)</string>
						<string>(0.000000, 0.000000, 0.000000)</string>
						<string>(0.000000, 0.000000, 0.000000)</string>
					</array>
					<key>Point_px</key>
					<array>
						<string>(1028.989990, 1978.170044)</string>
						<string>(1016.010010, 1978.170044)</string>
						<string>(1003.030029, 1978.170044)</string>
						<string>(998.700012, 1988.989990)</string>
						<string>(1007.349976, 2001.969971)</string>
						<string>(1018.169983, 2010.630005)</string>
						<string>(1013.849976, 2023.609985)</string>
						<string>(1013.849976, 2036.589966)</string>
						<string>(1016.010010, 2049.570068)</string>
						<string>(1020.340027, 2062.550049)</string>
						<string>(1020.340027, 2075.540039)</string>
						<string>(1024.660034, 2088.520020)</string>
						<string>(1037.640015, 2090.679932)</string>
						<string>(1050.630005, 2092.840088)</string>
						<string>(1063.609985, 2092.840088)</string>
						<string>(1074.430054, 2105.830078)</string>
						<string>(1067.930054, 2118.810059)</string>
						<string>(1054.949951, 2123.129883)</string>
						<string>(1057.119995, 2140.439941)</string>
						<string>(1054.949951, 2153.419922)</string>
						<string>(1057.119995, 2164.239990)</string>
						<string>(1063.609985, 2177.219971)</string>
						<string>(1076.589966, 2183.709961)</string>
						<string>(1087.410034, 2190.209961)</string>
						<string>(1100.390015, 2201.020020)</string>
						<string>(1113.369995, 2207.510010)</string>
						<string>(1126.349976, 2209.679932)</string>
						<string>(1139.329956, 2214.000000)</string>
						<string>(1152.310059, 2216.169922)</string>
						<string>(1165.300049, 2218.330078)</string>
						<string>(1178.280029, 2218.330078)</string>
						<string>(1191.260010, 2222.659912)</string>
						<string>(1204.239990, 2222.659912)</string>
						<string>(1209.729980, 2212.770020)</string>
						<string>(1206.400024, 2198.860107)</string>
						<string>(1216.319946, 2194.300049)</string>
						<string>(1232.369995, 2198.860107)</string>
						<string>(1247.510010, 2201.020020)</string>
						<string>(1258.329956, 2205.350098)</string>
						<string>(1271.310059, 2209.679932)</string>
						<string>(1284.290039, 2207.510010)</string>
						<string>(1297.270020, 2196.699951)</string>
						<string>(1292.949951, 2183.709961)</string>
						<string>(1279.969971, 2183.709961)</string>
						<string>(1262.469971, 2182.439941)</string>
						<string>(1257.199951, 2167.929932)</string>
						<string>(1275.640015, 2168.570068)</string>
						<string>(1279.969971, 2157.750000)</string>
						<string>(1286.459961, 2144.770020)</string>
						<string>(1287.530029, 2133.649902)</string>
						<string>(1302.030029, 2123.100098)</string>
						<string>(1316.540039, 2111.229980)</string>
						<string>(1327.079956, 2098.040039)</string>
						<string>(1344.229980, 2082.219971)</string>
						<string>(1353.459961, 2067.709961)</string>
						<string>(1358.729980, 2055.850098)</string>
						<string>(1358.729980, 2042.660034)</string>
						<string>(1354.780029, 2029.469971)</string>
						<string>(1344.869995, 2017.119995)</string>
						<string>(1344.869995, 2004.140015)</string>
						<string>(1354.780029, 1988.589966)</string>
						<string>(1366.640015, 1979.359985)</string>
						<string>(1370.599976, 1966.180054)</string>
						<string>(1370.599976, 1952.989990)</string>
						<string>(1367.959961, 1939.800049)</string>
						<string>(1360.020020, 1926.250000)</string>
						<string>(1354.780029, 1913.430054)</string>
						<string>(1350.819946, 1898.930054)</string>
						<string>(1340.270020, 1884.420044)</string>
						<string>(1331.890015, 1876.489990)</string>
						<string>(1329.729980, 1863.500000)</string>
						<string>(1325.770020, 1843.540039)</string>
						<string>(1317.849976, 1834.310059)</string>
						<string>(1301.599976, 1824.560059)</string>
						<string>(1286.459961, 1813.739990)</string>
						<string>(1273.469971, 1809.420044)</string>
						<string>(1260.489990, 1809.420044)</string>
						<string>(1247.510010, 1809.420044)</string>
						<string>(1234.530029, 1809.420044)</string>
						<string>(1223.709961, 1822.400024)</string>
						<string>(1219.390015, 1835.380005)</string>
						<string>(1206.400024, 1826.719971)</string>
						<string>(1195.589966, 1813.739990)</string>
						<string>(1187.310059, 1806.619995)</string>
						<string>(1174.119995, 1798.709961)</string>
						<string>(1159.619995, 1794.750000)</string>
						<string>(1143.660034, 1792.109985)</string>
						<string>(1141.500000, 1805.089966)</string>
						<string>(1128.510010, 1809.420044)</string>
						<string>(1115.530029, 1811.579956)</string>
						<string>(1102.550049, 1811.579956)</string>
						<string>(1093.680054, 1810.579956)</string>
						<string>(1084.449951, 1806.619995)</string>
						<string>(1073.900024, 1809.260010)</string>
						<string>(1088.410034, 1826.400024)</string>
						<string>(1065.770020, 1822.400024)</string>
						<string>(1052.790039, 1815.910034)</string>
						<string>(1050.630005, 1828.890015)</string>
						<string>(1050.630005, 1841.869995)</string>
						<string>(1044.140015, 1854.849976)</string>
						<string>(1031.150024, 1863.500000)</string>
						<string>(1018.169983, 1865.670044)</string>
						<string>(1007.349976, 1863.500000)</string>
						<string>(994.372986, 1861.339966)</string>
						<string>(980.280029, 1873.869995)</string>
						<string>(990.046021, 1885.140015)</string>
						<string>(1003.030029, 1889.469971)</string>
						<string>(1016.010010, 1891.630005)</string>
						<string>(1027.750000, 1908.160034)</string>
						<string>(1013.849976, 1926.250000)</string>
						<string>(1016.010010, 1939.229980)</string>
						<string>(1016.010010, 1952.209961)</string>
						<string>(1026.829956, 1960.869995)</string>
					</array>
					<key>Total</key>
					<real>0.0</real>
					<key>Type</key>
					<integer>15</integer>
				</dict>
				<dict>
					<key>Area</key>
					<real>0.0</real>
					<key>Center</key>
					<string>(0.000000, 0.000000, 0.000000)</string>
					<key>Dev</key>
					<real>0.0</real>
					<key>IndexInImage</key>
					<integer>1</integer>
					<key>Max</key>
					<real>0.0</real>
					<key>Mean</key>
					<real>0.0</real>
					<key>Min</key>
					<real>0.0</real>
					<key>Name</key>
					<string>Calcification</string>
					<key>NumberOfPoints</key>
					<integer>1</integer>
					<key>Point_mm</key>
					<array>
						<string>(0.000000, 0.000000, 0.000000)</string>
					</array>
					<key>Point_px</key>
					<array>
						<string>(872.783997, 534.596008)</string>
					</array>
					<key>Total</key>
					<real>0.0</real>
					<key>Type</key>
					<integer>19</integer>
				</dict>
			</array>
		</dict>
	</array>
</dict>
</plist>
