<?xml version="1.0" encoding="UTF-8"?>
<!DOCTYPE plist PUBLIC "-//Apple//DTD PLIST 1.0//EN" "http://www.apple.com/DTDs/PropertyList-1.0.dtd">
<plist version="1.0">
<dict>
	<key>Images</key>
	<array>
		<dict>
			<key>ImageIndex</key>
			<integer>0</integer>
			<key>NumberOfROIs</key>
			<integer>30</integer>
			<key>ROIs</key>
			<array>
				<dict>
					<key>Area</key>
					<real>0.0</real>
					<key>Center</key>
					<string>(0.000000, 0.000000, 0.000000)</string>
					<key>Dev</key>
					<real>0.0</real>
					<key>IndexInImage</key>
					<integer>0</integer>
					<key>Max</key>
					<real>0.0</real>
					<key>Mean</key>
					<real>0.0</real>
					<key>Min</key>
					<real>0.0</real>
					<key>Name</key>
					<string>Calcification</string>
					<key>NumberOfPoints</key>
					<integer>1</integer>
					<key>Point_mm</key>
					<array>
						<string>(0.000000, 0.000000, 0.000000)</string>
					</array>
					<key>Point_px</key>
					<array>
						<string>(1377.420044, 1352.760010)</string>
					</array>
					<key>Total</key>
					<real>0.0</real>
					<key>Type</key>
					<integer>19</integer>
				</dict>
				<dict>
					<key>Area</key>
					<real>0.0</real>
					<key>Center</key>
					<string>(0.000000, 0.000000, 0.000000)</string>
					<key>Dev</key>
					<real>0.0</real>
					<key>IndexInImage</key>
					<integer>1</integer>
					<key>Max</key>
					<real>0.0</real>
					<key>Mean</key>
					<real>0.0</real>
					<key>Min</key>
					<real>0.0</real>
					<key>Name</key>
					<string>Calcification</string>
					<key>NumberOfPoints</key>
					<integer>1</integer>
					<key>Point_mm</key>
					<array>
						<string>(0.000000, 0.000000, 0.000000)</string>
					</array>
					<key>Point_px</key>
					<array>
						<string>(1363.260010, 1652.890015)</string>
					</array>
					<key>Total</key>
					<real>0.0</real>
					<key>Type</key>
					<integer>19</integer>
				</dict>
				<dict>
					<key>Area</key>
					<real>3.8462426662445068</real>
					<key>Center</key>
					<string>(0.000000, 0.000000, 0.000000)</string>
					<key>Dev</key>
					<real>231.60482788085938</real>
					<key>IndexInImage</key>
					<integer>2</integer>
					<key>Max</key>
					<real>1606</real>
					<key>Mean</key>
					<real>1108.8359375</real>
					<key>Min</key>
					<real>0.0</real>
					<key>Name</key>
					<string>Cluster</string>
					<key>NumberOfPoints</key>
					<integer>200</integer>
					<key>Point_mm</key>
					<array>
						<string>(0.000000, 0.000000, 0.000000)</string>
						<string>(0.000000, 0.000000, 0.000000)</string>
						<string>(0.000000, 0.000000, 0.000000)</string>
						<string>(0.000000, 0.000000, 0.000000)</string>
						<string>(0.000000, 0.000000, 0.000000)</string>
						<string>(0.000000, 0.000000, 0.000000)</string>
						<string>(0.000000, 0.000000, 0.000000)</string>
						<string>(0.000000, 0.000000, 0.000000)</string>
						<string>(0.000000, 0.000000, 0.000000)</string>
						<string>(0.000000, 0.000000, 0.000000)</string>
						<string>(0.000000, 0.000000, 0.000000)</string>
						<string>(0.000000, 0.000000, 0.000000)</string>
						<string>(0.000000, 0.000000, 0.000000)</string>
						<string>(0.000000, 0.000000, 0.000000)</string>
						<string>(0.000000, 0.000000, 0.000000)</string>
						<string>(0.000000, 0.000000, 0.000000)</string>
						<string>(0.000000, 0.000000, 0.000000)</string>
						<string>(0.000000, 0.000000, 0.000000)</string>
						<string>(0.000000, 0.000000, 0.000000)</string>
						<string>(0.000000, 0.000000, 0.000000)</string>
						<string>(0.000000, 0.000000, 0.000000)</string>
						<string>(0.000000, 0.000000, 0.000000)</string>
						<string>(0.000000, 0.000000, 0.000000)</string>
						<string>(0.000000, 0.000000, 0.000000)</string>
						<string>(0.000000, 0.000000, 0.000000)</string>
						<string>(0.000000, 0.000000, 0.000000)</string>
						<string>(0.000000, 0.000000, 0.000000)</string>
						<string>(0.000000, 0.000000, 0.000000)</string>
						<string>(0.000000, 0.000000, 0.000000)</string>
						<string>(0.000000, 0.000000, 0.000000)</string>
						<string>(0.000000, 0.000000, 0.000000)</string>
						<string>(0.000000, 0.000000, 0.000000)</string>
						<string>(0.000000, 0.000000, 0.000000)</string>
						<string>(0.000000, 0.000000, 0.000000)</string>
						<string>(0.000000, 0.000000, 0.000000)</string>
						<string>(0.000000, 0.000000, 0.000000)</string>
						<string>(0.000000, 0.000000, 0.000000)</string>
						<string>(0.000000, 0.000000, 0.000000)</string>
						<string>(0.000000, 0.000000, 0.000000)</string>
						<string>(0.000000, 0.000000, 0.000000)</string>
						<string>(0.000000, 0.000000, 0.000000)</string>
						<string>(0.000000, 0.000000, 0.000000)</string>
						<string>(0.000000, 0.000000, 0.000000)</string>
						<string>(0.000000, 0.000000, 0.000000)</string>
						<string>(0.000000, 0.000000, 0.000000)</string>
						<string>(0.000000, 0.000000, 0.000000)</string>
						<string>(0.000000, 0.000000, 0.000000)</string>
						<string>(0.000000, 0.000000, 0.000000)</string>
						<string>(0.000000, 0.000000, 0.000000)</string>
						<string>(0.000000, 0.000000, 0.000000)</string>
						<string>(0.000000, 0.000000, 0.000000)</string>
						<string>(0.000000, 0.000000, 0.000000)</string>
						<string>(0.000000, 0.000000, 0.000000)</string>
						<string>(0.000000, 0.000000, 0.000000)</string>
						<string>(0.000000, 0.000000, 0.000000)</string>
						<string>(0.000000, 0.000000, 0.000000)</string>
						<string>(0.000000, 0.000000, 0.000000)</string>
						<string>(0.000000, 0.000000, 0.000000)</string>
						<string>(0.000000, 0.000000, 0.000000)</string>
						<string>(0.000000, 0.000000, 0.000000)</string>
						<string>(0.000000, 0.000000, 0.000000)</string>
						<string>(0.000000, 0.000000, 0.000000)</string>
						<string>(0.000000, 0.000000, 0.000000)</string>
						<string>(0.000000, 0.000000, 0.000000)</string>
						<string>(0.000000, 0.000000, 0.000000)</string>
						<string>(0.000000, 0.000000, 0.000000)</string>
						<string>(0.000000, 0.000000, 0.000000)</string>
						<string>(0.000000, 0.000000, 0.000000)</string>
						<string>(0.000000, 0.000000, 0.000000)</string>
						<string>(0.000000, 0.000000, 0.000000)</string>
						<string>(0.000000, 0.000000, 0.000000)</string>
						<string>(0.000000, 0.000000, 0.000000)</string>
						<string>(0.000000, 0.000000, 0.000000)</string>
						<string>(0.000000, 0.000000, 0.000000)</string>
						<string>(0.000000, 0.000000, 0.000000)</string>
						<string>(0.000000, 0.000000, 0.000000)</string>
						<string>(0.000000, 0.000000, 0.000000)</string>
						<string>(0.000000, 0.000000, 0.000000)</string>
						<string>(0.000000, 0.000000, 0.000000)</string>
						<string>(0.000000, 0.000000, 0.000000)</string>
						<string>(0.000000, 0.000000, 0.000000)</string>
						<string>(0.000000, 0.000000, 0.000000)</string>
						<string>(0.000000, 0.000000, 0.000000)</string>
						<string>(0.000000, 0.000000, 0.000000)</string>
						<string>(0.000000, 0.000000, 0.000000)</string>
						<string>(0.000000, 0.000000, 0.000000)</string>
						<string>(0.000000, 0.000000, 0.000000)</string>
						<string>(0.000000, 0.000000, 0.000000)</string>
						<string>(0.000000, 0.000000, 0.000000)</string>
						<string>(0.000000, 0.000000, 0.000000)</string>
						<string>(0.000000, 0.000000, 0.000000)</string>
						<string>(0.000000, 0.000000, 0.000000)</string>
						<string>(0.000000, 0.000000, 0.000000)</string>
						<string>(0.000000, 0.000000, 0.000000)</string>
						<string>(0.000000, 0.000000, 0.000000)</string>
						<string>(0.000000, 0.000000, 0.000000)</string>
						<string>(0.000000, 0.000000, 0.000000)</string>
						<string>(0.000000, 0.000000, 0.000000)</string>
						<string>(0.000000, 0.000000, 0.000000)</string>
						<string>(0.000000, 0.000000, 0.000000)</string>
						<string>(0.000000, 0.000000, 0.000000)</string>
						<string>(0.000000, 0.000000, 0.000000)</string>
						<string>(0.000000, 0.000000, 0.000000)</string>
						<string>(0.000000, 0.000000, 0.000000)</string>
						<string>(0.000000, 0.000000, 0.000000)</string>
						<string>(0.000000, 0.000000, 0.000000)</string>
						<string>(0.000000, 0.000000, 0.000000)</string>
						<string>(0.000000, 0.000000, 0.000000)</string>
						<string>(0.000000, 0.000000, 0.000000)</string>
						<string>(0.000000, 0.000000, 0.000000)</string>
						<string>(0.000000, 0.000000, 0.000000)</string>
						<string>(0.000000, 0.000000, 0.000000)</string>
						<string>(0.000000, 0.000000, 0.000000)</string>
						<string>(0.000000, 0.000000, 0.000000)</string>
						<string>(0.000000, 0.000000, 0.000000)</string>
						<string>(0.000000, 0.000000, 0.000000)</string>
						<string>(0.000000, 0.000000, 0.000000)</string>
						<string>(0.000000, 0.000000, 0.000000)</string>
						<string>(0.000000, 0.000000, 0.000000)</string>
						<string>(0.000000, 0.000000, 0.000000)</string>
						<string>(0.000000, 0.000000, 0.000000)</string>
						<string>(0.000000, 0.000000, 0.000000)</string>
						<string>(0.000000, 0.000000, 0.000000)</string>
						<string>(0.000000, 0.000000, 0.000000)</string>
						<string>(0.000000, 0.000000, 0.000000)</string>
						<string>(0.000000, 0.000000, 0.000000)</string>
						<string>(0.000000, 0.000000, 0.000000)</string>
						<string>(0.000000, 0.000000, 0.000000)</string>
						<string>(0.000000, 0.000000, 0.000000)</string>
						<string>(0.000000, 0.000000, 0.000000)</string>
						<string>(0.000000, 0.000000, 0.000000)</string>
						<string>(0.000000, 0.000000, 0.000000)</string>
						<string>(0.000000, 0.000000, 0.000000)</string>
						<string>(0.000000, 0.000000, 0.000000)</string>
						<string>(0.000000, 0.000000, 0.000000)</string>
						<string>(0.000000, 0.000000, 0.000000)</string>
						<string>(0.000000, 0.000000, 0.000000)</string>
						<string>(0.000000, 0.000000, 0.000000)</string>
						<string>(0.000000, 0.000000, 0.000000)</string>
						<string>(0.000000, 0.000000, 0.000000)</string>
						<string>(0.000000, 0.000000, 0.000000)</string>
						<string>(0.000000, 0.000000, 0.000000)</string>
						<string>(0.000000, 0.000000, 0.000000)</string>
						<string>(0.000000, 0.000000, 0.000000)</string>
						<string>(0.000000, 0.000000, 0.000000)</string>
						<string>(0.000000, 0.000000, 0.000000)</string>
						<string>(0.000000, 0.000000, 0.000000)</string>
						<string>(0.000000, 0.000000, 0.000000)</string>
						<string>(0.000000, 0.000000, 0.000000)</string>
						<string>(0.000000, 0.000000, 0.000000)</string>
						<string>(0.000000, 0.000000, 0.000000)</string>
						<string>(0.000000, 0.000000, 0.000000)</string>
						<string>(0.000000, 0.000000, 0.000000)</string>
						<string>(0.000000, 0.000000, 0.000000)</string>
						<string>(0.000000, 0.000000, 0.000000)</string>
						<string>(0.000000, 0.000000, 0.000000)</string>
						<string>(0.000000, 0.000000, 0.000000)</string>
						<string>(0.000000, 0.000000, 0.000000)</string>
						<string>(0.000000, 0.000000, 0.000000)</string>
						<string>(0.000000, 0.000000, 0.000000)</string>
						<string>(0.000000, 0.000000, 0.000000)</string>
						<string>(0.000000, 0.000000, 0.000000)</string>
						<string>(0.000000, 0.000000, 0.000000)</string>
						<string>(0.000000, 0.000000, 0.000000)</string>
						<string>(0.000000, 0.000000, 0.000000)</string>
						<string>(0.000000, 0.000000, 0.000000)</string>
						<string>(0.000000, 0.000000, 0.000000)</string>
						<string>(0.000000, 0.000000, 0.000000)</string>
						<string>(0.000000, 0.000000, 0.000000)</string>
						<string>(0.000000, 0.000000, 0.000000)</string>
						<string>(0.000000, 0.000000, 0.000000)</string>
						<string>(0.000000, 0.000000, 0.000000)</string>
						<string>(0.000000, 0.000000, 0.000000)</string>
						<string>(0.000000, 0.000000, 0.000000)</string>
						<string>(0.000000, 0.000000, 0.000000)</string>
						<string>(0.000000, 0.000000, 0.000000)</string>
						<string>(0.000000, 0.000000, 0.000000)</string>
						<string>(0.000000, 0.000000, 0.000000)</string>
						<string>(0.000000, 0.000000, 0.000000)</string>
						<string>(0.000000, 0.000000, 0.000000)</string>
						<string>(0.000000, 0.000000, 0.000000)</string>
						<string>(0.000000, 0.000000, 0.000000)</string>
						<string>(0.000000, 0.000000, 0.000000)</string>
						<string>(0.000000, 0.000000, 0.000000)</string>
						<string>(0.000000, 0.000000, 0.000000)</string>
						<string>(0.000000, 0.000000, 0.000000)</string>
						<string>(0.000000, 0.000000, 0.000000)</string>
						<string>(0.000000, 0.000000, 0.000000)</string>
						<string>(0.000000, 0.000000, 0.000000)</string>
						<string>(0.000000, 0.000000, 0.000000)</string>
						<string>(0.000000, 0.000000, 0.000000)</string>
						<string>(0.000000, 0.000000, 0.000000)</string>
						<string>(0.000000, 0.000000, 0.000000)</string>
						<string>(0.000000, 0.000000, 0.000000)</string>
						<string>(0.000000, 0.000000, 0.000000)</string>
						<string>(0.000000, 0.000000, 0.000000)</string>
						<string>(0.000000, 0.000000, 0.000000)</string>
						<string>(0.000000, 0.000000, 0.000000)</string>
						<string>(0.000000, 0.000000, 0.000000)</string>
						<string>(0.000000, 0.000000, 0.000000)</string>
					</array>
					<key>Point_px</key>
					<array>
						<string>(932.838013, 1529.579956)</string>
						<string>(932.759521, 1534.517212)</string>
						<string>(932.524292, 1539.449707)</string>
						<string>(932.132507, 1544.372314)</string>
						<string>(931.584534, 1549.280518)</string>
						<string>(930.880981, 1554.169067)</string>
						<string>(930.022400, 1559.033447)</string>
						<string>(929.009766, 1563.868774)</string>
						<string>(927.844055, 1568.670288)</string>
						<string>(926.526367, 1573.433228)</string>
						<string>(925.058044, 1578.152832)</string>
						<string>(923.440552, 1582.824463)</string>
						<string>(921.675476, 1587.443604)</string>
						<string>(919.764526, 1592.005615)</string>
						<string>(917.709595, 1596.506104)</string>
						<string>(915.512695, 1600.940430)</string>
						<string>(913.176086, 1605.304443)</string>
						<string>(910.701965, 1609.593628)</string>
						<string>(908.092834, 1613.803833)</string>
						<string>(905.351257, 1617.931030)</string>
						<string>(902.479919, 1621.970947)</string>
						<string>(899.481628, 1625.919800)</string>
						<string>(896.359436, 1629.773438)</string>
						<string>(893.116394, 1633.528320)</string>
						<string>(889.755676, 1637.180542)</string>
						<string>(886.280579, 1640.726562)</string>
						<string>(882.694519, 1644.162842)</string>
						<string>(879.001160, 1647.486206)</string>
						<string>(875.203979, 1650.693115)</string>
						<string>(871.306824, 1653.780518)</string>
						<string>(867.313538, 1656.745239)</string>
						<string>(863.228088, 1659.584595)</string>
						<string>(859.054382, 1662.295654)</string>
						<string>(854.796692, 1664.875732)</string>
						<string>(850.459106, 1667.322266)</string>
						<string>(846.045959, 1669.632812)</string>
						<string>(841.561584, 1671.805176)</string>
						<string>(837.010437, 1673.837158)</string>
						<string>(832.396973, 1675.726929)</string>
						<string>(827.725769, 1677.472290)</string>
						<string>(823.001404, 1679.071777)</string>
						<string>(818.228577, 1680.523682)</string>
						<string>(813.411987, 1681.826660)</string>
						<string>(808.556396, 1682.979370)</string>
						<string>(803.666565, 1683.980835)</string>
						<string>(798.747314, 1684.829712)</string>
						<string>(793.803589, 1685.525513)</string>
						<string>(788.840149, 1686.067383)</string>
						<string>(783.862000, 1686.454834)</string>
						<string>(778.873962, 1686.687378)</string>
						<string>(773.880981, 1686.764893)</string>
						<string>(768.888000, 1686.687378)</string>
						<string>(763.900024, 1686.454834)</string>
						<string>(758.921814, 1686.067383)</string>
						<string>(753.958374, 1685.525513)</string>
						<string>(749.014648, 1684.829712)</string>
						<string>(744.095398, 1683.980835)</string>
						<string>(739.205566, 1682.979370)</string>
						<string>(734.349976, 1681.826660)</string>
						<string>(729.533386, 1680.523682)</string>
						<string>(724.760559, 1679.071777)</string>
						<string>(720.036255, 1677.472290)</string>
						<string>(715.364990, 1675.726929)</string>
						<string>(710.751526, 1673.837158)</string>
						<string>(706.200378, 1671.805176)</string>
						<string>(701.716003, 1669.632812)</string>
						<string>(697.302856, 1667.322266)</string>
						<string>(692.965271, 1664.875732)</string>
						<string>(688.707581, 1662.295654)</string>
						<string>(684.533875, 1659.584595)</string>
						<string>(680.448425, 1656.745239)</string>
						<string>(676.455139, 1653.780518)</string>
						<string>(672.557983, 1650.693115)</string>
						<string>(668.760803, 1647.486206)</string>
						<string>(665.067444, 1644.162842)</string>
						<string>(661.481384, 1640.726562)</string>
						<string>(658.006287, 1637.180542)</string>
						<string>(654.645569, 1633.528198)</string>
						<string>(651.402527, 1629.773438)</string>
						<string>(648.280334, 1625.919800)</string>
						<string>(645.282043, 1621.970947)</string>
						<string>(642.410706, 1617.931030)</string>
						<string>(639.669128, 1613.803833)</string>
						<string>(637.059998, 1609.593628)</string>
						<string>(634.585938, 1605.304443)</string>
						<string>(632.249268, 1600.940430)</string>
						<string>(630.052368, 1596.506104)</string>
						<string>(627.997437, 1592.005615)</string>
						<string>(626.086487, 1587.443604)</string>
						<string>(624.321411, 1582.824463)</string>
						<string>(622.703918, 1578.152832)</string>
						<string>(621.235596, 1573.433228)</string>
						<string>(619.917908, 1568.670288)</string>
						<string>(618.752197, 1563.868774)</string>
						<string>(617.739563, 1559.033447)</string>
						<string>(616.880981, 1554.169067)</string>
						<string>(616.177429, 1549.280396)</string>
						<string>(615.629456, 1544.372314)</string>
						<string>(615.237671, 1539.449707)</string>
						<string>(615.002441, 1534.517212)</string>
						<string>(614.924011, 1529.579956)</string>
						<string>(615.002441, 1524.642700)</string>
						<string>(615.237671, 1519.710205)</string>
						<string>(615.629456, 1514.787598)</string>
						<string>(616.177429, 1509.879517)</string>
						<string>(616.880981, 1504.990845)</string>
						<string>(617.739563, 1500.126465)</string>
						<string>(618.752197, 1495.291138)</string>
						<string>(619.917908, 1490.489624)</string>
						<string>(621.235596, 1485.726685)</string>
						<string>(622.703918, 1481.007080)</string>
						<string>(624.321411, 1476.335449)</string>
						<string>(626.086487, 1471.716309)</string>
						<string>(627.997437, 1467.154297)</string>
						<string>(630.052368, 1462.653809)</string>
						<string>(632.249268, 1458.219482)</string>
						<string>(634.585876, 1453.855469)</string>
						<string>(637.059998, 1449.566284)</string>
						<string>(639.669128, 1445.355957)</string>
						<string>(642.410767, 1441.228882)</string>
						<string>(645.282104, 1437.188965)</string>
						<string>(648.280334, 1433.240112)</string>
						<string>(651.402527, 1429.386475)</string>
						<string>(654.645569, 1425.631714)</string>
						<string>(658.006287, 1421.979370)</string>
						<string>(661.481384, 1418.433350)</string>
						<string>(665.067444, 1414.997070)</string>
						<string>(668.760803, 1411.673706)</string>
						<string>(672.557983, 1408.466797)</string>
						<string>(676.455139, 1405.379395)</string>
						<string>(680.448425, 1402.414551)</string>
						<string>(684.533875, 1399.575317)</string>
						<string>(688.707520, 1396.864258)</string>
						<string>(692.965271, 1394.284180)</string>
						<string>(697.302856, 1391.837646)</string>
						<string>(701.716003, 1389.527100)</string>
						<string>(706.200378, 1387.354736)</string>
						<string>(710.751526, 1385.322754)</string>
						<string>(715.364990, 1383.433105)</string>
						<string>(720.036194, 1381.687622)</string>
						<string>(724.760559, 1380.088135)</string>
						<string>(729.533386, 1378.636230)</string>
						<string>(734.349976, 1377.333252)</string>
						<string>(739.205566, 1376.180542)</string>
						<string>(744.095398, 1375.179199)</string>
						<string>(749.014648, 1374.330200)</string>
						<string>(753.958374, 1373.634399)</string>
						<string>(758.921814, 1373.092529)</string>
						<string>(763.899963, 1372.705078)</string>
						<string>(768.888000, 1372.472534)</string>
						<string>(773.880981, 1372.395020)</string>
						<string>(778.873962, 1372.472534)</string>
						<string>(783.862000, 1372.705078)</string>
						<string>(788.840149, 1373.092529)</string>
						<string>(793.803589, 1373.634399)</string>
						<string>(798.747375, 1374.330200)</string>
						<string>(803.666565, 1375.179199)</string>
						<string>(808.556396, 1376.180542)</string>
						<string>(813.411987, 1377.333252)</string>
						<string>(818.228577, 1378.636230)</string>
						<string>(823.001404, 1380.088135)</string>
						<string>(827.725769, 1381.687622)</string>
						<string>(832.396973, 1383.433105)</string>
						<string>(837.010437, 1385.322754)</string>
						<string>(841.561584, 1387.354736)</string>
						<string>(846.045959, 1389.527100)</string>
						<string>(850.459106, 1391.837769)</string>
						<string>(854.796692, 1394.284302)</string>
						<string>(859.054382, 1396.864258)</string>
						<string>(863.228027, 1399.575317)</string>
						<string>(867.313538, 1402.414551)</string>
						<string>(871.306824, 1405.379395)</string>
						<string>(875.203979, 1408.466797)</string>
						<string>(879.001099, 1411.673706)</string>
						<string>(882.694519, 1414.996948)</string>
						<string>(886.280518, 1418.433350)</string>
						<string>(889.755615, 1421.979370)</string>
						<string>(893.116394, 1425.631592)</string>
						<string>(896.359436, 1429.386475)</string>
						<string>(899.481628, 1433.240112)</string>
						<string>(902.479858, 1437.188965)</string>
						<string>(905.351196, 1441.228882)</string>
						<string>(908.092834, 1445.355957)</string>
						<string>(910.701965, 1449.566284)</string>
						<string>(913.176086, 1453.855469)</string>
						<string>(915.512695, 1458.219482)</string>
						<string>(917.709595, 1462.653809)</string>
						<string>(919.764526, 1467.154297)</string>
						<string>(921.675476, 1471.716309)</string>
						<string>(923.440552, 1476.335449)</string>
						<string>(925.058105, 1481.007080)</string>
						<string>(926.526367, 1485.726807)</string>
						<string>(927.844055, 1490.489624)</string>
						<string>(929.009766, 1495.291138)</string>
						<string>(930.022400, 1500.126465)</string>
						<string>(930.880981, 1504.990845)</string>
						<string>(931.584534, 1509.879517)</string>
						<string>(932.132507, 1514.787598)</string>
						<string>(932.524292, 1519.710205)</string>
						<string>(932.759521, 1524.642700)</string>
					</array>
					<key>Total</key>
					<real>87360752</real>
					<key>Type</key>
					<integer>9</integer>
				</dict>
				<dict>
					<key>Area</key>
					<real>0.0</real>
					<key>Center</key>
					<string>(0.000000, 0.000000, 0.000000)</string>
					<key>Dev</key>
					<real>0.0</real>
					<key>IndexInImage</key>
					<integer>3</integer>
					<key>Max</key>
					<real>1441</real>
					<key>Mean</key>
					<real>1441</real>
					<key>Min</key>
					<real>1441</real>
					<key>Name</key>
					<string>Calcification</string>
					<key>NumberOfPoints</key>
					<integer>1</integer>
					<key>Point_mm</key>
					<array>
						<string>(0.000000, 0.000000, 0.000000)</string>
					</array>
					<key>Point_px</key>
					<array>
						<string>(173.557999, 1222.479980)</string>
					</array>
					<key>Total</key>
					<real>1441</real>
					<key>Type</key>
					<integer>19</integer>
				</dict>
				<dict>
					<key>Area</key>
					<real>0.0</real>
					<key>Center</key>
					<string>(0.000000, 0.000000, 0.000000)</string>
					<key>Dev</key>
					<real>0.0</real>
					<key>IndexInImage</key>
					<integer>4</integer>
					<key>Max</key>
					<real>1266</real>
					<key>Mean</key>
					<real>1266</real>
					<key>Min</key>
					<real>1266</real>
					<key>Name</key>
					<string>Calcification</string>
					<key>NumberOfPoints</key>
					<integer>1</integer>
					<key>Point_mm</key>
					<array>
						<string>(0.000000, 0.000000, 0.000000)</string>
					</array>
					<key>Point_px</key>
					<array>
						<string>(51.376598, 1461.199951)</string>
					</array>
					<key>Total</key>
					<real>1266</real>
					<key>Type</key>
					<integer>19</integer>
				</dict>
				<dict>
					<key>Area</key>
					<real>0.0</real>
					<key>Center</key>
					<string>(0.000000, 0.000000, 0.000000)</string>
					<key>Dev</key>
					<real>0.0</real>
					<key>IndexInImage</key>
					<integer>5</integer>
					<key>Max</key>
					<real>707</real>
					<key>Mean</key>
					<real>707</real>
					<key>Min</key>
					<real>707</real>
					<key>Name</key>
					<string>Calcification</string>
					<key>NumberOfPoints</key>
					<integer>1</integer>
					<key>Point_mm</key>
					<array>
						<string>(0.000000, 0.000000, 0.000000)</string>
					</array>
					<key>Point_px</key>
					<array>
						<string>(1011.119995, 1950.810059)</string>
					</array>
					<key>Total</key>
					<real>707</real>
					<key>Type</key>
					<integer>19</integer>
				</dict>
				<dict>
					<key>Area</key>
					<real>0.0</real>
					<key>Center</key>
					<string>(0.000000, 0.000000, 0.000000)</string>
					<key>Dev</key>
					<real>0.0</real>
					<key>IndexInImage</key>
					<integer>6</integer>
					<key>Max</key>
					<real>0.0</real>
					<key>Mean</key>
					<real>0.0</real>
					<key>Min</key>
					<real>0.0</real>
					<key>Name</key>
					<string>Calcification</string>
					<key>NumberOfPoints</key>
					<integer>1</integer>
					<key>Point_mm</key>
					<array>
						<string>(0.000000, 0.000000, 0.000000)</string>
					</array>
					<key>Point_px</key>
					<array>
						<string>(1397.660034, 1654.050049)</string>
					</array>
					<key>Total</key>
					<real>0.0</real>
					<key>Type</key>
					<integer>19</integer>
				</dict>
				<dict>
					<key>Area</key>
					<real>0.0</real>
					<key>Center</key>
					<string>(0.000000, 0.000000, 0.000000)</string>
					<key>Dev</key>
					<real>0.0</real>
					<key>IndexInImage</key>
					<integer>7</integer>
					<key>Max</key>
					<real>1362</real>
					<key>Mean</key>
					<real>1362</real>
					<key>Min</key>
					<real>1362</real>
					<key>Name</key>
					<string>Calcification</string>
					<key>NumberOfPoints</key>
					<integer>1</integer>
					<key>Point_mm</key>
					<array>
						<string>(0.000000, 0.000000, 0.000000)</string>
					</array>
					<key>Point_px</key>
					<array>
						<string>(674.658997, 2398.679932)</string>
					</array>
					<key>Total</key>
					<real>1362</real>
					<key>Type</key>
					<integer>19</integer>
				</dict>
				<dict>
					<key>Area</key>
					<real>0.010467625223100185</real>
					<key>Center</key>
					<string>(0.000000, 0.000000, 0.000000)</string>
					<key>Dev</key>
					<real>0.0</real>
					<key>IndexInImage</key>
					<integer>8</integer>
					<key>Max</key>
					<real>0.0</real>
					<key>Mean</key>
					<real>0.0</real>
					<key>Min</key>
					<real>0.0</real>
					<key>Name</key>
					<string>Calcification</string>
					<key>NumberOfPoints</key>
					<integer>16</integer>
					<key>Point_mm</key>
					<array>
						<string>(0.000000, 0.000000, 0.000000)</string>
						<string>(0.000000, 0.000000, 0.000000)</string>
						<string>(0.000000, 0.000000, 0.000000)</string>
						<string>(0.000000, 0.000000, 0.000000)</string>
						<string>(0.000000, 0.000000, 0.000000)</string>
						<string>(0.000000, 0.000000, 0.000000)</string>
						<string>(0.000000, 0.000000, 0.000000)</string>
						<string>(0.000000, 0.000000, 0.000000)</string>
						<string>(0.000000, 0.000000, 0.000000)</string>
						<string>(0.000000, 0.000000, 0.000000)</string>
						<string>(0.000000, 0.000000, 0.000000)</string>
						<string>(0.000000, 0.000000, 0.000000)</string>
						<string>(0.000000, 0.000000, 0.000000)</string>
						<string>(0.000000, 0.000000, 0.000000)</string>
						<string>(0.000000, 0.000000, 0.000000)</string>
						<string>(0.000000, 0.000000, 0.000000)</string>
					</array>
					<key>Point_px</key>
					<array>
						<string>(1181.280029, 2579.870117)</string>
						<string>(1175.719971, 2582.830078)</string>
						<string>(1171.640015, 2582.830078)</string>
						<string>(1167.930054, 2580.239990)</string>
						<string>(1166.069946, 2574.300049)</string>
						<string>(1165.699951, 2570.219971)</string>
						<string>(1167.930054, 2565.399902)</string>
						<string>(1170.890015, 2562.810059)</string>
						<string>(1175.339966, 2562.810059)</string>
						<string>(1180.170044, 2565.770020)</string>
						<string>(1181.650024, 2568.739990)</string>
						<string>(1182.390015, 2572.080078)</string>
						<string>(1177.939941, 2570.219971)</string>
						<string>(1174.599976, 2570.219971)</string>
						<string>(1173.489990, 2575.419922)</string>
						<string>(1177.199951, 2578.010010)</string>
					</array>
					<key>Total</key>
					<real>0.0</real>
					<key>Type</key>
					<integer>15</integer>
				</dict>
				<dict>
					<key>Area</key>
					<real>0.037730000913143158</real>
					<key>Center</key>
					<string>(0.000000, 0.000000, 0.000000)</string>
					<key>Dev</key>
					<real>0.0</real>
					<key>IndexInImage</key>
					<integer>9</integer>
					<key>Max</key>
					<real>0.0</real>
					<key>Mean</key>
					<real>0.0</real>
					<key>Min</key>
					<real>0.0</real>
					<key>Name</key>
					<string>Calcification</string>
					<key>NumberOfPoints</key>
					<integer>22</integer>
					<key>Point_mm</key>
					<array>
						<string>(0.000000, 0.000000, 0.000000)</string>
						<string>(0.000000, 0.000000, 0.000000)</string>
						<string>(0.000000, 0.000000, 0.000000)</string>
						<string>(0.000000, 0.000000, 0.000000)</string>
						<string>(0.000000, 0.000000, 0.000000)</string>
						<string>(0.000000, 0.000000, 0.000000)</string>
						<string>(0.000000, 0.000000, 0.000000)</string>
						<string>(0.000000, 0.000000, 0.000000)</string>
						<string>(0.000000, 0.000000, 0.000000)</string>
						<string>(0.000000, 0.000000, 0.000000)</string>
						<string>(0.000000, 0.000000, 0.000000)</string>
						<string>(0.000000, 0.000000, 0.000000)</string>
						<string>(0.000000, 0.000000, 0.000000)</string>
						<string>(0.000000, 0.000000, 0.000000)</string>
						<string>(0.000000, 0.000000, 0.000000)</string>
						<string>(0.000000, 0.000000, 0.000000)</string>
						<string>(0.000000, 0.000000, 0.000000)</string>
						<string>(0.000000, 0.000000, 0.000000)</string>
						<string>(0.000000, 0.000000, 0.000000)</string>
						<string>(0.000000, 0.000000, 0.000000)</string>
						<string>(0.000000, 0.000000, 0.000000)</string>
						<string>(0.000000, 0.000000, 0.000000)</string>
					</array>
					<key>Point_px</key>
					<array>
						<string>(1145.300049, 2511.250000)</string>
						<string>(1141.219971, 2508.649902)</string>
						<string>(1137.510010, 2507.540039)</string>
						<string>(1133.430054, 2507.540039)</string>
						<string>(1129.719971, 2508.649902)</string>
						<string>(1125.270020, 2511.620117)</string>
						<string>(1123.050049, 2515.330078)</string>
						<string>(1121.930054, 2519.780029)</string>
						<string>(1122.310059, 2523.860107)</string>
						<string>(1123.790039, 2527.939941)</string>
						<string>(1127.130005, 2532.020020)</string>
						<string>(1130.469971, 2534.989990)</string>
						<string>(1134.170044, 2536.469971)</string>
						<string>(1138.250000, 2537.209961)</string>
						<string>(1142.709961, 2538.699951)</string>
						<string>(1146.410034, 2539.070068)</string>
						<string>(1150.869995, 2537.959961)</string>
						<string>(1154.199951, 2532.760010)</string>
						<string>(1154.199951, 2529.050049)</string>
						<string>(1153.459961, 2524.969971)</string>
						<string>(1151.609985, 2520.889893)</string>
						<string>(1149.380005, 2516.070068)</string>
					</array>
					<key>Total</key>
					<real>0.0</real>
					<key>Type</key>
					<integer>15</integer>
				</dict>
				<dict>
					<key>Area</key>
					<real>0.018417874351143837</real>
					<key>Center</key>
					<string>(0.000000, 0.000000, 0.000000)</string>
					<key>Dev</key>
					<real>0.0</real>
					<key>IndexInImage</key>
					<integer>10</integer>
					<key>Max</key>
					<real>0.0</real>
					<key>Mean</key>
					<real>0.0</real>
					<key>Min</key>
					<real>0.0</real>
					<key>Name</key>
					<string>Calcification</string>
					<key>NumberOfPoints</key>
					<integer>15</integer>
					<key>Point_mm</key>
					<array>
						<string>(0.000000, 0.000000, 0.000000)</string>
						<string>(0.000000, 0.000000, 0.000000)</string>
						<string>(0.000000, 0.000000, 0.000000)</string>
						<string>(0.000000, 0.000000, 0.000000)</string>
						<string>(0.000000, 0.000000, 0.000000)</string>
						<string>(0.000000, 0.000000, 0.000000)</string>
						<string>(0.000000, 0.000000, 0.000000)</string>
						<string>(0.000000, 0.000000, 0.000000)</string>
						<string>(0.000000, 0.000000, 0.000000)</string>
						<string>(0.000000, 0.000000, 0.000000)</string>
						<string>(0.000000, 0.000000, 0.000000)</string>
						<string>(0.000000, 0.000000, 0.000000)</string>
						<string>(0.000000, 0.000000, 0.000000)</string>
						<string>(0.000000, 0.000000, 0.000000)</string>
						<string>(0.000000, 0.000000, 0.000000)</string>
					</array>
					<key>Point_px</key>
					<array>
						<string>(1092.260010, 2542.780029)</string>
						<string>(1088.180054, 2543.149902)</string>
						<string>(1084.099976, 2542.780029)</string>
						<string>(1080.760010, 2538.699951)</string>
						<string>(1078.540039, 2534.250000)</string>
						<string>(1077.060059, 2529.050049)</string>
						<string>(1078.540039, 2525.340088)</string>
						<string>(1082.989990, 2522.750000)</string>
						<string>(1087.069946, 2520.889893)</string>
						<string>(1091.150024, 2522.010010)</string>
						<string>(1095.599976, 2525.340088)</string>
						<string>(1097.829956, 2529.050049)</string>
						<string>(1098.569946, 2533.129883)</string>
						<string>(1098.939941, 2537.209961)</string>
						<string>(1096.709961, 2541.659912)</string>
					</array>
					<key>Total</key>
					<real>0.0</real>
					<key>Type</key>
					<integer>15</integer>
				</dict>
				<dict>
					<key>Area</key>
					<real>0.0032891249284148216</real>
					<key>Center</key>
					<string>(0.000000, 0.000000, 0.000000)</string>
					<key>Dev</key>
					<real>0.0</real>
					<key>IndexInImage</key>
					<integer>11</integer>
					<key>Max</key>
					<real>0.0</real>
					<key>Mean</key>
					<real>0.0</real>
					<key>Min</key>
					<real>0.0</real>
					<key>Name</key>
					<string>Calcification</string>
					<key>NumberOfPoints</key>
					<integer>8</integer>
					<key>Point_mm</key>
					<array>
						<string>(0.000000, 0.000000, 0.000000)</string>
						<string>(0.000000, 0.000000, 0.000000)</string>
						<string>(0.000000, 0.000000, 0.000000)</string>
						<string>(0.000000, 0.000000, 0.000000)</string>
						<string>(0.000000, 0.000000, 0.000000)</string>
						<string>(0.000000, 0.000000, 0.000000)</string>
						<string>(0.000000, 0.000000, 0.000000)</string>
						<string>(0.000000, 0.000000, 0.000000)</string>
					</array>
					<key>Point_px</key>
					<array>
						<string>(1018.059998, 2592.870117)</string>
						<string>(1015.460022, 2590.270020)</string>
						<string>(1015.780029, 2586.689941)</string>
						<string>(1019.359985, 2584.729980)</string>
						<string>(1023.270020, 2585.389893)</string>
						<string>(1024.890015, 2587.989990)</string>
						<string>(1024.239990, 2590.919922)</string>
						<string>(1022.619995, 2592.870117)</string>
					</array>
					<key>Total</key>
					<real>0.0</real>
					<key>Type</key>
					<integer>15</integer>
				</dict>
				<dict>
					<key>Area</key>
					<real>0.016176125034689903</real>
					<key>Center</key>
					<string>(0.000000, 0.000000, 0.000000)</string>
					<key>Dev</key>
					<real>141.67829895019531</real>
					<key>IndexInImage</key>
					<integer>12</integer>
					<key>Max</key>
					<real>941</real>
					<key>Mean</key>
					<real>756.20947265625</real>
					<key>Min</key>
					<real>408</real>
					<key>Name</key>
					<string>Calcification</string>
					<key>NumberOfPoints</key>
					<integer>16</integer>
					<key>Point_mm</key>
					<array>
						<string>(0.000000, 0.000000, 0.000000)</string>
						<string>(0.000000, 0.000000, 0.000000)</string>
						<string>(0.000000, 0.000000, 0.000000)</string>
						<string>(0.000000, 0.000000, 0.000000)</string>
						<string>(0.000000, 0.000000, 0.000000)</string>
						<string>(0.000000, 0.000000, 0.000000)</string>
						<string>(0.000000, 0.000000, 0.000000)</string>
						<string>(0.000000, 0.000000, 0.000000)</string>
						<string>(0.000000, 0.000000, 0.000000)</string>
						<string>(0.000000, 0.000000, 0.000000)</string>
						<string>(0.000000, 0.000000, 0.000000)</string>
						<string>(0.000000, 0.000000, 0.000000)</string>
						<string>(0.000000, 0.000000, 0.000000)</string>
						<string>(0.000000, 0.000000, 0.000000)</string>
						<string>(0.000000, 0.000000, 0.000000)</string>
						<string>(0.000000, 0.000000, 0.000000)</string>
					</array>
					<key>Point_px</key>
					<array>
						<string>(940.302002, 2537.879883)</string>
						<string>(940.953003, 2533.979980)</string>
						<string>(940.302002, 2530.729980)</string>
						<string>(938.025024, 2527.149902)</string>
						<string>(934.770996, 2524.870117)</string>
						<string>(931.192017, 2524.219971)</string>
						<string>(927.614014, 2525.520020)</string>
						<string>(924.034973, 2528.449951)</string>
						<string>(922.083008, 2531.379883)</string>
						<string>(920.781006, 2535.929932)</string>
						<string>(921.106995, 2539.189941)</string>
						<string>(923.059021, 2542.760010)</string>
						<string>(926.963013, 2544.719971)</string>
						<string>(930.541992, 2545.689941)</string>
						<string>(934.445984, 2545.040039)</string>
						<string>(937.698975, 2541.459961)</string>
					</array>
					<key>Total</key>
					<real>270723</real>
					<key>Type</key>
					<integer>15</integer>
				</dict>
				<dict>
					<key>Area</key>
					<real>0.012219374999403954</real>
					<key>Center</key>
					<string>(0.000000, 0.000000, 0.000000)</string>
					<key>Dev</key>
					<real>36.445213317871094</real>
					<key>IndexInImage</key>
					<integer>13</integer>
					<key>Max</key>
					<real>1317</real>
					<key>Mean</key>
					<real>1204.7518310546875</real>
					<key>Min</key>
					<real>1050</real>
					<key>Name</key>
					<string>Calcification</string>
					<key>NumberOfPoints</key>
					<integer>15</integer>
					<key>Point_mm</key>
					<array>
						<string>(0.000000, 0.000000, 0.000000)</string>
						<string>(0.000000, 0.000000, 0.000000)</string>
						<string>(0.000000, 0.000000, 0.000000)</string>
						<string>(0.000000, 0.000000, 0.000000)</string>
						<string>(0.000000, 0.000000, 0.000000)</string>
						<string>(0.000000, 0.000000, 0.000000)</string>
						<string>(0.000000, 0.000000, 0.000000)</string>
						<string>(0.000000, 0.000000, 0.000000)</string>
						<string>(0.000000, 0.000000, 0.000000)</string>
						<string>(0.000000, 0.000000, 0.000000)</string>
						<string>(0.000000, 0.000000, 0.000000)</string>
						<string>(0.000000, 0.000000, 0.000000)</string>
						<string>(0.000000, 0.000000, 0.000000)</string>
						<string>(0.000000, 0.000000, 0.000000)</string>
						<string>(0.000000, 0.000000, 0.000000)</string>
					</array>
					<key>Point_px</key>
					<array>
						<string>(725.257019, 2601.540039)</string>
						<string>(723.953003, 2598.280029)</string>
						<string>(723.301025, 2595.020020)</string>
						<string>(724.931030, 2591.429932)</string>
						<string>(728.192993, 2588.500000)</string>
						<string>(731.780029, 2587.520020)</string>
						<string>(735.367981, 2588.169922)</string>
						<string>(738.955017, 2590.449951)</string>
						<string>(741.237976, 2593.709961)</string>
						<string>(741.890991, 2596.979980)</string>
						<string>(741.237976, 2600.560059)</string>
						<string>(738.814026, 2602.969971)</string>
						<string>(735.713989, 2604.320068)</string>
						<string>(732.226013, 2604.520020)</string>
						<string>(728.739014, 2603.939941)</string>
					</array>
					<key>Total</key>
					<real>330102</real>
					<key>Type</key>
					<integer>15</integer>
				</dict>
				<dict>
					<key>Area</key>
					<real>0.0060514998622238636</real>
					<key>Center</key>
					<string>(0.000000, 0.000000, 0.000000)</string>
					<key>Dev</key>
					<real>56.838645935058594</real>
					<key>IndexInImage</key>
					<integer>14</integer>
					<key>Max</key>
					<real>1514</real>
					<key>Mean</key>
					<real>1363.9071044921875</real>
					<key>Min</key>
					<real>1220</real>
					<key>Name</key>
					<string>Calcification</string>
					<key>NumberOfPoints</key>
					<integer>11</integer>
					<key>Point_mm</key>
					<array>
						<string>(0.000000, 0.000000, 0.000000)</string>
						<string>(0.000000, 0.000000, 0.000000)</string>
						<string>(0.000000, 0.000000, 0.000000)</string>
						<string>(0.000000, 0.000000, 0.000000)</string>
						<string>(0.000000, 0.000000, 0.000000)</string>
						<string>(0.000000, 0.000000, 0.000000)</string>
						<string>(0.000000, 0.000000, 0.000000)</string>
						<string>(0.000000, 0.000000, 0.000000)</string>
						<string>(0.000000, 0.000000, 0.000000)</string>
						<string>(0.000000, 0.000000, 0.000000)</string>
						<string>(0.000000, 0.000000, 0.000000)</string>
					</array>
					<key>Point_px</key>
					<array>
						<string>(769.026978, 2232.350098)</string>
						<string>(765.830017, 2231.770020)</string>
						<string>(762.633972, 2232.639893)</string>
						<string>(760.309021, 2235.840088)</string>
						<string>(760.018005, 2239.040039)</string>
						<string>(762.343018, 2242.229980)</string>
						<string>(765.539978, 2243.689941)</string>
						<string>(769.607971, 2243.689941)</string>
						<string>(771.642029, 2241.360107)</string>
						<string>(772.513977, 2238.459961)</string>
						<string>(772.223999, 2235.260010)</string>
					</array>
					<key>Total</key>
					<real>190947</real>
					<key>Type</key>
					<integer>15</integer>
				</dict>
				<dict>
					<key>Area</key>
					<real>0.0078828753903508186</real>
					<key>Center</key>
					<string>(0.000000, 0.000000, 0.000000)</string>
					<key>Dev</key>
					<real>50.122566223144531</real>
					<key>IndexInImage</key>
					<integer>15</integer>
					<key>Max</key>
					<real>1402</real>
					<key>Mean</key>
					<real>1249.4674072265625</real>
					<key>Min</key>
					<real>1134</real>
					<key>Name</key>
					<string>Calcification</string>
					<key>NumberOfPoints</key>
					<integer>14</integer>
					<key>Point_mm</key>
					<array>
						<string>(0.000000, 0.000000, 0.000000)</string>
						<string>(0.000000, 0.000000, 0.000000)</string>
						<string>(0.000000, 0.000000, 0.000000)</string>
						<string>(0.000000, 0.000000, 0.000000)</string>
						<string>(0.000000, 0.000000, 0.000000)</string>
						<string>(0.000000, 0.000000, 0.000000)</string>
						<string>(0.000000, 0.000000, 0.000000)</string>
						<string>(0.000000, 0.000000, 0.000000)</string>
						<string>(0.000000, 0.000000, 0.000000)</string>
						<string>(0.000000, 0.000000, 0.000000)</string>
						<string>(0.000000, 0.000000, 0.000000)</string>
						<string>(0.000000, 0.000000, 0.000000)</string>
						<string>(0.000000, 0.000000, 0.000000)</string>
						<string>(0.000000, 0.000000, 0.000000)</string>
					</array>
					<key>Point_px</key>
					<array>
						<string>(750.718994, 2121.340088)</string>
						<string>(747.521973, 2121.919922)</string>
						<string>(744.906982, 2121.919922)</string>
						<string>(742.000977, 2120.760010)</string>
						<string>(739.966980, 2118.149902)</string>
						<string>(738.223022, 2114.949951)</string>
						<string>(737.642029, 2111.750000)</string>
						<string>(738.513977, 2108.850098)</string>
						<string>(741.129028, 2107.100098)</string>
						<string>(744.325989, 2107.100098)</string>
						<string>(747.231995, 2110.300049)</string>
						<string>(750.138000, 2113.209961)</string>
						<string>(752.463013, 2116.399902)</string>
						<string>(753.333984, 2119.020020)</string>
					</array>
					<key>Total</key>
					<real>229902</real>
					<key>Type</key>
					<integer>15</integer>
				</dict>
				<dict>
					<key>Area</key>
					<real>0.0055002500303089619</real>
					<key>Center</key>
					<string>(0.000000, 0.000000, 0.000000)</string>
					<key>Dev</key>
					<real>0.0</real>
					<key>IndexInImage</key>
					<integer>16</integer>
					<key>Max</key>
					<real>0.0</real>
					<key>Mean</key>
					<real>0.0</real>
					<key>Min</key>
					<real>0.0</real>
					<key>Name</key>
					<string>Calcification</string>
					<key>NumberOfPoints</key>
					<integer>12</integer>
					<key>Point_mm</key>
					<array>
						<string>(0.000000, 0.000000, 0.000000)</string>
						<string>(0.000000, 0.000000, 0.000000)</string>
						<string>(0.000000, 0.000000, 0.000000)</string>
						<string>(0.000000, 0.000000, 0.000000)</string>
						<string>(0.000000, 0.000000, 0.000000)</string>
						<string>(0.000000, 0.000000, 0.000000)</string>
						<string>(0.000000, 0.000000, 0.000000)</string>
						<string>(0.000000, 0.000000, 0.000000)</string>
						<string>(0.000000, 0.000000, 0.000000)</string>
						<string>(0.000000, 0.000000, 0.000000)</string>
						<string>(0.000000, 0.000000, 0.000000)</string>
						<string>(0.000000, 0.000000, 0.000000)</string>
					</array>
					<key>Point_px</key>
					<array>
						<string>(1329.869995, 2228.750000)</string>
						<string>(1327.079956, 2225.959961)</string>
						<string>(1326.520020, 2223.169922)</string>
						<string>(1327.079956, 2220.100098)</string>
						<string>(1330.150024, 2218.149902)</string>
						<string>(1333.219971, 2217.030029)</string>
						<string>(1336.290039, 2218.699951)</string>
						<string>(1337.959961, 2221.770020)</string>
						<string>(1337.959961, 2224.280029)</string>
						<string>(1336.849976, 2227.070068)</string>
						<string>(1334.900024, 2229.030029)</string>
						<string>(1332.380005, 2229.590088)</string>
					</array>
					<key>Total</key>
					<real>0.0</real>
					<key>Type</key>
					<integer>15</integer>
				</dict>
				<dict>
					<key>Area</key>
					<real>0.0025296250823885202</real>
					<key>Center</key>
					<string>(0.000000, 0.000000, 0.000000)</string>
					<key>Dev</key>
					<real>0.0</real>
					<key>IndexInImage</key>
					<integer>17</integer>
					<key>Max</key>
					<real>0.0</real>
					<key>Mean</key>
					<real>0.0</real>
					<key>Min</key>
					<real>0.0</real>
					<key>Name</key>
					<string>Calcification</string>
					<key>NumberOfPoints</key>
					<integer>9</integer>
					<key>Point_mm</key>
					<array>
						<string>(0.000000, 0.000000, 0.000000)</string>
						<string>(0.000000, 0.000000, 0.000000)</string>
						<string>(0.000000, 0.000000, 0.000000)</string>
						<string>(0.000000, 0.000000, 0.000000)</string>
						<string>(0.000000, 0.000000, 0.000000)</string>
						<string>(0.000000, 0.000000, 0.000000)</string>
						<string>(0.000000, 0.000000, 0.000000)</string>
						<string>(0.000000, 0.000000, 0.000000)</string>
						<string>(0.000000, 0.000000, 0.000000)</string>
					</array>
					<key>Point_px</key>
					<array>
						<string>(1259.270020, 2179.639893)</string>
						<string>(1262.339966, 2179.080078)</string>
						<string>(1264.020020, 2176.290039)</string>
						<string>(1265.130005, 2173.219971)</string>
						<string>(1265.130005, 2170.709961)</string>
						<string>(1262.900024, 2170.429932)</string>
						<string>(1259.829956, 2170.429932)</string>
						<string>(1258.719971, 2173.219971)</string>
						<string>(1258.439941, 2176.010010)</string>
					</array>
					<key>Total</key>
					<real>0.0</real>
					<key>Type</key>
					<integer>15</integer>
				</dict>
				<dict>
					<key>Area</key>
					<real>0.0041649998165667057</real>
					<key>Center</key>
					<string>(0.000000, 0.000000, 0.000000)</string>
					<key>Dev</key>
					<real>0.0</real>
					<key>IndexInImage</key>
					<integer>18</integer>
					<key>Max</key>
					<real>0.0</real>
					<key>Mean</key>
					<real>0.0</real>
					<key>Min</key>
					<real>0.0</real>
					<key>Name</key>
					<string>Calcification</string>
					<key>NumberOfPoints</key>
					<integer>10</integer>
					<key>Point_mm</key>
					<array>
						<string>(0.000000, 0.000000, 0.000000)</string>
						<string>(0.000000, 0.000000, 0.000000)</string>
						<string>(0.000000, 0.000000, 0.000000)</string>
						<string>(0.000000, 0.000000, 0.000000)</string>
						<string>(0.000000, 0.000000, 0.000000)</string>
						<string>(0.000000, 0.000000, 0.000000)</string>
						<string>(0.000000, 0.000000, 0.000000)</string>
						<string>(0.000000, 0.000000, 0.000000)</string>
						<string>(0.000000, 0.000000, 0.000000)</string>
						<string>(0.000000, 0.000000, 0.000000)</string>
					</array>
					<key>Point_px</key>
					<array>
						<string>(1128.680054, 2184.939941)</string>
						<string>(1126.170044, 2183.260010)</string>
						<string>(1125.329956, 2179.360107)</string>
						<string>(1126.729980, 2176.570068)</string>
						<string>(1129.520020, 2175.449951)</string>
						<string>(1132.589966, 2175.729980)</string>
						<string>(1135.099976, 2178.239990)</string>
						<string>(1135.660034, 2180.469971)</string>
						<string>(1135.099976, 2183.540039)</string>
						<string>(1132.869995, 2185.219971)</string>
					</array>
					<key>Total</key>
					<real>0.0</real>
					<key>Type</key>
					<integer>15</integer>
				</dict>
				<dict>
					<key>Area</key>
					<real>0.0</real>
					<key>Center</key>
					<string>(0.000000, 0.000000, 0.000000)</string>
					<key>Dev</key>
					<real>0.0</real>
					<key>IndexInImage</key>
					<integer>19</integer>
					<key>Max</key>
					<real>0.0</real>
					<key>Mean</key>
					<real>0.0</real>
					<key>Min</key>
					<real>0.0</real>
					<key>Name</key>
					<string>Calcification</string>
					<key>NumberOfPoints</key>
					<integer>1</integer>
					<key>Point_mm</key>
					<array>
						<string>(0.000000, 0.000000, 0.000000)</string>
					</array>
					<key>Point_px</key>
					<array>
						<string>(972.810974, 925.401001)</string>
					</array>
					<key>Total</key>
					<real>0.0</real>
					<key>Type</key>
					<integer>19</integer>
				</dict>
				<dict>
					<key>Area</key>
					<real>0.020420750603079796</real>
					<key>Center</key>
					<string>(0.000000, 0.000000, 0.000000)</string>
					<key>Dev</key>
					<real>305.24887084960938</real>
					<key>IndexInImage</key>
					<integer>20</integer>
					<key>Max</key>
					<real>999</real>
					<key>Mean</key>
					<real>712.70068359375</real>
					<key>Min</key>
					<real>0.0</real>
					<key>Name</key>
					<string>Calcification</string>
					<key>NumberOfPoints</key>
					<integer>19</integer>
					<key>Point_mm</key>
					<array>
						<string>(0.000000, 0.000000, 0.000000)</string>
						<string>(0.000000, 0.000000, 0.000000)</string>
						<string>(0.000000, 0.000000, 0.000000)</string>
						<string>(0.000000, 0.000000, 0.000000)</string>
						<string>(0.000000, 0.000000, 0.000000)</string>
						<string>(0.000000, 0.000000, 0.000000)</string>
						<string>(0.000000, 0.000000, 0.000000)</string>
						<string>(0.000000, 0.000000, 0.000000)</string>
						<string>(0.000000, 0.000000, 0.000000)</string>
						<string>(0.000000, 0.000000, 0.000000)</string>
						<string>(0.000000, 0.000000, 0.000000)</string>
						<string>(0.000000, 0.000000, 0.000000)</string>
						<string>(0.000000, 0.000000, 0.000000)</string>
						<string>(0.000000, 0.000000, 0.000000)</string>
						<string>(0.000000, 0.000000, 0.000000)</string>
						<string>(0.000000, 0.000000, 0.000000)</string>
						<string>(0.000000, 0.000000, 0.000000)</string>
						<string>(0.000000, 0.000000, 0.000000)</string>
						<string>(0.000000, 0.000000, 0.000000)</string>
					</array>
					<key>Point_px</key>
					<array>
						<string>(1015.960022, 2034.310059)</string>
						<string>(1013.760010, 2031.489990)</string>
						<string>(1011.570007, 2028.030029)</string>
						<string>(1010.940002, 2024.890015)</string>
						<string>(1011.250000, 2022.060059)</string>
						<string>(1012.510010, 2017.670044)</string>
						<string>(1016.590027, 2015.150024)</string>
						<string>(1020.359985, 2013.900024)</string>
						<string>(1024.130005, 2014.530029)</string>
						<string>(1028.530029, 2016.410034)</string>
						<string>(1031.349976, 2019.239990)</string>
						<string>(1033.550049, 2022.380005)</string>
						<string>(1034.489990, 2026.459961)</string>
						<string>(1033.869995, 2030.540039)</string>
						<string>(1032.300049, 2033.060059)</string>
						<string>(1029.160034, 2035.569946)</string>
						<string>(1026.640015, 2036.510010)</string>
						<string>(1023.190002, 2036.510010)</string>
						<string>(1019.729980, 2035.880005)</string>
					</array>
					<key>Total</key>
					<real>321428</real>
					<key>Type</key>
					<integer>15</integer>
				</dict>
				<dict>
					<key>Area</key>
					<real>0.042124688625335693</real>
					<key>Center</key>
					<string>(0.000000, 0.000000, 0.000000)</string>
					<key>Dev</key>
					<real>43.905666351318359</real>
					<key>IndexInImage</key>
					<integer>21</integer>
					<key>Max</key>
					<real>1368</real>
					<key>Mean</key>
					<real>1227.79150390625</real>
					<key>Min</key>
					<real>1106</real>
					<key>Name</key>
					<string>Calcification</string>
					<key>NumberOfPoints</key>
					<integer>29</integer>
					<key>Point_mm</key>
					<array>
						<string>(0.000000, 0.000000, 0.000000)</string>
						<string>(0.000000, 0.000000, 0.000000)</string>
						<string>(0.000000, 0.000000, 0.000000)</string>
						<string>(0.000000, 0.000000, 0.000000)</string>
						<string>(0.000000, 0.000000, 0.000000)</string>
						<string>(0.000000, 0.000000, 0.000000)</string>
						<string>(0.000000, 0.000000, 0.000000)</string>
						<string>(0.000000, 0.000000, 0.000000)</string>
						<string>(0.000000, 0.000000, 0.000000)</string>
						<string>(0.000000, 0.000000, 0.000000)</string>
						<string>(0.000000, 0.000000, 0.000000)</string>
						<string>(0.000000, 0.000000, 0.000000)</string>
						<string>(0.000000, 0.000000, 0.000000)</string>
						<string>(0.000000, 0.000000, 0.000000)</string>
						<string>(0.000000, 0.000000, 0.000000)</string>
						<string>(0.000000, 0.000000, 0.000000)</string>
						<string>(0.000000, 0.000000, 0.000000)</string>
						<string>(0.000000, 0.000000, 0.000000)</string>
						<string>(0.000000, 0.000000, 0.000000)</string>
						<string>(0.000000, 0.000000, 0.000000)</string>
						<string>(0.000000, 0.000000, 0.000000)</string>
						<string>(0.000000, 0.000000, 0.000000)</string>
						<string>(0.000000, 0.000000, 0.000000)</string>
						<string>(0.000000, 0.000000, 0.000000)</string>
						<string>(0.000000, 0.000000, 0.000000)</string>
						<string>(0.000000, 0.000000, 0.000000)</string>
						<string>(0.000000, 0.000000, 0.000000)</string>
						<string>(0.000000, 0.000000, 0.000000)</string>
						<string>(0.000000, 0.000000, 0.000000)</string>
					</array>
					<key>Point_px</key>
					<array>
						<string>(857.661011, 2361.959961)</string>
						<string>(854.755005, 2359.639893)</string>
						<string>(852.138977, 2356.439941)</string>
						<string>(850.976990, 2353.239990)</string>
						<string>(850.395996, 2350.340088)</string>
						<string>(850.104980, 2347.139893)</string>
						<string>(850.395996, 2344.239990)</string>
						<string>(851.557983, 2340.750000)</string>
						<string>(853.591980, 2337.550049)</string>
						<string>(857.078979, 2334.939941)</string>
						<string>(861.148010, 2332.899902)</string>
						<string>(864.054016, 2332.320068)</string>
						<string>(867.250977, 2332.610107)</string>
						<string>(871.028015, 2333.479980)</string>
						<string>(874.515991, 2334.939941)</string>
						<string>(877.711975, 2336.389893)</string>
						<string>(880.036987, 2339.590088)</string>
						<string>(882.362000, 2343.360107)</string>
						<string>(883.523987, 2346.560059)</string>
						<string>(883.815002, 2349.469971)</string>
						<string>(883.815002, 2352.659912)</string>
						<string>(883.523987, 2355.860107)</string>
						<string>(880.328003, 2358.469971)</string>
						<string>(876.840027, 2361.379883)</string>
						<string>(873.643982, 2363.709961)</string>
						<string>(870.156982, 2365.159912)</string>
						<string>(866.960022, 2365.449951)</string>
						<string>(864.344971, 2364.290039)</string>
						<string>(861.439026, 2362.830078)</string>
					</array>
					<key>Total</key>
					<real>1101329</real>
					<key>Type</key>
					<integer>15</integer>
				</dict>
				<dict>
					<key>Area</key>
					<real>0.0042446251027286053</real>
					<key>Center</key>
					<string>(0.000000, 0.000000, 0.000000)</string>
					<key>Dev</key>
					<real>32.523468017578125</real>
					<key>IndexInImage</key>
					<integer>22</integer>
					<key>Max</key>
					<real>1269</real>
					<key>Mean</key>
					<real>1188.0784912109375</real>
					<key>Min</key>
					<real>1099</real>
					<key>Name</key>
					<string>Calcification</string>
					<key>NumberOfPoints</key>
					<integer>10</integer>
					<key>Point_mm</key>
					<array>
						<string>(0.000000, 0.000000, 0.000000)</string>
						<string>(0.000000, 0.000000, 0.000000)</string>
						<string>(0.000000, 0.000000, 0.000000)</string>
						<string>(0.000000, 0.000000, 0.000000)</string>
						<string>(0.000000, 0.000000, 0.000000)</string>
						<string>(0.000000, 0.000000, 0.000000)</string>
						<string>(0.000000, 0.000000, 0.000000)</string>
						<string>(0.000000, 0.000000, 0.000000)</string>
						<string>(0.000000, 0.000000, 0.000000)</string>
						<string>(0.000000, 0.000000, 0.000000)</string>
					</array>
					<key>Point_px</key>
					<array>
						<string>(858.531982, 2403.520020)</string>
						<string>(861.729004, 2404.100098)</string>
						<string>(863.763000, 2403.229980)</string>
						<string>(866.088013, 2400.610107)</string>
						<string>(867.541016, 2397.709961)</string>
						<string>(865.216003, 2394.510010)</string>
						<string>(862.309998, 2394.219971)</string>
						<string>(858.822998, 2395.090088)</string>
						<string>(856.208008, 2398.290039)</string>
						<string>(856.208008, 2400.610107)</string>
					</array>
					<key>Total</key>
					<real>121184</real>
					<key>Type</key>
					<integer>15</integer>
				</dict>
				<dict>
					<key>Area</key>
					<real>0.014981750398874283</real>
					<key>Center</key>
					<string>(0.000000, 0.000000, 0.000000)</string>
					<key>Dev</key>
					<real>0.0</real>
					<key>IndexInImage</key>
					<integer>23</integer>
					<key>Max</key>
					<real>0.0</real>
					<key>Mean</key>
					<real>0.0</real>
					<key>Min</key>
					<real>0.0</real>
					<key>Name</key>
					<string>Calcification</string>
					<key>NumberOfPoints</key>
					<integer>13</integer>
					<key>Point_mm</key>
					<array>
						<string>(0.000000, 0.000000, 0.000000)</string>
						<string>(0.000000, 0.000000, 0.000000)</string>
						<string>(0.000000, 0.000000, 0.000000)</string>
						<string>(0.000000, 0.000000, 0.000000)</string>
						<string>(0.000000, 0.000000, 0.000000)</string>
						<string>(0.000000, 0.000000, 0.000000)</string>
						<string>(0.000000, 0.000000, 0.000000)</string>
						<string>(0.000000, 0.000000, 0.000000)</string>
						<string>(0.000000, 0.000000, 0.000000)</string>
						<string>(0.000000, 0.000000, 0.000000)</string>
						<string>(0.000000, 0.000000, 0.000000)</string>
						<string>(0.000000, 0.000000, 0.000000)</string>
						<string>(0.000000, 0.000000, 0.000000)</string>
					</array>
					<key>Point_px</key>
					<array>
						<string>(1239.510010, 2445.969971)</string>
						<string>(1235.800049, 2443.000000)</string>
						<string>(1231.349976, 2438.919922)</string>
						<string>(1229.500000, 2434.469971)</string>
						<string>(1230.979980, 2428.909912)</string>
						<string>(1234.319946, 2425.939941)</string>
						<string>(1238.030029, 2425.939941)</string>
						<string>(1241.739990, 2427.429932)</string>
						<string>(1245.449951, 2430.389893)</string>
						<string>(1249.530029, 2435.219971)</string>
						<string>(1249.900024, 2439.669922)</string>
						<string>(1248.780029, 2443.750000)</string>
						<string>(1245.069946, 2445.600098)</string>
					</array>
					<key>Total</key>
					<real>0.0</real>
					<key>Type</key>
					<integer>15</integer>
				</dict>
				<dict>
					<key>Area</key>
					<real>0.0035341249313205481</real>
					<key>Center</key>
					<string>(0.000000, 0.000000, 0.000000)</string>
					<key>Dev</key>
					<real>0.0</real>
					<key>IndexInImage</key>
					<integer>24</integer>
					<key>Max</key>
					<real>0.0</real>
					<key>Mean</key>
					<real>0.0</real>
					<key>Min</key>
					<real>0.0</real>
					<key>Name</key>
					<string>Calcification</string>
					<key>NumberOfPoints</key>
					<integer>8</integer>
					<key>Point_mm</key>
					<array>
						<string>(0.000000, 0.000000, 0.000000)</string>
						<string>(0.000000, 0.000000, 0.000000)</string>
						<string>(0.000000, 0.000000, 0.000000)</string>
						<string>(0.000000, 0.000000, 0.000000)</string>
						<string>(0.000000, 0.000000, 0.000000)</string>
						<string>(0.000000, 0.000000, 0.000000)</string>
						<string>(0.000000, 0.000000, 0.000000)</string>
						<string>(0.000000, 0.000000, 0.000000)</string>
					</array>
					<key>Point_px</key>
					<array>
						<string>(1296.630005, 2473.790039)</string>
						<string>(1299.599976, 2476.010010)</string>
						<string>(1302.930054, 2475.270020)</string>
						<string>(1305.530029, 2473.419922)</string>
						<string>(1306.640015, 2469.709961)</string>
						<string>(1303.310059, 2466.739990)</string>
						<string>(1299.229980, 2467.479980)</string>
						<string>(1298.109985, 2468.969971)</string>
					</array>
					<key>Total</key>
					<real>0.0</real>
					<key>Type</key>
					<integer>15</integer>
				</dict>
				<dict>
					<key>Area</key>
					<real>0.002884875051677227</real>
					<key>Center</key>
					<string>(0.000000, 0.000000, 0.000000)</string>
					<key>Dev</key>
					<real>0.0</real>
					<key>IndexInImage</key>
					<integer>25</integer>
					<key>Max</key>
					<real>0.0</real>
					<key>Mean</key>
					<real>0.0</real>
					<key>Min</key>
					<real>0.0</real>
					<key>Name</key>
					<string>Calcification</string>
					<key>NumberOfPoints</key>
					<integer>7</integer>
					<key>Point_mm</key>
					<array>
						<string>(0.000000, 0.000000, 0.000000)</string>
						<string>(0.000000, 0.000000, 0.000000)</string>
						<string>(0.000000, 0.000000, 0.000000)</string>
						<string>(0.000000, 0.000000, 0.000000)</string>
						<string>(0.000000, 0.000000, 0.000000)</string>
						<string>(0.000000, 0.000000, 0.000000)</string>
						<string>(0.000000, 0.000000, 0.000000)</string>
					</array>
					<key>Point_px</key>
					<array>
						<string>(1300.339966, 2484.919922)</string>
						<string>(1302.189941, 2487.879883)</string>
						<string>(1306.640015, 2488.250000)</string>
						<string>(1308.869995, 2485.659912)</string>
						<string>(1308.500000, 2481.949951)</string>
						<string>(1305.160034, 2480.469971)</string>
						<string>(1301.449951, 2481.209961)</string>
					</array>
					<key>Total</key>
					<real>0.0</real>
					<key>Type</key>
					<integer>15</integer>
				</dict>
				<dict>
					<key>Area</key>
					<real>0.0019722499419003725</real>
					<key>Center</key>
					<string>(0.000000, 0.000000, 0.000000)</string>
					<key>Dev</key>
					<real>0.0</real>
					<key>IndexInImage</key>
					<integer>26</integer>
					<key>Max</key>
					<real>0.0</real>
					<key>Mean</key>
					<real>0.0</real>
					<key>Min</key>
					<real>0.0</real>
					<key>Name</key>
					<string>Calcification</string>
					<key>NumberOfPoints</key>
					<integer>12</integer>
					<key>Point_mm</key>
					<array>
						<string>(0.000000, 0.000000, 0.000000)</string>
						<string>(0.000000, 0.000000, 0.000000)</string>
						<string>(0.000000, 0.000000, 0.000000)</string>
						<string>(0.000000, 0.000000, 0.000000)</string>
						<string>(0.000000, 0.000000, 0.000000)</string>
						<string>(0.000000, 0.000000, 0.000000)</string>
						<string>(0.000000, 0.000000, 0.000000)</string>
						<string>(0.000000, 0.000000, 0.000000)</string>
						<string>(0.000000, 0.000000, 0.000000)</string>
						<string>(0.000000, 0.000000, 0.000000)</string>
						<string>(0.000000, 0.000000, 0.000000)</string>
						<string>(0.000000, 0.000000, 0.000000)</string>
					</array>
					<key>Point_px</key>
					<array>
						<string>(1204.010010, 2709.780029)</string>
						<string>(1201.839966, 2709.780029)</string>
						<string>(1200.319946, 2708.040039)</string>
						<string>(1199.449951, 2705.870117)</string>
						<string>(1199.239990, 2703.699951)</string>
						<string>(1200.540039, 2701.320068)</string>
						<string>(1203.140015, 2700.879883)</string>
						<string>(1205.530029, 2701.100098)</string>
						<string>(1207.689941, 2702.189941)</string>
						<string>(1205.089966, 2703.699951)</string>
						<string>(1203.359985, 2704.350098)</string>
						<string>(1202.920044, 2706.959961)</string>
					</array>
					<key>Total</key>
					<real>0.0</real>
					<key>Type</key>
					<integer>15</integer>
				</dict>
				<dict>
					<key>Area</key>
					<real>0.0038036250043660402</real>
					<key>Center</key>
					<string>(0.000000, 0.000000, 0.000000)</string>
					<key>Dev</key>
					<real>0.0</real>
					<key>IndexInImage</key>
					<integer>27</integer>
					<key>Max</key>
					<real>0.0</real>
					<key>Mean</key>
					<real>0.0</real>
					<key>Min</key>
					<real>0.0</real>
					<key>Name</key>
					<string>Calcification</string>
					<key>NumberOfPoints</key>
					<integer>9</integer>
					<key>Point_mm</key>
					<array>
						<string>(0.000000, 0.000000, 0.000000)</string>
						<string>(0.000000, 0.000000, 0.000000)</string>
						<string>(0.000000, 0.000000, 0.000000)</string>
						<string>(0.000000, 0.000000, 0.000000)</string>
						<string>(0.000000, 0.000000, 0.000000)</string>
						<string>(0.000000, 0.000000, 0.000000)</string>
						<string>(0.000000, 0.000000, 0.000000)</string>
						<string>(0.000000, 0.000000, 0.000000)</string>
						<string>(0.000000, 0.000000, 0.000000)</string>
					</array>
					<key>Point_px</key>
					<array>
						<string>(1165.119995, 2714.870117)</string>
						<string>(1164.790039, 2712.600098)</string>
						<string>(1162.189941, 2709.989990)</string>
						<string>(1158.290039, 2710.969971)</string>
						<string>(1155.359985, 2712.919922)</string>
						<string>(1154.060059, 2716.500000)</string>
						<string>(1156.979980, 2718.780029)</string>
						<string>(1160.890015, 2718.449951)</string>
						<string>(1164.140015, 2718.129883)</string>
					</array>
					<key>Total</key>
					<real>0.0</real>
					<key>Type</key>
					<integer>15</integer>
				</dict>
				<dict>
					<key>Area</key>
					<real>0.010198124684393406</real>
					<key>Center</key>
					<string>(0.000000, 0.000000, 0.000000)</string>
					<key>Dev</key>
					<real>0.0</real>
					<key>IndexInImage</key>
					<integer>28</integer>
					<key>Max</key>
					<real>0.0</real>
					<key>Mean</key>
					<real>0.0</real>
					<key>Min</key>
					<real>0.0</real>
					<key>Name</key>
					<string>Calcification</string>
					<key>NumberOfPoints</key>
					<integer>13</integer>
					<key>Point_mm</key>
					<array>
						<string>(0.000000, 0.000000, 0.000000)</string>
						<string>(0.000000, 0.000000, 0.000000)</string>
						<string>(0.000000, 0.000000, 0.000000)</string>
						<string>(0.000000, 0.000000, 0.000000)</string>
						<string>(0.000000, 0.000000, 0.000000)</string>
						<string>(0.000000, 0.000000, 0.000000)</string>
						<string>(0.000000, 0.000000, 0.000000)</string>
						<string>(0.000000, 0.000000, 0.000000)</string>
						<string>(0.000000, 0.000000, 0.000000)</string>
						<string>(0.000000, 0.000000, 0.000000)</string>
						<string>(0.000000, 0.000000, 0.000000)</string>
						<string>(0.000000, 0.000000, 0.000000)</string>
						<string>(0.000000, 0.000000, 0.000000)</string>
					</array>
					<key>Point_px</key>
					<array>
						<string>(1141.689941, 2702.189941)</string>
						<string>(1138.109985, 2702.189941)</string>
						<string>(1133.880005, 2700.560059)</string>
						<string>(1131.609985, 2697.300049)</string>
						<string>(1131.609985, 2693.729980)</string>
						<string>(1133.229980, 2690.149902)</string>
						<string>(1137.790039, 2687.219971)</string>
						<string>(1141.040039, 2686.570068)</string>
						<string>(1143.969971, 2687.540039)</string>
						<string>(1146.900024, 2690.469971)</string>
						<string>(1147.869995, 2694.379883)</string>
						<string>(1147.219971, 2698.610107)</string>
						<string>(1144.949951, 2701.530029)</string>
					</array>
					<key>Total</key>
					<real>0.0</real>
					<key>Type</key>
					<integer>15</integer>
				</dict>
				<dict>
					<key>Area</key>
					<real>0.011294499970972538</real>
					<key>Center</key>
					<string>(0.000000, 0.000000, 0.000000)</string>
					<key>Dev</key>
					<real>0.0</real>
					<key>IndexInImage</key>
					<integer>29</integer>
					<key>Max</key>
					<real>0.0</real>
					<key>Mean</key>
					<real>0.0</real>
					<key>Min</key>
					<real>0.0</real>
					<key>Name</key>
					<string>Calcification</string>
					<key>NumberOfPoints</key>
					<integer>15</integer>
					<key>Point_mm</key>
					<array>
						<string>(0.000000, 0.000000, 0.000000)</string>
						<string>(0.000000, 0.000000, 0.000000)</string>
						<string>(0.000000, 0.000000, 0.000000)</string>
						<string>(0.000000, 0.000000, 0.000000)</string>
						<string>(0.000000, 0.000000, 0.000000)</string>
						<string>(0.000000, 0.000000, 0.000000)</string>
						<string>(0.000000, 0.000000, 0.000000)</string>
						<string>(0.000000, 0.000000, 0.000000)</string>
						<string>(0.000000, 0.000000, 0.000000)</string>
						<string>(0.000000, 0.000000, 0.000000)</string>
						<string>(0.000000, 0.000000, 0.000000)</string>
						<string>(0.000000, 0.000000, 0.000000)</string>
						<string>(0.000000, 0.000000, 0.000000)</string>
						<string>(0.000000, 0.000000, 0.000000)</string>
						<string>(0.000000, 0.000000, 0.000000)</string>
					</array>
					<key>Point_px</key>
					<array>
						<string>(1083.780029, 2846.969971)</string>
						<string>(1084.109985, 2843.389893)</string>
						<string>(1082.800049, 2840.459961)</string>
						<string>(1079.550049, 2837.530029)</string>
						<string>(1075.969971, 2836.229980)</string>
						<string>(1072.719971, 2836.879883)</string>
						<string>(1070.439941, 2840.780029)</string>
						<string>(1070.119995, 2844.040039)</string>
						<string>(1070.119995, 2847.620117)</string>
						<string>(1071.420044, 2851.189941)</string>
						<string>(1073.689941, 2854.449951)</string>
						<string>(1077.599976, 2856.729980)</string>
						<string>(1081.180054, 2855.750000)</string>
						<string>(1083.130005, 2852.820068)</string>
						<string>(1084.109985, 2850.540039)</string>
					</array>
					<key>Total</key>
					<real>0.0</real>
					<key>Type</key>
					<integer>15</integer>
				</dict>
			</array>
		</dict>
	</array>
</dict>
</plist>
