<?xml version="1.0" encoding="UTF-8"?>
<!DOCTYPE plist PUBLIC "-//Apple//DTD PLIST 1.0//EN" "http://www.apple.com/DTDs/PropertyList-1.0.dtd">
<plist version="1.0">
<dict>
	<key>Images</key>
	<array>
		<dict>
			<key>ImageIndex</key>
			<integer>0</integer>
			<key>NumberOfROIs</key>
			<integer>8</integer>
			<key>ROIs</key>
			<array>
				<dict>
					<key>Area</key>
					<real>0.0</real>
					<key>Center</key>
					<string>(0.000000, 0.000000, 0.000000)</string>
					<key>Dev</key>
					<real>0.0</real>
					<key>IndexInImage</key>
					<integer>0</integer>
					<key>Max</key>
					<real>0.0</real>
					<key>Mean</key>
					<real>0.0</real>
					<key>Min</key>
					<real>0.0</real>
					<key>Name</key>
					<string>Calcification</string>
					<key>NumberOfPoints</key>
					<integer>1</integer>
					<key>Point_mm</key>
					<array>
						<string>(0.000000, 0.000000, 0.000000)</string>
					</array>
					<key>Point_px</key>
					<array>
						<string>(1164.739990, 3033.469971)</string>
					</array>
					<key>Total</key>
					<real>0.0</real>
					<key>Type</key>
					<integer>19</integer>
				</dict>
				<dict>
					<key>Area</key>
					<real>0.0</real>
					<key>Center</key>
					<string>(0.000000, 0.000000, 0.000000)</string>
					<key>Dev</key>
					<real>0.0</real>
					<key>IndexInImage</key>
					<integer>1</integer>
					<key>Max</key>
					<real>0.0</real>
					<key>Mean</key>
					<real>0.0</real>
					<key>Min</key>
					<real>0.0</real>
					<key>Name</key>
					<string>Calcification</string>
					<key>NumberOfPoints</key>
					<integer>1</integer>
					<key>Point_mm</key>
					<array>
						<string>(0.000000, 0.000000, 0.000000)</string>
					</array>
					<key>Point_px</key>
					<array>
						<string>(103.851997, 800.745972)</string>
					</array>
					<key>Total</key>
					<real>0.0</real>
					<key>Type</key>
					<integer>19</integer>
				</dict>
				<dict>
					<key>Area</key>
					<real>0.0</real>
					<key>Center</key>
					<string>(0.000000, 0.000000, 0.000000)</string>
					<key>Dev</key>
					<real>0.0</real>
					<key>IndexInImage</key>
					<integer>2</integer>
					<key>Max</key>
					<real>0.0</real>
					<key>Mean</key>
					<real>0.0</real>
					<key>Min</key>
					<real>0.0</real>
					<key>Name</key>
					<string>Calcification</string>
					<key>NumberOfPoints</key>
					<integer>1</integer>
					<key>Point_mm</key>
					<array>
						<string>(0.000000, 0.000000, 0.000000)</string>
					</array>
					<key>Point_px</key>
					<array>
						<string>(396.812012, 1441.520020)</string>
					</array>
					<key>Total</key>
					<real>0.0</real>
					<key>Type</key>
					<integer>19</integer>
				</dict>
				<dict>
					<key>Area</key>
					<real>0.0</real>
					<key>Center</key>
					<string>(0.000000, 0.000000, 0.000000)</string>
					<key>Dev</key>
					<real>0.0</real>
					<key>IndexInImage</key>
					<integer>3</integer>
					<key>Max</key>
					<real>0.0</real>
					<key>Mean</key>
					<real>0.0</real>
					<key>Min</key>
					<real>0.0</real>
					<key>Name</key>
					<string>Calcification</string>
					<key>NumberOfPoints</key>
					<integer>1</integer>
					<key>Point_mm</key>
					<array>
						<string>(0.000000, 0.000000, 0.000000)</string>
					</array>
					<key>Point_px</key>
					<array>
						<string>(353.178986, 878.661011)</string>
					</array>
					<key>Total</key>
					<real>0.0</real>
					<key>Type</key>
					<integer>19</integer>
				</dict>
				<dict>
					<key>Area</key>
					<real>0.0</real>
					<key>Center</key>
					<string>(0.000000, 0.000000, 0.000000)</string>
					<key>Dev</key>
					<real>0.0</real>
					<key>IndexInImage</key>
					<integer>4</integer>
					<key>Max</key>
					<real>0.0</real>
					<key>Mean</key>
					<real>0.0</real>
					<key>Min</key>
					<real>0.0</real>
					<key>Name</key>
					<string>Calcification</string>
					<key>NumberOfPoints</key>
					<integer>1</integer>
					<key>Point_mm</key>
					<array>
						<string>(0.000000, 0.000000, 0.000000)</string>
					</array>
					<key>Point_px</key>
					<array>
						<string>(331.363007, 2130.909912)</string>
					</array>
					<key>Total</key>
					<real>0.0</real>
					<key>Type</key>
					<integer>19</integer>
				</dict>
				<dict>
					<key>Area</key>
					<real>0.0</real>
					<key>Center</key>
					<string>(0.000000, 0.000000, 0.000000)</string>
					<key>Dev</key>
					<real>0.0</real>
					<key>IndexInImage</key>
					<integer>5</integer>
					<key>Max</key>
					<real>0.0</real>
					<key>Mean</key>
					<real>0.0</real>
					<key>Min</key>
					<real>0.0</real>
					<key>Name</key>
					<string>Calcification</string>
					<key>NumberOfPoints</key>
					<integer>1</integer>
					<key>Point_mm</key>
					<array>
						<string>(0.000000, 0.000000, 0.000000)</string>
					</array>
					<key>Point_px</key>
					<array>
						<string>(685.650024, 940.411011)</string>
					</array>
					<key>Total</key>
					<real>0.0</real>
					<key>Type</key>
					<integer>19</integer>
				</dict>
				<dict>
					<key>Area</key>
					<real>0.0029109062161296606</real>
					<key>Center</key>
					<string>(0.000000, 0.000000, 0.000000)</string>
					<key>Dev</key>
					<real>0.0</real>
					<key>IndexInImage</key>
					<integer>6</integer>
					<key>Max</key>
					<real>0.0</real>
					<key>Mean</key>
					<real>0.0</real>
					<key>Min</key>
					<real>0.0</real>
					<key>Name</key>
					<string>Calcification</string>
					<key>NumberOfPoints</key>
					<integer>6</integer>
					<key>Point_mm</key>
					<array>
						<string>(0.000000, 0.000000, 0.000000)</string>
						<string>(0.000000, 0.000000, 0.000000)</string>
						<string>(0.000000, 0.000000, 0.000000)</string>
						<string>(0.000000, 0.000000, 0.000000)</string>
						<string>(0.000000, 0.000000, 0.000000)</string>
						<string>(0.000000, 0.000000, 0.000000)</string>
					</array>
					<key>Point_px</key>
					<array>
						<string>(672.104980, 942.801025)</string>
						<string>(672.502991, 938.817017)</string>
						<string>(676.487000, 938.419006)</string>
						<string>(680.072998, 942.801025)</string>
						<string>(678.877991, 947.184021)</string>
						<string>(674.893982, 946.387024)</string>
					</array>
					<key>Total</key>
					<real>0.0</real>
					<key>Type</key>
					<integer>15</integer>
				</dict>
				<dict>
					<key>Area</key>
					<real>0.0</real>
					<key>Center</key>
					<string>(0.000000, 0.000000, 0.000000)</string>
					<key>Dev</key>
					<real>0.0</real>
					<key>IndexInImage</key>
					<integer>7</integer>
					<key>Max</key>
					<real>0.0</real>
					<key>Mean</key>
					<real>0.0</real>
					<key>Min</key>
					<real>0.0</real>
					<key>Name</key>
					<string>Calcification</string>
					<key>NumberOfPoints</key>
					<integer>1</integer>
					<key>Point_mm</key>
					<array>
						<string>(0.000000, 0.000000, 0.000000)</string>
					</array>
					<key>Point_px</key>
					<array>
						<string>(1111.060059, 2593.729980)</string>
					</array>
					<key>Total</key>
					<real>0.0</real>
					<key>Type</key>
					<integer>19</integer>
				</dict>
			</array>
		</dict>
	</array>
</dict>
</plist>
