<?xml version="1.0" encoding="UTF-8"?>
<!DOCTYPE plist PUBLIC "-//Apple//DTD PLIST 1.0//EN" "http://www.apple.com/DTDs/PropertyList-1.0.dtd">
<plist version="1.0">
<dict>
	<key>Images</key>
	<array>
		<dict>
			<key>ImageIndex</key>
			<integer>0</integer>
			<key>NumberOfROIs</key>
			<integer>1</integer>
			<key>ROIs</key>
			<array>
				<dict>
					<key>Area</key>
					<real>6.0371646881103516</real>
					<key>Center</key>
					<string>(0.000000, 0.000000, 0.000000)</string>
					<key>Dev</key>
					<real>0.0</real>
					<key>IndexInImage</key>
					<integer>0</integer>
					<key>Max</key>
					<real>0.0</real>
					<key>Mean</key>
					<real>0.0</real>
					<key>Min</key>
					<real>0.0</real>
					<key>Name</key>
					<string>Mass</string>
					<key>NumberOfPoints</key>
					<integer>239</integer>
					<key>Point_mm</key>
					<array>
						<string>(0.000000, 0.000000, 0.000000)</string>
						<string>(0.000000, 0.000000, 0.000000)</string>
						<string>(0.000000, 0.000000, 0.000000)</string>
						<string>(0.000000, 0.000000, 0.000000)</string>
						<string>(0.000000, 0.000000, 0.000000)</string>
						<string>(0.000000, 0.000000, 0.000000)</string>
						<string>(0.000000, 0.000000, 0.000000)</string>
						<string>(0.000000, 0.000000, 0.000000)</string>
						<string>(0.000000, 0.000000, 0.000000)</string>
						<string>(0.000000, 0.000000, 0.000000)</string>
						<string>(0.000000, 0.000000, 0.000000)</string>
						<string>(0.000000, 0.000000, 0.000000)</string>
						<string>(0.000000, 0.000000, 0.000000)</string>
						<string>(0.000000, 0.000000, 0.000000)</string>
						<string>(0.000000, 0.000000, 0.000000)</string>
						<string>(0.000000, 0.000000, 0.000000)</string>
						<string>(0.000000, 0.000000, 0.000000)</string>
						<string>(0.000000, 0.000000, 0.000000)</string>
						<string>(0.000000, 0.000000, 0.000000)</string>
						<string>(0.000000, 0.000000, 0.000000)</string>
						<string>(0.000000, 0.000000, 0.000000)</string>
						<string>(0.000000, 0.000000, 0.000000)</string>
						<string>(0.000000, 0.000000, 0.000000)</string>
						<string>(0.000000, 0.000000, 0.000000)</string>
						<string>(0.000000, 0.000000, 0.000000)</string>
						<string>(0.000000, 0.000000, 0.000000)</string>
						<string>(0.000000, 0.000000, 0.000000)</string>
						<string>(0.000000, 0.000000, 0.000000)</string>
						<string>(0.000000, 0.000000, 0.000000)</string>
						<string>(0.000000, 0.000000, 0.000000)</string>
						<string>(0.000000, 0.000000, 0.000000)</string>
						<string>(0.000000, 0.000000, 0.000000)</string>
						<string>(0.000000, 0.000000, 0.000000)</string>
						<string>(0.000000, 0.000000, 0.000000)</string>
						<string>(0.000000, 0.000000, 0.000000)</string>
						<string>(0.000000, 0.000000, 0.000000)</string>
						<string>(0.000000, 0.000000, 0.000000)</string>
						<string>(0.000000, 0.000000, 0.000000)</string>
						<string>(0.000000, 0.000000, 0.000000)</string>
						<string>(0.000000, 0.000000, 0.000000)</string>
						<string>(0.000000, 0.000000, 0.000000)</string>
						<string>(0.000000, 0.000000, 0.000000)</string>
						<string>(0.000000, 0.000000, 0.000000)</string>
						<string>(0.000000, 0.000000, 0.000000)</string>
						<string>(0.000000, 0.000000, 0.000000)</string>
						<string>(0.000000, 0.000000, 0.000000)</string>
						<string>(0.000000, 0.000000, 0.000000)</string>
						<string>(0.000000, 0.000000, 0.000000)</string>
						<string>(0.000000, 0.000000, 0.000000)</string>
						<string>(0.000000, 0.000000, 0.000000)</string>
						<string>(0.000000, 0.000000, 0.000000)</string>
						<string>(0.000000, 0.000000, 0.000000)</string>
						<string>(0.000000, 0.000000, 0.000000)</string>
						<string>(0.000000, 0.000000, 0.000000)</string>
						<string>(0.000000, 0.000000, 0.000000)</string>
						<string>(0.000000, 0.000000, 0.000000)</string>
						<string>(0.000000, 0.000000, 0.000000)</string>
						<string>(0.000000, 0.000000, 0.000000)</string>
						<string>(0.000000, 0.000000, 0.000000)</string>
						<string>(0.000000, 0.000000, 0.000000)</string>
						<string>(0.000000, 0.000000, 0.000000)</string>
						<string>(0.000000, 0.000000, 0.000000)</string>
						<string>(0.000000, 0.000000, 0.000000)</string>
						<string>(0.000000, 0.000000, 0.000000)</string>
						<string>(0.000000, 0.000000, 0.000000)</string>
						<string>(0.000000, 0.000000, 0.000000)</string>
						<string>(0.000000, 0.000000, 0.000000)</string>
						<string>(0.000000, 0.000000, 0.000000)</string>
						<string>(0.000000, 0.000000, 0.000000)</string>
						<string>(0.000000, 0.000000, 0.000000)</string>
						<string>(0.000000, 0.000000, 0.000000)</string>
						<string>(0.000000, 0.000000, 0.000000)</string>
						<string>(0.000000, 0.000000, 0.000000)</string>
						<string>(0.000000, 0.000000, 0.000000)</string>
						<string>(0.000000, 0.000000, 0.000000)</string>
						<string>(0.000000, 0.000000, 0.000000)</string>
						<string>(0.000000, 0.000000, 0.000000)</string>
						<string>(0.000000, 0.000000, 0.000000)</string>
						<string>(0.000000, 0.000000, 0.000000)</string>
						<string>(0.000000, 0.000000, 0.000000)</string>
						<string>(0.000000, 0.000000, 0.000000)</string>
						<string>(0.000000, 0.000000, 0.000000)</string>
						<string>(0.000000, 0.000000, 0.000000)</string>
						<string>(0.000000, 0.000000, 0.000000)</string>
						<string>(0.000000, 0.000000, 0.000000)</string>
						<string>(0.000000, 0.000000, 0.000000)</string>
						<string>(0.000000, 0.000000, 0.000000)</string>
						<string>(0.000000, 0.000000, 0.000000)</string>
						<string>(0.000000, 0.000000, 0.000000)</string>
						<string>(0.000000, 0.000000, 0.000000)</string>
						<string>(0.000000, 0.000000, 0.000000)</string>
						<string>(0.000000, 0.000000, 0.000000)</string>
						<string>(0.000000, 0.000000, 0.000000)</string>
						<string>(0.000000, 0.000000, 0.000000)</string>
						<string>(0.000000, 0.000000, 0.000000)</string>
						<string>(0.000000, 0.000000, 0.000000)</string>
						<string>(0.000000, 0.000000, 0.000000)</string>
						<string>(0.000000, 0.000000, 0.000000)</string>
						<string>(0.000000, 0.000000, 0.000000)</string>
						<string>(0.000000, 0.000000, 0.000000)</string>
						<string>(0.000000, 0.000000, 0.000000)</string>
						<string>(0.000000, 0.000000, 0.000000)</string>
						<string>(0.000000, 0.000000, 0.000000)</string>
						<string>(0.000000, 0.000000, 0.000000)</string>
						<string>(0.000000, 0.000000, 0.000000)</string>
						<string>(0.000000, 0.000000, 0.000000)</string>
						<string>(0.000000, 0.000000, 0.000000)</string>
						<string>(0.000000, 0.000000, 0.000000)</string>
						<string>(0.000000, 0.000000, 0.000000)</string>
						<string>(0.000000, 0.000000, 0.000000)</string>
						<string>(0.000000, 0.000000, 0.000000)</string>
						<string>(0.000000, 0.000000, 0.000000)</string>
						<string>(0.000000, 0.000000, 0.000000)</string>
						<string>(0.000000, 0.000000, 0.000000)</string>
						<string>(0.000000, 0.000000, 0.000000)</string>
						<string>(0.000000, 0.000000, 0.000000)</string>
						<string>(0.000000, 0.000000, 0.000000)</string>
						<string>(0.000000, 0.000000, 0.000000)</string>
						<string>(0.000000, 0.000000, 0.000000)</string>
						<string>(0.000000, 0.000000, 0.000000)</string>
						<string>(0.000000, 0.000000, 0.000000)</string>
						<string>(0.000000, 0.000000, 0.000000)</string>
						<string>(0.000000, 0.000000, 0.000000)</string>
						<string>(0.000000, 0.000000, 0.000000)</string>
						<string>(0.000000, 0.000000, 0.000000)</string>
						<string>(0.000000, 0.000000, 0.000000)</string>
						<string>(0.000000, 0.000000, 0.000000)</string>
						<string>(0.000000, 0.000000, 0.000000)</string>
						<string>(0.000000, 0.000000, 0.000000)</string>
						<string>(0.000000, 0.000000, 0.000000)</string>
						<string>(0.000000, 0.000000, 0.000000)</string>
						<string>(0.000000, 0.000000, 0.000000)</string>
						<string>(0.000000, 0.000000, 0.000000)</string>
						<string>(0.000000, 0.000000, 0.000000)</string>
						<string>(0.000000, 0.000000, 0.000000)</string>
						<string>(0.000000, 0.000000, 0.000000)</string>
						<string>(0.000000, 0.000000, 0.000000)</string>
						<string>(0.000000, 0.000000, 0.000000)</string>
						<string>(0.000000, 0.000000, 0.000000)</string>
						<string>(0.000000, 0.000000, 0.000000)</string>
						<string>(0.000000, 0.000000, 0.000000)</string>
						<string>(0.000000, 0.000000, 0.000000)</string>
						<string>(0.000000, 0.000000, 0.000000)</string>
						<string>(0.000000, 0.000000, 0.000000)</string>
						<string>(0.000000, 0.000000, 0.000000)</string>
						<string>(0.000000, 0.000000, 0.000000)</string>
						<string>(0.000000, 0.000000, 0.000000)</string>
						<string>(0.000000, 0.000000, 0.000000)</string>
						<string>(0.000000, 0.000000, 0.000000)</string>
						<string>(0.000000, 0.000000, 0.000000)</string>
						<string>(0.000000, 0.000000, 0.000000)</string>
						<string>(0.000000, 0.000000, 0.000000)</string>
						<string>(0.000000, 0.000000, 0.000000)</string>
						<string>(0.000000, 0.000000, 0.000000)</string>
						<string>(0.000000, 0.000000, 0.000000)</string>
						<string>(0.000000, 0.000000, 0.000000)</string>
						<string>(0.000000, 0.000000, 0.000000)</string>
						<string>(0.000000, 0.000000, 0.000000)</string>
						<string>(0.000000, 0.000000, 0.000000)</string>
						<string>(0.000000, 0.000000, 0.000000)</string>
						<string>(0.000000, 0.000000, 0.000000)</string>
						<string>(0.000000, 0.000000, 0.000000)</string>
						<string>(0.000000, 0.000000, 0.000000)</string>
						<string>(0.000000, 0.000000, 0.000000)</string>
						<string>(0.000000, 0.000000, 0.000000)</string>
						<string>(0.000000, 0.000000, 0.000000)</string>
						<string>(0.000000, 0.000000, 0.000000)</string>
						<string>(0.000000, 0.000000, 0.000000)</string>
						<string>(0.000000, 0.000000, 0.000000)</string>
						<string>(0.000000, 0.000000, 0.000000)</string>
						<string>(0.000000, 0.000000, 0.000000)</string>
						<string>(0.000000, 0.000000, 0.000000)</string>
						<string>(0.000000, 0.000000, 0.000000)</string>
						<string>(0.000000, 0.000000, 0.000000)</string>
						<string>(0.000000, 0.000000, 0.000000)</string>
						<string>(0.000000, 0.000000, 0.000000)</string>
						<string>(0.000000, 0.000000, 0.000000)</string>
						<string>(0.000000, 0.000000, 0.000000)</string>
						<string>(0.000000, 0.000000, 0.000000)</string>
						<string>(0.000000, 0.000000, 0.000000)</string>
						<string>(0.000000, 0.000000, 0.000000)</string>
						<string>(0.000000, 0.000000, 0.000000)</string>
						<string>(0.000000, 0.000000, 0.000000)</string>
						<string>(0.000000, 0.000000, 0.000000)</string>
						<string>(0.000000, 0.000000, 0.000000)</string>
						<string>(0.000000, 0.000000, 0.000000)</string>
						<string>(0.000000, 0.000000, 0.000000)</string>
						<string>(0.000000, 0.000000, 0.000000)</string>
						<string>(0.000000, 0.000000, 0.000000)</string>
						<string>(0.000000, 0.000000, 0.000000)</string>
						<string>(0.000000, 0.000000, 0.000000)</string>
						<string>(0.000000, 0.000000, 0.000000)</string>
						<string>(0.000000, 0.000000, 0.000000)</string>
						<string>(0.000000, 0.000000, 0.000000)</string>
						<string>(0.000000, 0.000000, 0.000000)</string>
						<string>(0.000000, 0.000000, 0.000000)</string>
						<string>(0.000000, 0.000000, 0.000000)</string>
						<string>(0.000000, 0.000000, 0.000000)</string>
						<string>(0.000000, 0.000000, 0.000000)</string>
						<string>(0.000000, 0.000000, 0.000000)</string>
						<string>(0.000000, 0.000000, 0.000000)</string>
						<string>(0.000000, 0.000000, 0.000000)</string>
						<string>(0.000000, 0.000000, 0.000000)</string>
						<string>(0.000000, 0.000000, 0.000000)</string>
						<string>(0.000000, 0.000000, 0.000000)</string>
						<string>(0.000000, 0.000000, 0.000000)</string>
						<string>(0.000000, 0.000000, 0.000000)</string>
						<string>(0.000000, 0.000000, 0.000000)</string>
						<string>(0.000000, 0.000000, 0.000000)</string>
						<string>(0.000000, 0.000000, 0.000000)</string>
						<string>(0.000000, 0.000000, 0.000000)</string>
						<string>(0.000000, 0.000000, 0.000000)</string>
						<string>(0.000000, 0.000000, 0.000000)</string>
						<string>(0.000000, 0.000000, 0.000000)</string>
						<string>(0.000000, 0.000000, 0.000000)</string>
						<string>(0.000000, 0.000000, 0.000000)</string>
						<string>(0.000000, 0.000000, 0.000000)</string>
						<string>(0.000000, 0.000000, 0.000000)</string>
						<string>(0.000000, 0.000000, 0.000000)</string>
						<string>(0.000000, 0.000000, 0.000000)</string>
						<string>(0.000000, 0.000000, 0.000000)</string>
						<string>(0.000000, 0.000000, 0.000000)</string>
						<string>(0.000000, 0.000000, 0.000000)</string>
						<string>(0.000000, 0.000000, 0.000000)</string>
						<string>(0.000000, 0.000000, 0.000000)</string>
						<string>(0.000000, 0.000000, 0.000000)</string>
						<string>(0.000000, 0.000000, 0.000000)</string>
						<string>(0.000000, 0.000000, 0.000000)</string>
						<string>(0.000000, 0.000000, 0.000000)</string>
						<string>(0.000000, 0.000000, 0.000000)</string>
						<string>(0.000000, 0.000000, 0.000000)</string>
						<string>(0.000000, 0.000000, 0.000000)</string>
						<string>(0.000000, 0.000000, 0.000000)</string>
						<string>(0.000000, 0.000000, 0.000000)</string>
						<string>(0.000000, 0.000000, 0.000000)</string>
						<string>(0.000000, 0.000000, 0.000000)</string>
						<string>(0.000000, 0.000000, 0.000000)</string>
						<string>(0.000000, 0.000000, 0.000000)</string>
						<string>(0.000000, 0.000000, 0.000000)</string>
					</array>
					<key>Point_px</key>
					<array>
						<string>(967.768982, 1645.619995)</string>
						<string>(959.627014, 1647.239990)</string>
						<string>(951.484985, 1647.239990)</string>
						<string>(942.807007, 1651.849976)</string>
						<string>(934.357971, 1652.910034)</string>
						<string>(929.077026, 1652.910034)</string>
						<string>(913.234009, 1653.959961)</string>
						<string>(902.672974, 1656.069946)</string>
						<string>(892.111023, 1653.959961)</string>
						<string>(884.718018, 1656.069946)</string>
						<string>(894.223022, 1664.520020)</string>
						<string>(892.111023, 1674.030029)</string>
						<string>(883.661987, 1672.969971)</string>
						<string>(879.437012, 1681.420044)</string>
						<string>(889.999023, 1688.819946)</string>
						<string>(901.617004, 1697.270020)</string>
						<string>(902.672974, 1709.939941)</string>
						<string>(901.617004, 1721.560059)</string>
						<string>(897.750000, 1731.920044)</string>
						<string>(894.492981, 1740.060059)</string>
						<string>(891.236023, 1748.199951)</string>
						<string>(886.351013, 1756.339966)</string>
						<string>(884.723022, 1764.479980)</string>
						<string>(894.492981, 1767.739990)</string>
						<string>(902.635010, 1771.000000)</string>
						<string>(910.776978, 1772.630005)</string>
						<string>(918.918030, 1777.510010)</string>
						<string>(927.059998, 1785.650024)</string>
						<string>(931.945007, 1793.790039)</string>
						<string>(933.572998, 1801.939941)</string>
						<string>(936.830017, 1810.079956)</string>
						<string>(938.458008, 1818.219971)</string>
						<string>(940.086975, 1826.359985)</string>
						<string>(936.830017, 1834.500000)</string>
						<string>(928.687988, 1837.760010)</string>
						<string>(920.546997, 1842.650024)</string>
						<string>(918.918030, 1850.790039)</string>
						<string>(915.661987, 1858.930054)</string>
						<string>(915.661987, 1867.069946)</string>
						<string>(914.033020, 1875.209961)</string>
						<string>(905.892029, 1881.729980)</string>
						<string>(897.750000, 1880.099976)</string>
						<string>(889.607971, 1878.469971)</string>
						<string>(881.466003, 1876.839966)</string>
						<string>(873.325012, 1876.839966)</string>
						<string>(870.067993, 1884.979980)</string>
						<string>(871.695984, 1893.119995)</string>
						<string>(868.440002, 1901.270020)</string>
						<string>(861.926025, 1909.410034)</string>
						<string>(870.067993, 1914.290039)</string>
						<string>(878.210022, 1917.550049)</string>
						<string>(886.351013, 1922.430054)</string>
						<string>(894.492981, 1925.689941)</string>
						<string>(907.520020, 1928.949951)</string>
						<string>(909.148010, 1937.089966)</string>
						<string>(907.520020, 1945.229980)</string>
						<string>(902.635010, 1953.369995)</string>
						<string>(899.377991, 1961.510010)</string>
						<string>(894.492981, 1969.660034)</string>
						<string>(897.750000, 1977.800049)</string>
						<string>(899.377991, 1985.939941)</string>
						<string>(896.122009, 1994.079956)</string>
						<string>(891.236023, 2002.219971)</string>
						<string>(887.979980, 2010.359985)</string>
						<string>(887.979980, 2018.510010)</string>
						<string>(887.979980, 2026.650024)</string>
						<string>(892.864990, 2034.790039)</string>
						<string>(901.007019, 2036.420044)</string>
						<string>(904.263000, 2028.280029)</string>
						<string>(914.033020, 2023.390015)</string>
						<string>(923.765991, 2020.410034)</string>
						<string>(926.072998, 2014.260010)</string>
						<string>(928.379028, 2003.500000)</string>
						<string>(933.760986, 1995.040039)</string>
						<string>(940.681030, 1989.660034)</string>
						<string>(947.599976, 1981.969971)</string>
						<string>(955.289001, 1972.750000)</string>
						<string>(961.255005, 1964.770020)</string>
						<string>(966.052002, 1954.290039)</string>
						<string>(976.815979, 1949.680054)</string>
						<string>(984.504028, 1951.989990)</string>
						<string>(992.192993, 1951.989990)</string>
						<string>(1000.650024, 1954.290039)</string>
						<string>(1011.409973, 1955.060059)</string>
						<string>(1018.330017, 1959.670044)</string>
						<string>(1024.760010, 1971.280029)</string>
						<string>(1024.760010, 1979.430054)</string>
						<string>(1030.630005, 1986.579956)</string>
						<string>(1036.020020, 1985.819946)</string>
						<string>(1043.709961, 1987.349976)</string>
						<string>(1052.930054, 1989.660034)</string>
						<string>(1058.959961, 1989.199951)</string>
						<string>(1065.469971, 1981.050049)</string>
						<string>(1075.239990, 1974.540039)</string>
						<string>(1083.380005, 1972.910034)</string>
						<string>(1088.270020, 1981.050049)</string>
						<string>(1088.270020, 1989.199951)</string>
						<string>(1088.270020, 1997.339966)</string>
						<string>(1080.119995, 2000.589966)</string>
						<string>(1071.979980, 2000.589966)</string>
						<string>(1063.839966, 2005.479980)</string>
						<string>(1060.579956, 2013.619995)</string>
						<string>(1071.380005, 2014.260010)</string>
						<string>(1078.300049, 2012.719971)</string>
						<string>(1081.380005, 2021.949951)</string>
						<string>(1080.119995, 2034.790039)</string>
						<string>(1080.119995, 2042.930054)</string>
						<string>(1081.750000, 2051.070068)</string>
						<string>(1088.270020, 2060.840088)</string>
						<string>(1093.680054, 2059.620117)</string>
						<string>(1095.219971, 2052.699951)</string>
						<string>(1095.219971, 2048.860107)</string>
						<string>(1095.989990, 2041.170044)</string>
						<string>(1094.780029, 2031.530029)</string>
						<string>(1094.780029, 2023.390015)</string>
						<string>(1104.550049, 2023.390015)</string>
						<string>(1109.430054, 2031.530029)</string>
						<string>(1112.689941, 2039.670044)</string>
						<string>(1119.199951, 2047.819946)</string>
						<string>(1127.349976, 2054.330078)</string>
						<string>(1135.969971, 2053.469971)</string>
						<string>(1138.739990, 2049.439941)</string>
						<string>(1138.739990, 2041.300049)</string>
						<string>(1133.660034, 2030.410034)</string>
						<string>(1129.819946, 2025.800049)</string>
						<string>(1128.280029, 2019.640015)</string>
						<string>(1134.430054, 2011.959961)</string>
						<string>(1142.890015, 2012.719971)</string>
						<string>(1148.510010, 2018.510010)</string>
						<string>(1151.770020, 2026.650024)</string>
						<string>(1159.910034, 2031.530029)</string>
						<string>(1171.310059, 2036.420044)</string>
						<string>(1179.449951, 2041.300049)</string>
						<string>(1187.599976, 2046.189941)</string>
						<string>(1186.709961, 2037.329956)</string>
						<string>(1184.550049, 2030.010010)</string>
						<string>(1184.339966, 2020.130005)</string>
						<string>(1182.709961, 2011.989990)</string>
						<string>(1177.900024, 2003.989990)</string>
						<string>(1175.130005, 1999.010010)</string>
						<string>(1162.880005, 1988.890015)</string>
						<string>(1163.170044, 1981.050049)</string>
						<string>(1161.540039, 1972.910034)</string>
						<string>(1163.170044, 1964.770020)</string>
						<string>(1171.310059, 1958.260010)</string>
						<string>(1179.449951, 1956.630005)</string>
						<string>(1187.599976, 1956.630005)</string>
						<string>(1195.739990, 1956.630005)</string>
						<string>(1203.880005, 1956.630005)</string>
						<string>(1195.739990, 1950.119995)</string>
						<string>(1187.599976, 1941.969971)</string>
						<string>(1195.739990, 1940.349976)</string>
						<string>(1203.880005, 1941.969971)</string>
						<string>(1212.020020, 1945.229980)</string>
						<string>(1220.160034, 1945.229980)</string>
						<string>(1228.300049, 1946.859985)</string>
						<string>(1236.449951, 1946.859985)</string>
						<string>(1234.819946, 1938.719971)</string>
						<string>(1226.680054, 1935.459961)</string>
						<string>(1218.530029, 1930.579956)</string>
						<string>(1210.390015, 1924.060059)</string>
						<string>(1207.140015, 1915.920044)</string>
						<string>(1200.619995, 1907.780029)</string>
						<string>(1207.140015, 1899.640015)</string>
						<string>(1208.760010, 1891.500000)</string>
						<string>(1210.390015, 1883.349976)</string>
						<string>(1213.650024, 1875.209961)</string>
						<string>(1216.910034, 1867.069946)</string>
						<string>(1216.910034, 1858.930054)</string>
						<string>(1206.699951, 1850.500000)</string>
						<string>(1217.459961, 1848.189941)</string>
						<string>(1225.920044, 1844.349976)</string>
						<string>(1235.920044, 1847.420044)</string>
						<string>(1243.599976, 1847.420044)</string>
						<string>(1250.520020, 1846.660034)</string>
						<string>(1258.209961, 1845.890015)</string>
						<string>(1266.670044, 1845.890015)</string>
						<string>(1274.359985, 1843.579956)</string>
						<string>(1280.510010, 1836.660034)</string>
						<string>(1283.670044, 1829.619995)</string>
						<string>(1282.040039, 1821.479980)</string>
						<string>(1278.780029, 1813.329956)</string>
						<string>(1275.530029, 1805.189941)</string>
						<string>(1273.900024, 1797.050049)</string>
						<string>(1272.270020, 1788.910034)</string>
						<string>(1265.760010, 1779.140015)</string>
						<string>(1260.869995, 1769.369995)</string>
						<string>(1260.869995, 1761.229980)</string>
						<string>(1259.239990, 1753.089966)</string>
						<string>(1254.359985, 1744.939941)</string>
						<string>(1248.219971, 1736.709961)</string>
						<string>(1242.069946, 1729.020020)</string>
						<string>(1244.369995, 1721.329956)</string>
						<string>(1248.219971, 1705.959961)</string>
						<string>(1255.140015, 1699.810059)</string>
						<string>(1261.290039, 1693.660034)</string>
						<string>(1265.130005, 1688.270020)</string>
						<string>(1268.209961, 1680.589966)</string>
						<string>(1275.130005, 1670.589966)</string>
						<string>(1280.510010, 1664.439941)</string>
						<string>(1281.280029, 1656.750000)</string>
						<string>(1270.510010, 1654.449951)</string>
						<string>(1261.290039, 1653.680054)</string>
						<string>(1249.750000, 1648.290039)</string>
						<string>(1236.449951, 1643.989990)</string>
						<string>(1228.300049, 1642.359985)</string>
						<string>(1220.160034, 1640.729980)</string>
						<string>(1212.020020, 1637.469971)</string>
						<string>(1203.880005, 1635.849976)</string>
						<string>(1195.739990, 1635.849976)</string>
						<string>(1187.599976, 1635.849976)</string>
						<string>(1179.449951, 1635.849976)</string>
						<string>(1171.310059, 1637.469971)</string>
						<string>(1163.170044, 1637.469971)</string>
						<string>(1155.030029, 1637.469971)</string>
						<string>(1146.890015, 1637.469971)</string>
						<string>(1137.119995, 1632.589966)</string>
						<string>(1127.510010, 1628.300049)</string>
						<string>(1119.819946, 1624.459961)</string>
						<string>(1110.589966, 1622.150024)</string>
						<string>(1102.140015, 1619.079956)</string>
						<string>(1093.680054, 1614.469971)</string>
						<string>(1088.300049, 1611.390015)</string>
						<string>(1079.069946, 1607.550049)</string>
						<string>(1071.979980, 1616.310059)</string>
						<string>(1063.839966, 1616.310059)</string>
						<string>(1055.699951, 1614.680054)</string>
						<string>(1054.069946, 1606.540039)</string>
						<string>(1047.550049, 1606.010010)</string>
						<string>(1040.630005, 1607.550049)</string>
						<string>(1036.020020, 1618.310059)</string>
						<string>(1029.650024, 1619.560059)</string>
						<string>(1021.500000, 1621.189941)</string>
						<string>(1013.359985, 1622.819946)</string>
						<string>(1005.219971, 1626.079956)</string>
						<string>(997.078979, 1627.699951)</string>
						<string>(988.937012, 1632.589966)</string>
						<string>(984.052002, 1640.729980)</string>
						<string>(975.909973, 1645.619995)</string>
					</array>
					<key>Total</key>
					<real>0.0</real>
					<key>Type</key>
					<integer>15</integer>
				</dict>
			</array>
		</dict>
	</array>
</dict>
</plist>
