<?xml version="1.0" encoding="UTF-8"?>
<!DOCTYPE plist PUBLIC "-//Apple//DTD PLIST 1.0//EN" "http://www.apple.com/DTDs/PropertyList-1.0.dtd">
<plist version="1.0">
<dict>
	<key>Images</key>
	<array>
		<dict>
			<key>ImageIndex</key>
			<integer>0</integer>
			<key>NumberOfROIs</key>
			<integer>1</integer>
			<key>ROIs</key>
			<array>
				<dict>
					<key>Area</key>
					<real>3.4449388980865479</real>
					<key>Center</key>
					<string>(0.000000, 0.000000, 0.000000)</string>
					<key>Dev</key>
					<real>131.03558349609375</real>
					<key>IndexInImage</key>
					<integer>0</integer>
					<key>Max</key>
					<real>2116</real>
					<key>Mean</key>
					<real>1620.138916015625</real>
					<key>Min</key>
					<real>1225</real>
					<key>Name</key>
					<string>Mass</string>
					<key>NumberOfPoints</key>
					<integer>157</integer>
					<key>Point_mm</key>
					<array>
						<string>(0.000000, 0.000000, 0.000000)</string>
						<string>(0.000000, 0.000000, 0.000000)</string>
						<string>(0.000000, 0.000000, 0.000000)</string>
						<string>(0.000000, 0.000000, 0.000000)</string>
						<string>(0.000000, 0.000000, 0.000000)</string>
						<string>(0.000000, 0.000000, 0.000000)</string>
						<string>(0.000000, 0.000000, 0.000000)</string>
						<string>(0.000000, 0.000000, 0.000000)</string>
						<string>(0.000000, 0.000000, 0.000000)</string>
						<string>(0.000000, 0.000000, 0.000000)</string>
						<string>(0.000000, 0.000000, 0.000000)</string>
						<string>(0.000000, 0.000000, 0.000000)</string>
						<string>(0.000000, 0.000000, 0.000000)</string>
						<string>(0.000000, 0.000000, 0.000000)</string>
						<string>(0.000000, 0.000000, 0.000000)</string>
						<string>(0.000000, 0.000000, 0.000000)</string>
						<string>(0.000000, 0.000000, 0.000000)</string>
						<string>(0.000000, 0.000000, 0.000000)</string>
						<string>(0.000000, 0.000000, 0.000000)</string>
						<string>(0.000000, 0.000000, 0.000000)</string>
						<string>(0.000000, 0.000000, 0.000000)</string>
						<string>(0.000000, 0.000000, 0.000000)</string>
						<string>(0.000000, 0.000000, 0.000000)</string>
						<string>(0.000000, 0.000000, 0.000000)</string>
						<string>(0.000000, 0.000000, 0.000000)</string>
						<string>(0.000000, 0.000000, 0.000000)</string>
						<string>(0.000000, 0.000000, 0.000000)</string>
						<string>(0.000000, 0.000000, 0.000000)</string>
						<string>(0.000000, 0.000000, 0.000000)</string>
						<string>(0.000000, 0.000000, 0.000000)</string>
						<string>(0.000000, 0.000000, 0.000000)</string>
						<string>(0.000000, 0.000000, 0.000000)</string>
						<string>(0.000000, 0.000000, 0.000000)</string>
						<string>(0.000000, 0.000000, 0.000000)</string>
						<string>(0.000000, 0.000000, 0.000000)</string>
						<string>(0.000000, 0.000000, 0.000000)</string>
						<string>(0.000000, 0.000000, 0.000000)</string>
						<string>(0.000000, 0.000000, 0.000000)</string>
						<string>(0.000000, 0.000000, 0.000000)</string>
						<string>(0.000000, 0.000000, 0.000000)</string>
						<string>(0.000000, 0.000000, 0.000000)</string>
						<string>(0.000000, 0.000000, 0.000000)</string>
						<string>(0.000000, 0.000000, 0.000000)</string>
						<string>(0.000000, 0.000000, 0.000000)</string>
						<string>(0.000000, 0.000000, 0.000000)</string>
						<string>(0.000000, 0.000000, 0.000000)</string>
						<string>(0.000000, 0.000000, 0.000000)</string>
						<string>(0.000000, 0.000000, 0.000000)</string>
						<string>(0.000000, 0.000000, 0.000000)</string>
						<string>(0.000000, 0.000000, 0.000000)</string>
						<string>(0.000000, 0.000000, 0.000000)</string>
						<string>(0.000000, 0.000000, 0.000000)</string>
						<string>(0.000000, 0.000000, 0.000000)</string>
						<string>(0.000000, 0.000000, 0.000000)</string>
						<string>(0.000000, 0.000000, 0.000000)</string>
						<string>(0.000000, 0.000000, 0.000000)</string>
						<string>(0.000000, 0.000000, 0.000000)</string>
						<string>(0.000000, 0.000000, 0.000000)</string>
						<string>(0.000000, 0.000000, 0.000000)</string>
						<string>(0.000000, 0.000000, 0.000000)</string>
						<string>(0.000000, 0.000000, 0.000000)</string>
						<string>(0.000000, 0.000000, 0.000000)</string>
						<string>(0.000000, 0.000000, 0.000000)</string>
						<string>(0.000000, 0.000000, 0.000000)</string>
						<string>(0.000000, 0.000000, 0.000000)</string>
						<string>(0.000000, 0.000000, 0.000000)</string>
						<string>(0.000000, 0.000000, 0.000000)</string>
						<string>(0.000000, 0.000000, 0.000000)</string>
						<string>(0.000000, 0.000000, 0.000000)</string>
						<string>(0.000000, 0.000000, 0.000000)</string>
						<string>(0.000000, 0.000000, 0.000000)</string>
						<string>(0.000000, 0.000000, 0.000000)</string>
						<string>(0.000000, 0.000000, 0.000000)</string>
						<string>(0.000000, 0.000000, 0.000000)</string>
						<string>(0.000000, 0.000000, 0.000000)</string>
						<string>(0.000000, 0.000000, 0.000000)</string>
						<string>(0.000000, 0.000000, 0.000000)</string>
						<string>(0.000000, 0.000000, 0.000000)</string>
						<string>(0.000000, 0.000000, 0.000000)</string>
						<string>(0.000000, 0.000000, 0.000000)</string>
						<string>(0.000000, 0.000000, 0.000000)</string>
						<string>(0.000000, 0.000000, 0.000000)</string>
						<string>(0.000000, 0.000000, 0.000000)</string>
						<string>(0.000000, 0.000000, 0.000000)</string>
						<string>(0.000000, 0.000000, 0.000000)</string>
						<string>(0.000000, 0.000000, 0.000000)</string>
						<string>(0.000000, 0.000000, 0.000000)</string>
						<string>(0.000000, 0.000000, 0.000000)</string>
						<string>(0.000000, 0.000000, 0.000000)</string>
						<string>(0.000000, 0.000000, 0.000000)</string>
						<string>(0.000000, 0.000000, 0.000000)</string>
						<string>(0.000000, 0.000000, 0.000000)</string>
						<string>(0.000000, 0.000000, 0.000000)</string>
						<string>(0.000000, 0.000000, 0.000000)</string>
						<string>(0.000000, 0.000000, 0.000000)</string>
						<string>(0.000000, 0.000000, 0.000000)</string>
						<string>(0.000000, 0.000000, 0.000000)</string>
						<string>(0.000000, 0.000000, 0.000000)</string>
						<string>(0.000000, 0.000000, 0.000000)</string>
						<string>(0.000000, 0.000000, 0.000000)</string>
						<string>(0.000000, 0.000000, 0.000000)</string>
						<string>(0.000000, 0.000000, 0.000000)</string>
						<string>(0.000000, 0.000000, 0.000000)</string>
						<string>(0.000000, 0.000000, 0.000000)</string>
						<string>(0.000000, 0.000000, 0.000000)</string>
						<string>(0.000000, 0.000000, 0.000000)</string>
						<string>(0.000000, 0.000000, 0.000000)</string>
						<string>(0.000000, 0.000000, 0.000000)</string>
						<string>(0.000000, 0.000000, 0.000000)</string>
						<string>(0.000000, 0.000000, 0.000000)</string>
						<string>(0.000000, 0.000000, 0.000000)</string>
						<string>(0.000000, 0.000000, 0.000000)</string>
						<string>(0.000000, 0.000000, 0.000000)</string>
						<string>(0.000000, 0.000000, 0.000000)</string>
						<string>(0.000000, 0.000000, 0.000000)</string>
						<string>(0.000000, 0.000000, 0.000000)</string>
						<string>(0.000000, 0.000000, 0.000000)</string>
						<string>(0.000000, 0.000000, 0.000000)</string>
						<string>(0.000000, 0.000000, 0.000000)</string>
						<string>(0.000000, 0.000000, 0.000000)</string>
						<string>(0.000000, 0.000000, 0.000000)</string>
						<string>(0.000000, 0.000000, 0.000000)</string>
						<string>(0.000000, 0.000000, 0.000000)</string>
						<string>(0.000000, 0.000000, 0.000000)</string>
						<string>(0.000000, 0.000000, 0.000000)</string>
						<string>(0.000000, 0.000000, 0.000000)</string>
						<string>(0.000000, 0.000000, 0.000000)</string>
						<string>(0.000000, 0.000000, 0.000000)</string>
						<string>(0.000000, 0.000000, 0.000000)</string>
						<string>(0.000000, 0.000000, 0.000000)</string>
						<string>(0.000000, 0.000000, 0.000000)</string>
						<string>(0.000000, 0.000000, 0.000000)</string>
						<string>(0.000000, 0.000000, 0.000000)</string>
						<string>(0.000000, 0.000000, 0.000000)</string>
						<string>(0.000000, 0.000000, 0.000000)</string>
						<string>(0.000000, 0.000000, 0.000000)</string>
						<string>(0.000000, 0.000000, 0.000000)</string>
						<string>(0.000000, 0.000000, 0.000000)</string>
						<string>(0.000000, 0.000000, 0.000000)</string>
						<string>(0.000000, 0.000000, 0.000000)</string>
						<string>(0.000000, 0.000000, 0.000000)</string>
						<string>(0.000000, 0.000000, 0.000000)</string>
						<string>(0.000000, 0.000000, 0.000000)</string>
						<string>(0.000000, 0.000000, 0.000000)</string>
						<string>(0.000000, 0.000000, 0.000000)</string>
						<string>(0.000000, 0.000000, 0.000000)</string>
						<string>(0.000000, 0.000000, 0.000000)</string>
						<string>(0.000000, 0.000000, 0.000000)</string>
						<string>(0.000000, 0.000000, 0.000000)</string>
						<string>(0.000000, 0.000000, 0.000000)</string>
						<string>(0.000000, 0.000000, 0.000000)</string>
						<string>(0.000000, 0.000000, 0.000000)</string>
						<string>(0.000000, 0.000000, 0.000000)</string>
						<string>(0.000000, 0.000000, 0.000000)</string>
						<string>(0.000000, 0.000000, 0.000000)</string>
						<string>(0.000000, 0.000000, 0.000000)</string>
						<string>(0.000000, 0.000000, 0.000000)</string>
					</array>
					<key>Point_px</key>
					<array>
						<string>(2163.959961, 1456.349976)</string>
						<string>(2157.719971, 1452.709961)</string>
						<string>(2152.399902, 1444.729980)</string>
						<string>(2149.969971, 1439.260010)</string>
						<string>(2149.189941, 1431.489990)</string>
						<string>(2149.189941, 1423.719971)</string>
						<string>(2147.639893, 1415.949951)</string>
						<string>(2146.090088, 1409.739990)</string>
						<string>(2140.649902, 1405.849976)</string>
						<string>(2133.790039, 1400.849976)</string>
						<string>(2125.810059, 1399.530029)</string>
						<string>(2119.669922, 1402.739990)</string>
						<string>(2116.500000, 1408.829956)</string>
						<string>(2116.500000, 1415.479980)</string>
						<string>(2113.449951, 1424.500000)</string>
						<string>(2106.459961, 1426.829956)</string>
						<string>(2101.020020, 1419.839966)</string>
						<string>(2095.580078, 1411.290039)</string>
						<string>(2094.810059, 1403.520020)</string>
						<string>(2095.229980, 1396.869995)</string>
						<string>(2091.699951, 1390.310059)</string>
						<string>(2082.379883, 1390.310059)</string>
						<string>(2078.489990, 1384.099976)</string>
						<string>(2069.959961, 1376.920044)</string>
						<string>(2061.989990, 1376.920044)</string>
						<string>(2058.000000, 1384.900024)</string>
						<string>(2052.550049, 1387.979980)</string>
						<string>(2045.770020, 1386.790039)</string>
						<string>(2038.989990, 1384.390015)</string>
						<string>(2030.319946, 1385.650024)</string>
						<string>(2020.770020, 1388.890015)</string>
						<string>(2013.060059, 1393.569946)</string>
						<string>(2006.280029, 1387.979980)</string>
						<string>(2001.569946, 1384.099976)</string>
						<string>(1996.910034, 1386.430054)</string>
						<string>(1992.849976, 1391.550049)</string>
						<string>(1998.229980, 1400.069946)</string>
						<string>(2002.150024, 1407.500000)</string>
						<string>(1994.180054, 1411.489990)</string>
						<string>(1987.530029, 1411.489990)</string>
						<string>(1980.010010, 1411.619995)</string>
						<string>(1971.119995, 1416.959961)</string>
						<string>(1966.260010, 1412.819946)</string>
						<string>(1959.109985, 1416.069946)</string>
						<string>(1950.819946, 1416.770020)</string>
						<string>(1943.609985, 1417.189941)</string>
						<string>(1935.969971, 1422.280029)</string>
						<string>(1929.180054, 1428.650024)</string>
						<string>(1923.709961, 1434.089966)</string>
						<string>(1918.579956, 1441.800049)</string>
						<string>(1914.400024, 1447.390015)</string>
						<string>(1914.140015, 1454.189941)</string>
						<string>(1911.099976, 1461.859985)</string>
						<string>(1905.369995, 1462.569946)</string>
						<string>(1899.770020, 1469.989990)</string>
						<string>(1897.119995, 1477.969971)</string>
						<string>(1894.459961, 1484.619995)</string>
						<string>(1893.130005, 1491.270020)</string>
						<string>(1891.800049, 1499.250000)</string>
						<string>(1889.140015, 1505.890015)</string>
						<string>(1889.140015, 1512.540039)</string>
						<string>(1891.800049, 1520.520020)</string>
						<string>(1888.140015, 1524.719971)</string>
						<string>(1885.030029, 1530.160034)</string>
						<string>(1882.699951, 1534.819946)</string>
						<string>(1877.170044, 1536.469971)</string>
						<string>(1870.520020, 1537.800049)</string>
						<string>(1865.209961, 1545.780029)</string>
						<string>(1869.189941, 1552.430054)</string>
						<string>(1875.839966, 1553.760010)</string>
						<string>(1882.489990, 1555.089966)</string>
						<string>(1890.469971, 1560.410034)</string>
						<string>(1890.469971, 1568.390015)</string>
						<string>(1889.140015, 1575.030029)</string>
						<string>(1889.140015, 1581.680054)</string>
						<string>(1882.699951, 1587.650024)</string>
						<string>(1876.489990, 1593.869995)</string>
						<string>(1879.599976, 1601.640015)</string>
						<string>(1888.140015, 1603.969971)</string>
						<string>(1895.910034, 1604.750000)</string>
						<string>(1899.770020, 1609.599976)</string>
						<string>(1902.430054, 1616.250000)</string>
						<string>(1903.680054, 1623.390015)</string>
						<string>(1909.079956, 1625.560059)</string>
						<string>(1917.060059, 1625.560059)</string>
						<string>(1922.380005, 1633.540039)</string>
						<string>(1923.709961, 1640.180054)</string>
						<string>(1930.359985, 1644.170044)</string>
						<string>(1938.329956, 1641.510010)</string>
						<string>(1944.979980, 1641.510010)</string>
						<string>(1951.630005, 1641.510010)</string>
						<string>(1958.069946, 1646.699951)</string>
						<string>(1958.839966, 1655.250000)</string>
						<string>(1956.510010, 1661.459961)</string>
						<string>(1954.180054, 1668.459961)</string>
						<string>(1950.300049, 1677.410034)</string>
						<string>(1948.739990, 1684.770020)</string>
						<string>(1956.510010, 1683.989990)</string>
						<string>(1963.599976, 1678.739990)</string>
						<string>(1971.569946, 1678.739990)</string>
						<string>(1979.550049, 1678.739990)</string>
						<string>(1982.209961, 1685.390015)</string>
						<string>(1984.869995, 1692.040039)</string>
						<string>(1992.849976, 1694.699951)</string>
						<string>(2000.819946, 1693.369995)</string>
						<string>(2007.469971, 1692.040039)</string>
						<string>(2015.449951, 1690.709961)</string>
						<string>(2021.930054, 1690.050049)</string>
						<string>(2030.079956, 1688.050049)</string>
						<string>(2035.949951, 1689.709961)</string>
						<string>(2037.750000, 1696.189941)</string>
						<string>(2043.140015, 1692.949951)</string>
						<string>(2046.380005, 1686.829956)</string>
						<string>(2050.060059, 1684.170044)</string>
						<string>(2055.370117, 1681.079956)</string>
						<string>(2061.129883, 1683.589966)</string>
						<string>(2071.560059, 1684.670044)</string>
						<string>(2079.479980, 1689.709961)</string>
						<string>(2080.560059, 1682.510010)</string>
						<string>(2089.909912, 1678.739990)</string>
						<string>(2095.820068, 1670.739990)</string>
						<string>(2101.689941, 1669.060059)</string>
						<string>(2108.409912, 1664.859985)</string>
						<string>(2112.189941, 1663.599976)</string>
						<string>(2115.780029, 1656.030029)</string>
						<string>(2119.159912, 1648.160034)</string>
						<string>(2125.810059, 1640.180054)</string>
						<string>(2131.129883, 1633.540039)</string>
						<string>(2135.110107, 1625.560059)</string>
						<string>(2139.100098, 1618.910034)</string>
						<string>(2147.080078, 1614.920044)</string>
						<string>(2155.060059, 1614.920044)</string>
						<string>(2163.040039, 1614.920044)</string>
						<string>(2171.010010, 1610.930054)</string>
						<string>(2173.669922, 1602.949951)</string>
						<string>(2173.669922, 1596.310059)</string>
						<string>(2175.000000, 1589.660034)</string>
						<string>(2177.659912, 1581.680054)</string>
						<string>(2178.989990, 1575.030029)</string>
						<string>(2178.989990, 1568.390015)</string>
						<string>(2171.010010, 1560.410034)</string>
						<string>(2169.959961, 1553.439941)</string>
						<string>(2171.979980, 1545.770020)</string>
						<string>(2175.610107, 1541.319946)</string>
						<string>(2176.820068, 1534.859985)</string>
						<string>(2177.229980, 1528.790039)</string>
						<string>(2174.060059, 1523.949951)</string>
						<string>(2167.840088, 1518.510010)</string>
						<string>(2164.300049, 1511.420044)</string>
						<string>(2165.909912, 1506.969971)</string>
						<string>(2171.719971, 1499.079956)</string>
						<string>(2176.330078, 1493.930054)</string>
						<string>(2176.330078, 1487.280029)</string>
						<string>(2176.330078, 1479.300049)</string>
						<string>(2176.330078, 1471.319946)</string>
						<string>(2174.060059, 1464.900024)</string>
						<string>(2168.350098, 1462.020020)</string>
					</array>
					<key>Total</key>
					<real>114616728</real>
					<key>Type</key>
					<integer>15</integer>
				</dict>
			</array>
		</dict>
	</array>
</dict>
</plist>
