<?xml version="1.0" encoding="UTF-8"?>
<!DOCTYPE plist PUBLIC "-//Apple//DTD PLIST 1.0//EN" "http://www.apple.com/DTDs/PropertyList-1.0.dtd">
<plist version="1.0">
<dict>
	<key>Images</key>
	<array>
		<dict>
			<key>ImageIndex</key>
			<integer>0</integer>
			<key>NumberOfROIs</key>
			<integer>4</integer>
			<key>ROIs</key>
			<array>
				<dict>
					<key>Area</key>
					<real>0.01542887557297945</real>
					<key>Center</key>
					<string>(0.000000, 0.000000, 0.000000)</string>
					<key>Dev</key>
					<real>34.491287231445312</real>
					<key>IndexInImage</key>
					<integer>0</integer>
					<key>Max</key>
					<real>1346</real>
					<key>Mean</key>
					<real>1252.827880859375</real>
					<key>Min</key>
					<real>1158</real>
					<key>Name</key>
					<string>Calcification</string>
					<key>NumberOfPoints</key>
					<integer>7</integer>
					<key>Point_mm</key>
					<array>
						<string>(0.000000, 0.000000, 0.000000)</string>
						<string>(0.000000, 0.000000, 0.000000)</string>
						<string>(0.000000, 0.000000, 0.000000)</string>
						<string>(0.000000, 0.000000, 0.000000)</string>
						<string>(0.000000, 0.000000, 0.000000)</string>
						<string>(0.000000, 0.000000, 0.000000)</string>
						<string>(0.000000, 0.000000, 0.000000)</string>
					</array>
					<key>Point_px</key>
					<array>
						<string>(765.216980, 1510.130005)</string>
						<string>(772.166016, 1504.489990)</string>
						<string>(780.197998, 1503.859985)</string>
						<string>(784.846008, 1511.829956)</string>
						<string>(781.445984, 1519.430054)</string>
						<string>(773.460999, 1523.069946)</string>
						<string>(765.867981, 1519.670044)</string>
					</array>
					<key>Total</key>
					<real>422203</real>
					<key>Type</key>
					<integer>15</integer>
				</dict>
				<dict>
					<key>Area</key>
					<real>0.0</real>
					<key>Center</key>
					<string>(0.000000, 0.000000, 0.000000)</string>
					<key>Dev</key>
					<real>0.0</real>
					<key>IndexInImage</key>
					<integer>1</integer>
					<key>Max</key>
					<real>1965</real>
					<key>Mean</key>
					<real>1965</real>
					<key>Min</key>
					<real>1965</real>
					<key>Name</key>
					<string>Calcification</string>
					<key>NumberOfPoints</key>
					<integer>1</integer>
					<key>Point_mm</key>
					<array>
						<string>(0.000000, 0.000000, 0.000000)</string>
					</array>
					<key>Point_px</key>
					<array>
						<string>(468.612000, 2109.979980)</string>
					</array>
					<key>Total</key>
					<real>1965</real>
					<key>Type</key>
					<integer>19</integer>
				</dict>
				<dict>
					<key>Area</key>
					<real>0.023345436900854111</real>
					<key>Center</key>
					<string>(0.000000, 0.000000, 0.000000)</string>
					<key>Dev</key>
					<real>131.07795715332031</real>
					<key>IndexInImage</key>
					<integer>2</integer>
					<key>Max</key>
					<real>1470</real>
					<key>Mean</key>
					<real>1230.5596923828125</real>
					<key>Min</key>
					<real>938</real>
					<key>Name</key>
					<string>Calcification</string>
					<key>NumberOfPoints</key>
					<integer>17</integer>
					<key>Point_mm</key>
					<array>
						<string>(0.000000, 0.000000, 0.000000)</string>
						<string>(0.000000, 0.000000, 0.000000)</string>
						<string>(0.000000, 0.000000, 0.000000)</string>
						<string>(0.000000, 0.000000, 0.000000)</string>
						<string>(0.000000, 0.000000, 0.000000)</string>
						<string>(0.000000, 0.000000, 0.000000)</string>
						<string>(0.000000, 0.000000, 0.000000)</string>
						<string>(0.000000, 0.000000, 0.000000)</string>
						<string>(0.000000, 0.000000, 0.000000)</string>
						<string>(0.000000, 0.000000, 0.000000)</string>
						<string>(0.000000, 0.000000, 0.000000)</string>
						<string>(0.000000, 0.000000, 0.000000)</string>
						<string>(0.000000, 0.000000, 0.000000)</string>
						<string>(0.000000, 0.000000, 0.000000)</string>
						<string>(0.000000, 0.000000, 0.000000)</string>
						<string>(0.000000, 0.000000, 0.000000)</string>
						<string>(0.000000, 0.000000, 0.000000)</string>
					</array>
					<key>Point_px</key>
					<array>
						<string>(932.369019, 2154.489990)</string>
						<string>(935.320984, 2151.000000)</string>
						<string>(940.689026, 2149.389893)</string>
						<string>(945.788025, 2149.659912)</string>
						<string>(949.544983, 2151.810059)</string>
						<string>(952.228027, 2154.219971)</string>
						<string>(954.911987, 2158.520020)</string>
						<string>(954.911987, 2162.540039)</string>
						<string>(953.570007, 2167.100098)</string>
						<string>(951.422974, 2170.590088)</string>
						<string>(947.129028, 2173.540039)</string>
						<string>(943.104004, 2173.810059)</string>
						<string>(938.809998, 2173.280029)</string>
						<string>(934.784973, 2171.669922)</string>
						<string>(932.638000, 2167.909912)</string>
						<string>(931.296021, 2164.149902)</string>
						<string>(931.026978, 2159.320068)</string>
					</array>
					<key>Total</key>
					<real>628816</real>
					<key>Type</key>
					<integer>15</integer>
				</dict>
				<dict>
					<key>Area</key>
					<real>0.0</real>
					<key>Center</key>
					<string>(0.000000, 0.000000, 0.000000)</string>
					<key>Dev</key>
					<real>0.0</real>
					<key>IndexInImage</key>
					<integer>3</integer>
					<key>Max</key>
					<real>0.0</real>
					<key>Mean</key>
					<real>0.0</real>
					<key>Min</key>
					<real>0.0</real>
					<key>Name</key>
					<string>Calcification</string>
					<key>NumberOfPoints</key>
					<integer>1</integer>
					<key>Point_mm</key>
					<array>
						<string>(0.000000, 0.000000, 0.000000)</string>
					</array>
					<key>Point_px</key>
					<array>
						<string>(1347.459961, 1894.459961)</string>
					</array>
					<key>Total</key>
					<real>0.0</real>
					<key>Type</key>
					<integer>19</integer>
				</dict>
			</array>
		</dict>
	</array>
</dict>
</plist>
