<?xml version="1.0" encoding="UTF-8"?>
<!DOCTYPE plist PUBLIC "-//Apple//DTD PLIST 1.0//EN" "http://www.apple.com/DTDs/PropertyList-1.0.dtd">
<plist version="1.0">
<dict>
	<key>Images</key>
	<array>
		<dict>
			<key>ImageIndex</key>
			<integer>0</integer>
			<key>NumberOfROIs</key>
			<integer>4</integer>
			<key>ROIs</key>
			<array>
				<dict>
					<key>Area</key>
					<real>0.0</real>
					<key>Center</key>
					<string>(0.000000, 0.000000, 0.000000)</string>
					<key>Dev</key>
					<real>0.0</real>
					<key>IndexInImage</key>
					<integer>0</integer>
					<key>Max</key>
					<real>3629</real>
					<key>Mean</key>
					<real>3629</real>
					<key>Min</key>
					<real>3629</real>
					<key>Name</key>
					<string>Calcification</string>
					<key>NumberOfPoints</key>
					<integer>1</integer>
					<key>Point_mm</key>
					<array>
						<string>(0.000000, 0.000000, 0.000000)</string>
					</array>
					<key>Point_px</key>
					<array>
						<string>(2056.090088, 1726.650024)</string>
					</array>
					<key>Total</key>
					<real>3629</real>
					<key>Type</key>
					<integer>19</integer>
				</dict>
				<dict>
					<key>Area</key>
					<real>0.0096101248636841774</real>
					<key>Center</key>
					<string>(0.000000, 0.000000, 0.000000)</string>
					<key>Dev</key>
					<real>309.323486328125</real>
					<key>IndexInImage</key>
					<integer>1</integer>
					<key>Max</key>
					<real>2758</real>
					<key>Mean</key>
					<real>2114.318115234375</real>
					<key>Min</key>
					<real>1422</real>
					<key>Name</key>
					<string>Calcification</string>
					<key>NumberOfPoints</key>
					<integer>8</integer>
					<key>Point_mm</key>
					<array>
						<string>(0.000000, 0.000000, 0.000000)</string>
						<string>(0.000000, 0.000000, 0.000000)</string>
						<string>(0.000000, 0.000000, 0.000000)</string>
						<string>(0.000000, 0.000000, 0.000000)</string>
						<string>(0.000000, 0.000000, 0.000000)</string>
						<string>(0.000000, 0.000000, 0.000000)</string>
						<string>(0.000000, 0.000000, 0.000000)</string>
						<string>(0.000000, 0.000000, 0.000000)</string>
					</array>
					<key>Point_px</key>
					<array>
						<string>(1852.750000, 671.906006)</string>
						<string>(1856.660034, 666.036011)</string>
						<string>(1851.160034, 660.749023)</string>
						<string>(1846.689941, 661.494019)</string>
						<string>(1841.010010, 664.078979)</string>
						<string>(1839.239990, 668.945007)</string>
						<string>(1841.989990, 674.841003)</string>
						<string>(1847.859985, 675.820007)</string>
					</array>
					<key>Total</key>
					<real>465150</real>
					<key>Type</key>
					<integer>15</integer>
				</dict>
				<dict>
					<key>Area</key>
					<real>0.15190613269805908</real>
					<key>Center</key>
					<string>(0.000000, 0.000000, 0.000000)</string>
					<key>Dev</key>
					<real>183.85334777832031</real>
					<key>IndexInImage</key>
					<integer>2</integer>
					<key>Max</key>
					<real>2437</real>
					<key>Mean</key>
					<real>1593.69287109375</real>
					<key>Min</key>
					<real>1038</real>
					<key>Name</key>
					<string>Mass</string>
					<key>NumberOfPoints</key>
					<integer>14</integer>
					<key>Point_mm</key>
					<array>
						<string>(0.000000, 0.000000, 0.000000)</string>
						<string>(0.000000, 0.000000, 0.000000)</string>
						<string>(0.000000, 0.000000, 0.000000)</string>
						<string>(0.000000, 0.000000, 0.000000)</string>
						<string>(0.000000, 0.000000, 0.000000)</string>
						<string>(0.000000, 0.000000, 0.000000)</string>
						<string>(0.000000, 0.000000, 0.000000)</string>
						<string>(0.000000, 0.000000, 0.000000)</string>
						<string>(0.000000, 0.000000, 0.000000)</string>
						<string>(0.000000, 0.000000, 0.000000)</string>
						<string>(0.000000, 0.000000, 0.000000)</string>
						<string>(0.000000, 0.000000, 0.000000)</string>
						<string>(0.000000, 0.000000, 0.000000)</string>
						<string>(0.000000, 0.000000, 0.000000)</string>
					</array>
					<key>Point_px</key>
					<array>
						<string>(1651.409424, 1529.796631)</string>
						<string>(1658.533203, 1516.439453)</string>
						<string>(1678.123779, 1512.877563)</string>
						<string>(1691.480957, 1515.548950)</string>
						<string>(1705.728516, 1517.329956)</string>
						<string>(1719.085693, 1520.891846)</string>
						<string>(1723.538086, 1534.249023)</string>
						<string>(1724.428589, 1547.606201)</string>
						<string>(1716.414307, 1560.963379)</string>
						<string>(1702.166748, 1561.853882)</string>
						<string>(1687.028564, 1561.853882)</string>
						<string>(1673.671387, 1561.853882)</string>
						<string>(1660.314209, 1556.510986)</string>
						<string>(1654.080811, 1543.153809)</string>
					</array>
					<key>Total</key>
					<real>5069537</real>
					<key>Type</key>
					<integer>15</integer>
				</dict>
				<dict>
					<key>Area</key>
					<real>0.0</real>
					<key>Center</key>
					<string>(0.000000, 0.000000, 0.000000)</string>
					<key>Dev</key>
					<real>0.0</real>
					<key>IndexInImage</key>
					<integer>3</integer>
					<key>Max</key>
					<real>2706</real>
					<key>Mean</key>
					<real>2706</real>
					<key>Min</key>
					<real>2706</real>
					<key>Name</key>
					<string>Calcification</string>
					<key>NumberOfPoints</key>
					<integer>1</integer>
					<key>Point_mm</key>
					<array>
						<string>(0.000000, 0.000000, 0.000000)</string>
					</array>
					<key>Point_px</key>
					<array>
						<string>(1492.239990, 1947.369995)</string>
					</array>
					<key>Total</key>
					<real>2706</real>
					<key>Type</key>
					<integer>19</integer>
				</dict>
			</array>
		</dict>
	</array>
</dict>
</plist>
