<?xml version="1.0" encoding="UTF-8"?>
<!DOCTYPE plist PUBLIC "-//Apple//DTD PLIST 1.0//EN" "http://www.apple.com/DTDs/PropertyList-1.0.dtd">
<plist version="1.0">
<dict>
	<key>Images</key>
	<array>
		<dict>
			<key>ImageIndex</key>
			<integer>0</integer>
			<key>NumberOfROIs</key>
			<integer>53</integer>
			<key>ROIs</key>
			<array>
				<dict>
					<key>Area</key>
					<real>0.0</real>
					<key>Center</key>
					<string>(0.000000, 0.000000, 0.000000)</string>
					<key>Dev</key>
					<real>0.0</real>
					<key>IndexInImage</key>
					<integer>0</integer>
					<key>Max</key>
					<real>0.0</real>
					<key>Mean</key>
					<real>0.0</real>
					<key>Min</key>
					<real>0.0</real>
					<key>Name</key>
					<string>Calcification</string>
					<key>NumberOfPoints</key>
					<integer>1</integer>
					<key>Point_mm</key>
					<array>
						<string>(0.000000, 0.000000, 0.000000)</string>
					</array>
					<key>Point_px</key>
					<array>
						<string>(2284.770020, 2515.840088)</string>
					</array>
					<key>Total</key>
					<real>0.0</real>
					<key>Type</key>
					<integer>19</integer>
				</dict>
				<dict>
					<key>Area</key>
					<real>0.0</real>
					<key>Center</key>
					<string>(0.000000, 0.000000, 0.000000)</string>
					<key>Dev</key>
					<real>0.0</real>
					<key>IndexInImage</key>
					<integer>1</integer>
					<key>Max</key>
					<real>0.0</real>
					<key>Mean</key>
					<real>0.0</real>
					<key>Min</key>
					<real>0.0</real>
					<key>Name</key>
					<string>Calcification</string>
					<key>NumberOfPoints</key>
					<integer>1</integer>
					<key>Point_mm</key>
					<array>
						<string>(0.000000, 0.000000, 0.000000)</string>
					</array>
					<key>Point_px</key>
					<array>
						<string>(2296.199951, 2447.850098)</string>
					</array>
					<key>Total</key>
					<real>0.0</real>
					<key>Type</key>
					<integer>19</integer>
				</dict>
				<dict>
					<key>Area</key>
					<real>0.0</real>
					<key>Center</key>
					<string>(0.000000, 0.000000, 0.000000)</string>
					<key>Dev</key>
					<real>0.0</real>
					<key>IndexInImage</key>
					<integer>2</integer>
					<key>Max</key>
					<real>0.0</real>
					<key>Mean</key>
					<real>0.0</real>
					<key>Min</key>
					<real>0.0</real>
					<key>Name</key>
					<string>Calcification</string>
					<key>NumberOfPoints</key>
					<integer>1</integer>
					<key>Point_mm</key>
					<array>
						<string>(0.000000, 0.000000, 0.000000)</string>
					</array>
					<key>Point_px</key>
					<array>
						<string>(2366.899902, 2494.629883)</string>
					</array>
					<key>Total</key>
					<real>0.0</real>
					<key>Type</key>
					<integer>19</integer>
				</dict>
				<dict>
					<key>Area</key>
					<real>0.0</real>
					<key>Center</key>
					<string>(0.000000, 0.000000, 0.000000)</string>
					<key>Dev</key>
					<real>0.0</real>
					<key>IndexInImage</key>
					<integer>3</integer>
					<key>Max</key>
					<real>0.0</real>
					<key>Mean</key>
					<real>0.0</real>
					<key>Min</key>
					<real>0.0</real>
					<key>Name</key>
					<string>Calcification</string>
					<key>NumberOfPoints</key>
					<integer>1</integer>
					<key>Point_mm</key>
					<array>
						<string>(0.000000, 0.000000, 0.000000)</string>
					</array>
					<key>Point_px</key>
					<array>
						<string>(2383.449951, 2806.090088)</string>
					</array>
					<key>Total</key>
					<real>0.0</real>
					<key>Type</key>
					<integer>19</integer>
				</dict>
				<dict>
					<key>Area</key>
					<real>0.0</real>
					<key>Center</key>
					<string>(0.000000, 0.000000, 0.000000)</string>
					<key>Dev</key>
					<real>0.0</real>
					<key>IndexInImage</key>
					<integer>4</integer>
					<key>Max</key>
					<real>0.0</real>
					<key>Mean</key>
					<real>0.0</real>
					<key>Min</key>
					<real>0.0</real>
					<key>Name</key>
					<string>Calcification</string>
					<key>NumberOfPoints</key>
					<integer>1</integer>
					<key>Point_mm</key>
					<array>
						<string>(0.000000, 0.000000, 0.000000)</string>
					</array>
					<key>Point_px</key>
					<array>
						<string>(2542.010010, 2532.020020)</string>
					</array>
					<key>Total</key>
					<real>0.0</real>
					<key>Type</key>
					<integer>19</integer>
				</dict>
				<dict>
					<key>Area</key>
					<real>0.0</real>
					<key>Center</key>
					<string>(0.000000, 0.000000, 0.000000)</string>
					<key>Dev</key>
					<real>0.0</real>
					<key>IndexInImage</key>
					<integer>5</integer>
					<key>Max</key>
					<real>0.0</real>
					<key>Mean</key>
					<real>0.0</real>
					<key>Min</key>
					<real>0.0</real>
					<key>Name</key>
					<string>Calcification</string>
					<key>NumberOfPoints</key>
					<integer>1</integer>
					<key>Point_mm</key>
					<array>
						<string>(0.000000, 0.000000, 0.000000)</string>
					</array>
					<key>Point_px</key>
					<array>
						<string>(2573.659912, 2661.600098)</string>
					</array>
					<key>Total</key>
					<real>0.0</real>
					<key>Type</key>
					<integer>19</integer>
				</dict>
				<dict>
					<key>Area</key>
					<real>0.0017394999740645289</real>
					<key>Center</key>
					<string>(0.000000, 0.000000, 0.000000)</string>
					<key>Dev</key>
					<real>0.0</real>
					<key>IndexInImage</key>
					<integer>6</integer>
					<key>Max</key>
					<real>0.0</real>
					<key>Mean</key>
					<real>0.0</real>
					<key>Min</key>
					<real>0.0</real>
					<key>Name</key>
					<string>Calcification</string>
					<key>NumberOfPoints</key>
					<integer>5</integer>
					<key>Point_mm</key>
					<array>
						<string>(0.000000, 0.000000, 0.000000)</string>
						<string>(0.000000, 0.000000, 0.000000)</string>
						<string>(0.000000, 0.000000, 0.000000)</string>
						<string>(0.000000, 0.000000, 0.000000)</string>
						<string>(0.000000, 0.000000, 0.000000)</string>
					</array>
					<key>Point_px</key>
					<array>
						<string>(2561.389893, 2290.370117)</string>
						<string>(2564.209961, 2287.030029)</string>
						<string>(2567.290039, 2288.570068)</string>
						<string>(2567.030029, 2293.439941)</string>
						<string>(2563.439941, 2293.699951)</string>
					</array>
					<key>Total</key>
					<real>0.0</real>
					<key>Type</key>
					<integer>15</integer>
				</dict>
				<dict>
					<key>Area</key>
					<real>0.0</real>
					<key>Center</key>
					<string>(0.000000, 0.000000, 0.000000)</string>
					<key>Dev</key>
					<real>0.0</real>
					<key>IndexInImage</key>
					<integer>7</integer>
					<key>Max</key>
					<real>0.0</real>
					<key>Mean</key>
					<real>0.0</real>
					<key>Min</key>
					<real>0.0</real>
					<key>Name</key>
					<string>Calcification</string>
					<key>NumberOfPoints</key>
					<integer>1</integer>
					<key>Point_mm</key>
					<array>
						<string>(0.000000, 0.000000, 0.000000)</string>
					</array>
					<key>Point_px</key>
					<array>
						<string>(2670.669922, 2947.669922)</string>
					</array>
					<key>Total</key>
					<real>0.0</real>
					<key>Type</key>
					<integer>19</integer>
				</dict>
				<dict>
					<key>Area</key>
					<real>0.0086240004748106003</real>
					<key>Center</key>
					<string>(0.000000, 0.000000, 0.000000)</string>
					<key>Dev</key>
					<real>0.0</real>
					<key>IndexInImage</key>
					<integer>8</integer>
					<key>Max</key>
					<real>0.0</real>
					<key>Mean</key>
					<real>0.0</real>
					<key>Min</key>
					<real>0.0</real>
					<key>Name</key>
					<string>Calcification</string>
					<key>NumberOfPoints</key>
					<integer>16</integer>
					<key>Point_mm</key>
					<array>
						<string>(0.000000, 0.000000, 0.000000)</string>
						<string>(0.000000, 0.000000, 0.000000)</string>
						<string>(0.000000, 0.000000, 0.000000)</string>
						<string>(0.000000, 0.000000, 0.000000)</string>
						<string>(0.000000, 0.000000, 0.000000)</string>
						<string>(0.000000, 0.000000, 0.000000)</string>
						<string>(0.000000, 0.000000, 0.000000)</string>
						<string>(0.000000, 0.000000, 0.000000)</string>
						<string>(0.000000, 0.000000, 0.000000)</string>
						<string>(0.000000, 0.000000, 0.000000)</string>
						<string>(0.000000, 0.000000, 0.000000)</string>
						<string>(0.000000, 0.000000, 0.000000)</string>
						<string>(0.000000, 0.000000, 0.000000)</string>
						<string>(0.000000, 0.000000, 0.000000)</string>
						<string>(0.000000, 0.000000, 0.000000)</string>
						<string>(0.000000, 0.000000, 0.000000)</string>
					</array>
					<key>Point_px</key>
					<array>
						<string>(2635.889893, 2697.270020)</string>
						<string>(2635.719971, 2694.629883)</string>
						<string>(2638.199951, 2692.969971)</string>
						<string>(2641.020020, 2691.320068)</string>
						<string>(2643.659912, 2690.979980)</string>
						<string>(2646.310059, 2690.320068)</string>
						<string>(2648.959961, 2691.320068)</string>
						<string>(2651.280029, 2693.959961)</string>
						<string>(2652.100098, 2696.610107)</string>
						<string>(2652.100098, 2699.090088)</string>
						<string>(2650.949951, 2701.909912)</string>
						<string>(2648.300049, 2703.399902)</string>
						<string>(2645.649902, 2703.560059)</string>
						<string>(2643.000000, 2703.560059)</string>
						<string>(2640.350098, 2703.229980)</string>
						<string>(2637.709961, 2701.080078)</string>
					</array>
					<key>Total</key>
					<real>0.0</real>
					<key>Type</key>
					<integer>15</integer>
				</dict>
				<dict>
					<key>Area</key>
					<real>0.0012250000145286322</real>
					<key>Center</key>
					<string>(0.000000, 0.000000, 0.000000)</string>
					<key>Dev</key>
					<real>0.0</real>
					<key>IndexInImage</key>
					<integer>9</integer>
					<key>Max</key>
					<real>0.0</real>
					<key>Mean</key>
					<real>0.0</real>
					<key>Min</key>
					<real>0.0</real>
					<key>Name</key>
					<string>Calcification</string>
					<key>NumberOfPoints</key>
					<integer>5</integer>
					<key>Point_mm</key>
					<array>
						<string>(0.000000, 0.000000, 0.000000)</string>
						<string>(0.000000, 0.000000, 0.000000)</string>
						<string>(0.000000, 0.000000, 0.000000)</string>
						<string>(0.000000, 0.000000, 0.000000)</string>
						<string>(0.000000, 0.000000, 0.000000)</string>
					</array>
					<key>Point_px</key>
					<array>
						<string>(2680.350098, 3016.939941)</string>
						<string>(2680.810059, 3013.250000)</string>
						<string>(2684.500000, 3013.719971)</string>
						<string>(2684.729980, 3017.169922)</string>
						<string>(2683.340088, 3019.020020)</string>
					</array>
					<key>Total</key>
					<real>0.0</real>
					<key>Type</key>
					<integer>15</integer>
				</dict>
				<dict>
					<key>Area</key>
					<real>0.0</real>
					<key>Center</key>
					<string>(0.000000, 0.000000, 0.000000)</string>
					<key>Dev</key>
					<real>0.0</real>
					<key>IndexInImage</key>
					<integer>10</integer>
					<key>Max</key>
					<real>0.0</real>
					<key>Mean</key>
					<real>0.0</real>
					<key>Min</key>
					<real>0.0</real>
					<key>Name</key>
					<string>Calcification</string>
					<key>NumberOfPoints</key>
					<integer>1</integer>
					<key>Point_mm</key>
					<array>
						<string>(0.000000, 0.000000, 0.000000)</string>
					</array>
					<key>Point_px</key>
					<array>
						<string>(2725.629883, 2197.429932)</string>
					</array>
					<key>Total</key>
					<real>0.0</real>
					<key>Type</key>
					<integer>19</integer>
				</dict>
				<dict>
					<key>Area</key>
					<real>0.0021804999560117722</real>
					<key>Center</key>
					<string>(0.000000, 0.000000, 0.000000)</string>
					<key>Dev</key>
					<real>0.0</real>
					<key>IndexInImage</key>
					<integer>11</integer>
					<key>Max</key>
					<real>0.0</real>
					<key>Mean</key>
					<real>0.0</real>
					<key>Min</key>
					<real>0.0</real>
					<key>Name</key>
					<string>Calcification</string>
					<key>NumberOfPoints</key>
					<integer>3</integer>
					<key>Point_mm</key>
					<array>
						<string>(0.000000, 0.000000, 0.000000)</string>
						<string>(0.000000, 0.000000, 0.000000)</string>
						<string>(0.000000, 0.000000, 0.000000)</string>
					</array>
					<key>Point_px</key>
					<array>
						<string>(2731.679932, 2657.219971)</string>
						<string>(2726.520020, 2650.560059)</string>
						<string>(2729.919922, 2646.770020)</string>
					</array>
					<key>Total</key>
					<real>0.0</real>
					<key>Type</key>
					<integer>15</integer>
				</dict>
				<dict>
					<key>Area</key>
					<real>0.0080115003511309624</real>
					<key>Center</key>
					<string>(0.000000, 0.000000, 0.000000)</string>
					<key>Dev</key>
					<real>0.0</real>
					<key>IndexInImage</key>
					<integer>12</integer>
					<key>Max</key>
					<real>0.0</real>
					<key>Mean</key>
					<real>0.0</real>
					<key>Min</key>
					<real>0.0</real>
					<key>Name</key>
					<string>Calcification</string>
					<key>NumberOfPoints</key>
					<integer>9</integer>
					<key>Point_mm</key>
					<array>
						<string>(0.000000, 0.000000, 0.000000)</string>
						<string>(0.000000, 0.000000, 0.000000)</string>
						<string>(0.000000, 0.000000, 0.000000)</string>
						<string>(0.000000, 0.000000, 0.000000)</string>
						<string>(0.000000, 0.000000, 0.000000)</string>
						<string>(0.000000, 0.000000, 0.000000)</string>
						<string>(0.000000, 0.000000, 0.000000)</string>
						<string>(0.000000, 0.000000, 0.000000)</string>
						<string>(0.000000, 0.000000, 0.000000)</string>
					</array>
					<key>Point_px</key>
					<array>
						<string>(2726.969971, 2725.679932)</string>
						<string>(2730.070068, 2721.189941)</string>
						<string>(2734.560059, 2719.500000)</string>
						<string>(2739.060059, 2721.189941)</string>
						<string>(2742.429932, 2725.399902)</string>
						<string>(2741.590088, 2729.899902)</string>
						<string>(2737.090088, 2732.989990)</string>
						<string>(2732.600098, 2732.429932)</string>
						<string>(2728.379883, 2730.459961)</string>
					</array>
					<key>Total</key>
					<real>0.0</real>
					<key>Type</key>
					<integer>15</integer>
				</dict>
				<dict>
					<key>Area</key>
					<real>0.0</real>
					<key>Center</key>
					<string>(0.000000, 0.000000, 0.000000)</string>
					<key>Dev</key>
					<real>0.0</real>
					<key>IndexInImage</key>
					<integer>13</integer>
					<key>Max</key>
					<real>0.0</real>
					<key>Mean</key>
					<real>0.0</real>
					<key>Min</key>
					<real>0.0</real>
					<key>Name</key>
					<string>Calcification</string>
					<key>NumberOfPoints</key>
					<integer>1</integer>
					<key>Point_mm</key>
					<array>
						<string>(0.000000, 0.000000, 0.000000)</string>
					</array>
					<key>Point_px</key>
					<array>
						<string>(2791.409912, 368.950989)</string>
					</array>
					<key>Total</key>
					<real>0.0</real>
					<key>Type</key>
					<integer>19</integer>
				</dict>
				<dict>
					<key>Area</key>
					<real>0.0</real>
					<key>Center</key>
					<string>(0.000000, 0.000000, 0.000000)</string>
					<key>Dev</key>
					<real>0.0</real>
					<key>IndexInImage</key>
					<integer>14</integer>
					<key>Max</key>
					<real>0.0</real>
					<key>Mean</key>
					<real>0.0</real>
					<key>Min</key>
					<real>0.0</real>
					<key>Name</key>
					<string>Calcification</string>
					<key>NumberOfPoints</key>
					<integer>1</integer>
					<key>Point_mm</key>
					<array>
						<string>(0.000000, 0.000000, 0.000000)</string>
					</array>
					<key>Point_px</key>
					<array>
						<string>(3144.270020, 2532.750000)</string>
					</array>
					<key>Total</key>
					<real>0.0</real>
					<key>Type</key>
					<integer>19</integer>
				</dict>
				<dict>
					<key>Area</key>
					<real>0.0</real>
					<key>Center</key>
					<string>(0.000000, 0.000000, 0.000000)</string>
					<key>Dev</key>
					<real>0.0</real>
					<key>IndexInImage</key>
					<integer>15</integer>
					<key>Max</key>
					<real>0.0</real>
					<key>Mean</key>
					<real>0.0</real>
					<key>Min</key>
					<real>0.0</real>
					<key>Name</key>
					<string>Calcification</string>
					<key>NumberOfPoints</key>
					<integer>1</integer>
					<key>Point_mm</key>
					<array>
						<string>(0.000000, 0.000000, 0.000000)</string>
					</array>
					<key>Point_px</key>
					<array>
						<string>(3163.189941, 2877.110107)</string>
					</array>
					<key>Total</key>
					<real>0.0</real>
					<key>Type</key>
					<integer>19</integer>
				</dict>
				<dict>
					<key>Area</key>
					<real>0.0</real>
					<key>Center</key>
					<string>(0.000000, 0.000000, 0.000000)</string>
					<key>Dev</key>
					<real>0.0</real>
					<key>IndexInImage</key>
					<integer>16</integer>
					<key>Max</key>
					<real>0.0</real>
					<key>Mean</key>
					<real>0.0</real>
					<key>Min</key>
					<real>0.0</real>
					<key>Name</key>
					<string>Calcification</string>
					<key>NumberOfPoints</key>
					<integer>1</integer>
					<key>Point_mm</key>
					<array>
						<string>(0.000000, 0.000000, 0.000000)</string>
					</array>
					<key>Point_px</key>
					<array>
						<string>(3275.840088, 2907.129883)</string>
					</array>
					<key>Total</key>
					<real>0.0</real>
					<key>Type</key>
					<integer>19</integer>
				</dict>
				<dict>
					<key>Area</key>
					<real>0.0</real>
					<key>Center</key>
					<string>(0.000000, 0.000000, 0.000000)</string>
					<key>Dev</key>
					<real>0.0</real>
					<key>IndexInImage</key>
					<integer>17</integer>
					<key>Max</key>
					<real>0.0</real>
					<key>Mean</key>
					<real>0.0</real>
					<key>Min</key>
					<real>0.0</real>
					<key>Name</key>
					<string>Calcification</string>
					<key>NumberOfPoints</key>
					<integer>1</integer>
					<key>Point_mm</key>
					<array>
						<string>(0.000000, 0.000000, 0.000000)</string>
					</array>
					<key>Point_px</key>
					<array>
						<string>(2828.939941, 2839.330078)</string>
					</array>
					<key>Total</key>
					<real>0.0</real>
					<key>Type</key>
					<integer>19</integer>
				</dict>
				<dict>
					<key>Area</key>
					<real>0.0</real>
					<key>Center</key>
					<string>(0.000000, 0.000000, 0.000000)</string>
					<key>Dev</key>
					<real>0.0</real>
					<key>IndexInImage</key>
					<integer>18</integer>
					<key>Max</key>
					<real>0.0</real>
					<key>Mean</key>
					<real>0.0</real>
					<key>Min</key>
					<real>0.0</real>
					<key>Name</key>
					<string>Calcification</string>
					<key>NumberOfPoints</key>
					<integer>1</integer>
					<key>Point_mm</key>
					<array>
						<string>(0.000000, 0.000000, 0.000000)</string>
					</array>
					<key>Point_px</key>
					<array>
						<string>(3298.800049, 2897.629883)</string>
					</array>
					<key>Total</key>
					<real>0.0</real>
					<key>Type</key>
					<integer>19</integer>
				</dict>
				<dict>
					<key>Area</key>
					<real>0.0</real>
					<key>Center</key>
					<string>(0.000000, 0.000000, 0.000000)</string>
					<key>Dev</key>
					<real>0.0</real>
					<key>IndexInImage</key>
					<integer>19</integer>
					<key>Max</key>
					<real>0.0</real>
					<key>Mean</key>
					<real>0.0</real>
					<key>Min</key>
					<real>0.0</real>
					<key>Name</key>
					<string>Calcification</string>
					<key>NumberOfPoints</key>
					<integer>1</integer>
					<key>Point_mm</key>
					<array>
						<string>(0.000000, 0.000000, 0.000000)</string>
					</array>
					<key>Point_px</key>
					<array>
						<string>(3045.129883, 2906.419922)</string>
					</array>
					<key>Total</key>
					<real>0.0</real>
					<key>Type</key>
					<integer>19</integer>
				</dict>
				<dict>
					<key>Area</key>
					<real>0.00075950002064928412</real>
					<key>Center</key>
					<string>(0.000000, 0.000000, 0.000000)</string>
					<key>Dev</key>
					<real>0.0</real>
					<key>IndexInImage</key>
					<integer>20</integer>
					<key>Max</key>
					<real>0.0</real>
					<key>Mean</key>
					<real>0.0</real>
					<key>Min</key>
					<real>0.0</real>
					<key>Name</key>
					<string>Calcification</string>
					<key>NumberOfPoints</key>
					<integer>4</integer>
					<key>Point_mm</key>
					<array>
						<string>(0.000000, 0.000000, 0.000000)</string>
						<string>(0.000000, 0.000000, 0.000000)</string>
						<string>(0.000000, 0.000000, 0.000000)</string>
						<string>(0.000000, 0.000000, 0.000000)</string>
					</array>
					<key>Point_px</key>
					<array>
						<string>(2780.879883, 3094.649902)</string>
						<string>(2784.570068, 3094.649902)</string>
						<string>(2785.959961, 3097.419922)</string>
						<string>(2782.500000, 3097.419922)</string>
					</array>
					<key>Total</key>
					<real>0.0</real>
					<key>Type</key>
					<integer>15</integer>
				</dict>
				<dict>
					<key>Area</key>
					<real>0.0</real>
					<key>Center</key>
					<string>(0.000000, 0.000000, 0.000000)</string>
					<key>Dev</key>
					<real>0.0</real>
					<key>IndexInImage</key>
					<integer>21</integer>
					<key>Max</key>
					<real>0.0</real>
					<key>Mean</key>
					<real>0.0</real>
					<key>Min</key>
					<real>0.0</real>
					<key>Name</key>
					<string>Calcification</string>
					<key>NumberOfPoints</key>
					<integer>1</integer>
					<key>Point_mm</key>
					<array>
						<string>(0.000000, 0.000000, 0.000000)</string>
					</array>
					<key>Point_px</key>
					<array>
						<string>(3080.550049, 3035.760010)</string>
					</array>
					<key>Total</key>
					<real>0.0</real>
					<key>Type</key>
					<integer>19</integer>
				</dict>
				<dict>
					<key>Area</key>
					<real>0.0</real>
					<key>Center</key>
					<string>(0.000000, 0.000000, 0.000000)</string>
					<key>Dev</key>
					<real>0.0</real>
					<key>IndexInImage</key>
					<integer>22</integer>
					<key>Max</key>
					<real>0.0</real>
					<key>Mean</key>
					<real>0.0</real>
					<key>Min</key>
					<real>0.0</real>
					<key>Name</key>
					<string>Calcification</string>
					<key>NumberOfPoints</key>
					<integer>1</integer>
					<key>Point_mm</key>
					<array>
						<string>(0.000000, 0.000000, 0.000000)</string>
					</array>
					<key>Point_px</key>
					<array>
						<string>(2911.040039, 2610.010010)</string>
					</array>
					<key>Total</key>
					<real>0.0</real>
					<key>Type</key>
					<integer>19</integer>
				</dict>
				<dict>
					<key>Area</key>
					<real>0.0</real>
					<key>Center</key>
					<string>(0.000000, 0.000000, 0.000000)</string>
					<key>Dev</key>
					<real>0.0</real>
					<key>IndexInImage</key>
					<integer>23</integer>
					<key>Max</key>
					<real>0.0</real>
					<key>Mean</key>
					<real>0.0</real>
					<key>Min</key>
					<real>0.0</real>
					<key>Name</key>
					<string>Calcification</string>
					<key>NumberOfPoints</key>
					<integer>1</integer>
					<key>Point_mm</key>
					<array>
						<string>(0.000000, 0.000000, 0.000000)</string>
					</array>
					<key>Point_px</key>
					<array>
						<string>(2799.030029, 2689.679932)</string>
					</array>
					<key>Total</key>
					<real>0.0</real>
					<key>Type</key>
					<integer>19</integer>
				</dict>
				<dict>
					<key>Area</key>
					<real>0.024806249886751175</real>
					<key>Center</key>
					<string>(0.000000, 0.000000, 0.000000)</string>
					<key>Dev</key>
					<real>0.0</real>
					<key>IndexInImage</key>
					<integer>24</integer>
					<key>Max</key>
					<real>0.0</real>
					<key>Mean</key>
					<real>0.0</real>
					<key>Min</key>
					<real>0.0</real>
					<key>Name</key>
					<string>Calcification</string>
					<key>NumberOfPoints</key>
					<integer>16</integer>
					<key>Point_mm</key>
					<array>
						<string>(0.000000, 0.000000, 0.000000)</string>
						<string>(0.000000, 0.000000, 0.000000)</string>
						<string>(0.000000, 0.000000, 0.000000)</string>
						<string>(0.000000, 0.000000, 0.000000)</string>
						<string>(0.000000, 0.000000, 0.000000)</string>
						<string>(0.000000, 0.000000, 0.000000)</string>
						<string>(0.000000, 0.000000, 0.000000)</string>
						<string>(0.000000, 0.000000, 0.000000)</string>
						<string>(0.000000, 0.000000, 0.000000)</string>
						<string>(0.000000, 0.000000, 0.000000)</string>
						<string>(0.000000, 0.000000, 0.000000)</string>
						<string>(0.000000, 0.000000, 0.000000)</string>
						<string>(0.000000, 0.000000, 0.000000)</string>
						<string>(0.000000, 0.000000, 0.000000)</string>
						<string>(0.000000, 0.000000, 0.000000)</string>
						<string>(0.000000, 0.000000, 0.000000)</string>
					</array>
					<key>Point_px</key>
					<array>
						<string>(3034.659912, 2303.419922)</string>
						<string>(3037.370117, 2299.189941)</string>
						<string>(3041.300049, 2295.270020)</string>
						<string>(3047.030029, 2291.350098)</string>
						<string>(3050.959961, 2289.229980)</string>
						<string>(3055.780029, 2288.330078)</string>
						<string>(3060.310059, 2288.629883)</string>
						<string>(3063.330078, 2292.550049)</string>
						<string>(3065.439941, 2297.080078)</string>
						<string>(3065.439941, 2301.909912)</string>
						<string>(3061.219971, 2305.530029)</string>
						<string>(3057.899902, 2307.639893)</string>
						<string>(3053.070068, 2308.850098)</string>
						<string>(3047.939941, 2310.060059)</string>
						<string>(3043.110107, 2312.770020)</string>
						<string>(3038.580078, 2310.659912)</string>
					</array>
					<key>Total</key>
					<real>0.0</real>
					<key>Type</key>
					<integer>15</integer>
				</dict>
				<dict>
					<key>Area</key>
					<real>0.0</real>
					<key>Center</key>
					<string>(0.000000, 0.000000, 0.000000)</string>
					<key>Dev</key>
					<real>0.0</real>
					<key>IndexInImage</key>
					<integer>25</integer>
					<key>Max</key>
					<real>0.0</real>
					<key>Mean</key>
					<real>0.0</real>
					<key>Min</key>
					<real>0.0</real>
					<key>Name</key>
					<string>Calcification</string>
					<key>NumberOfPoints</key>
					<integer>1</integer>
					<key>Point_mm</key>
					<array>
						<string>(0.000000, 0.000000, 0.000000)</string>
					</array>
					<key>Point_px</key>
					<array>
						<string>(3069.659912, 1925.369995)</string>
					</array>
					<key>Total</key>
					<real>0.0</real>
					<key>Type</key>
					<integer>19</integer>
				</dict>
				<dict>
					<key>Area</key>
					<real>0.0</real>
					<key>Center</key>
					<string>(0.000000, 0.000000, 0.000000)</string>
					<key>Dev</key>
					<real>0.0</real>
					<key>IndexInImage</key>
					<integer>26</integer>
					<key>Max</key>
					<real>0.0</real>
					<key>Mean</key>
					<real>0.0</real>
					<key>Min</key>
					<real>0.0</real>
					<key>Name</key>
					<string>Calcification</string>
					<key>NumberOfPoints</key>
					<integer>1</integer>
					<key>Point_mm</key>
					<array>
						<string>(0.000000, 0.000000, 0.000000)</string>
					</array>
					<key>Point_px</key>
					<array>
						<string>(2799.090088, 1966.430054)</string>
					</array>
					<key>Total</key>
					<real>0.0</real>
					<key>Type</key>
					<integer>19</integer>
				</dict>
				<dict>
					<key>Area</key>
					<real>0.0</real>
					<key>Center</key>
					<string>(0.000000, 0.000000, 0.000000)</string>
					<key>Dev</key>
					<real>0.0</real>
					<key>IndexInImage</key>
					<integer>27</integer>
					<key>Max</key>
					<real>0.0</real>
					<key>Mean</key>
					<real>0.0</real>
					<key>Min</key>
					<real>0.0</real>
					<key>Name</key>
					<string>Calcification</string>
					<key>NumberOfPoints</key>
					<integer>1</integer>
					<key>Point_mm</key>
					<array>
						<string>(0.000000, 0.000000, 0.000000)</string>
					</array>
					<key>Point_px</key>
					<array>
						<string>(2770.219971, 1816.310059)</string>
					</array>
					<key>Total</key>
					<real>0.0</real>
					<key>Type</key>
					<integer>19</integer>
				</dict>
				<dict>
					<key>Area</key>
					<real>0.0</real>
					<key>Center</key>
					<string>(0.000000, 0.000000, 0.000000)</string>
					<key>Dev</key>
					<real>0.0</real>
					<key>IndexInImage</key>
					<integer>28</integer>
					<key>Max</key>
					<real>0.0</real>
					<key>Mean</key>
					<real>0.0</real>
					<key>Min</key>
					<real>0.0</real>
					<key>Name</key>
					<string>Calcification</string>
					<key>NumberOfPoints</key>
					<integer>1</integer>
					<key>Point_mm</key>
					<array>
						<string>(0.000000, 0.000000, 0.000000)</string>
					</array>
					<key>Point_px</key>
					<array>
						<string>(2831.129883, 518.796997)</string>
					</array>
					<key>Total</key>
					<real>0.0</real>
					<key>Type</key>
					<integer>19</integer>
				</dict>
				<dict>
					<key>Area</key>
					<real>0.0</real>
					<key>Center</key>
					<string>(0.000000, 0.000000, 0.000000)</string>
					<key>Dev</key>
					<real>0.0</real>
					<key>IndexInImage</key>
					<integer>29</integer>
					<key>Max</key>
					<real>0.0</real>
					<key>Mean</key>
					<real>0.0</real>
					<key>Min</key>
					<real>0.0</real>
					<key>Name</key>
					<string>Calcification</string>
					<key>NumberOfPoints</key>
					<integer>1</integer>
					<key>Point_mm</key>
					<array>
						<string>(0.000000, 0.000000, 0.000000)</string>
					</array>
					<key>Point_px</key>
					<array>
						<string>(2751.379883, 1893.449951)</string>
					</array>
					<key>Total</key>
					<real>0.0</real>
					<key>Type</key>
					<integer>19</integer>
				</dict>
				<dict>
					<key>Area</key>
					<real>0.0031972499564290047</real>
					<key>Center</key>
					<string>(0.000000, 0.000000, 0.000000)</string>
					<key>Dev</key>
					<real>0.0</real>
					<key>IndexInImage</key>
					<integer>30</integer>
					<key>Max</key>
					<real>0.0</real>
					<key>Mean</key>
					<real>0.0</real>
					<key>Min</key>
					<real>0.0</real>
					<key>Name</key>
					<string>Calcification</string>
					<key>NumberOfPoints</key>
					<integer>5</integer>
					<key>Point_mm</key>
					<array>
						<string>(0.000000, 0.000000, 0.000000)</string>
						<string>(0.000000, 0.000000, 0.000000)</string>
						<string>(0.000000, 0.000000, 0.000000)</string>
						<string>(0.000000, 0.000000, 0.000000)</string>
						<string>(0.000000, 0.000000, 0.000000)</string>
					</array>
					<key>Point_px</key>
					<array>
						<string>(2739.010010, 2502.100098)</string>
						<string>(2739.389893, 2496.040039)</string>
						<string>(2742.800049, 2488.850098)</string>
						<string>(2745.070068, 2494.909912)</string>
						<string>(2744.689941, 2500.590088)</string>
					</array>
					<key>Total</key>
					<real>0.0</real>
					<key>Type</key>
					<integer>15</integer>
				</dict>
				<dict>
					<key>Area</key>
					<real>0.0027807499282062054</real>
					<key>Center</key>
					<string>(0.000000, 0.000000, 0.000000)</string>
					<key>Dev</key>
					<real>0.0</real>
					<key>IndexInImage</key>
					<integer>31</integer>
					<key>Max</key>
					<real>0.0</real>
					<key>Mean</key>
					<real>0.0</real>
					<key>Min</key>
					<real>0.0</real>
					<key>Name</key>
					<string>Calcification</string>
					<key>NumberOfPoints</key>
					<integer>4</integer>
					<key>Point_mm</key>
					<array>
						<string>(0.000000, 0.000000, 0.000000)</string>
						<string>(0.000000, 0.000000, 0.000000)</string>
						<string>(0.000000, 0.000000, 0.000000)</string>
						<string>(0.000000, 0.000000, 0.000000)</string>
					</array>
					<key>Point_px</key>
					<array>
						<string>(2745.070068, 2703.199951)</string>
						<string>(2744.310059, 2696.000000)</string>
						<string>(2750.000000, 2693.350098)</string>
						<string>(2750.000000, 2699.790039)</string>
					</array>
					<key>Total</key>
					<real>0.0</real>
					<key>Type</key>
					<integer>15</integer>
				</dict>
				<dict>
					<key>Area</key>
					<real>0.0019232500344514847</real>
					<key>Center</key>
					<string>(0.000000, 0.000000, 0.000000)</string>
					<key>Dev</key>
					<real>0.0</real>
					<key>IndexInImage</key>
					<integer>32</integer>
					<key>Max</key>
					<real>0.0</real>
					<key>Mean</key>
					<real>0.0</real>
					<key>Min</key>
					<real>0.0</real>
					<key>Name</key>
					<string>Calcification</string>
					<key>NumberOfPoints</key>
					<integer>6</integer>
					<key>Point_mm</key>
					<array>
						<string>(0.000000, 0.000000, 0.000000)</string>
						<string>(0.000000, 0.000000, 0.000000)</string>
						<string>(0.000000, 0.000000, 0.000000)</string>
						<string>(0.000000, 0.000000, 0.000000)</string>
						<string>(0.000000, 0.000000, 0.000000)</string>
						<string>(0.000000, 0.000000, 0.000000)</string>
					</array>
					<key>Point_px</key>
					<array>
						<string>(2687.530029, 1943.780029)</string>
						<string>(2691.540039, 1946.180054)</string>
						<string>(2695.020020, 1950.469971)</string>
						<string>(2696.090088, 1953.680054)</string>
						<string>(2691.810059, 1952.069946)</string>
						<string>(2688.860107, 1949.130005)</string>
					</array>
					<key>Total</key>
					<real>0.0</real>
					<key>Type</key>
					<integer>15</integer>
				</dict>
				<dict>
					<key>Area</key>
					<real>0.0</real>
					<key>Center</key>
					<string>(0.000000, 0.000000, 0.000000)</string>
					<key>Dev</key>
					<real>0.0</real>
					<key>IndexInImage</key>
					<integer>33</integer>
					<key>Max</key>
					<real>0.0</real>
					<key>Mean</key>
					<real>0.0</real>
					<key>Min</key>
					<real>0.0</real>
					<key>Name</key>
					<string>Calcification</string>
					<key>NumberOfPoints</key>
					<integer>1</integer>
					<key>Point_mm</key>
					<array>
						<string>(0.000000, 0.000000, 0.000000)</string>
					</array>
					<key>Point_px</key>
					<array>
						<string>(2715.120117, 2712.280029)</string>
					</array>
					<key>Total</key>
					<real>0.0</real>
					<key>Type</key>
					<integer>19</integer>
				</dict>
				<dict>
					<key>Area</key>
					<real>0.0014822500525042415</real>
					<key>Center</key>
					<string>(0.000000, 0.000000, 0.000000)</string>
					<key>Dev</key>
					<real>0.0</real>
					<key>IndexInImage</key>
					<integer>34</integer>
					<key>Max</key>
					<real>0.0</real>
					<key>Mean</key>
					<real>0.0</real>
					<key>Min</key>
					<real>0.0</real>
					<key>Name</key>
					<string>Calcification</string>
					<key>NumberOfPoints</key>
					<integer>3</integer>
					<key>Point_mm</key>
					<array>
						<string>(0.000000, 0.000000, 0.000000)</string>
						<string>(0.000000, 0.000000, 0.000000)</string>
						<string>(0.000000, 0.000000, 0.000000)</string>
					</array>
					<key>Point_px</key>
					<array>
						<string>(2706.659912, 2569.320068)</string>
						<string>(2704.550049, 2564.209961)</string>
						<string>(2709.540039, 2561.919922)</string>
					</array>
					<key>Total</key>
					<real>0.0</real>
					<key>Type</key>
					<integer>15</integer>
				</dict>
				<dict>
					<key>Area</key>
					<real>0.0014209999935701489</real>
					<key>Center</key>
					<string>(0.000000, 0.000000, 0.000000)</string>
					<key>Dev</key>
					<real>0.0</real>
					<key>IndexInImage</key>
					<integer>35</integer>
					<key>Max</key>
					<real>0.0</real>
					<key>Mean</key>
					<real>0.0</real>
					<key>Min</key>
					<real>0.0</real>
					<key>Name</key>
					<string>Calcification</string>
					<key>NumberOfPoints</key>
					<integer>5</integer>
					<key>Point_mm</key>
					<array>
						<string>(0.000000, 0.000000, 0.000000)</string>
						<string>(0.000000, 0.000000, 0.000000)</string>
						<string>(0.000000, 0.000000, 0.000000)</string>
						<string>(0.000000, 0.000000, 0.000000)</string>
						<string>(0.000000, 0.000000, 0.000000)</string>
					</array>
					<key>Point_px</key>
					<array>
						<string>(2686.179932, 2708.860107)</string>
						<string>(2689.560059, 2709.699951)</string>
						<string>(2691.469971, 2712.879883)</string>
						<string>(2688.290039, 2715.000000)</string>
						<string>(2685.330078, 2711.820068)</string>
					</array>
					<key>Total</key>
					<real>0.0</real>
					<key>Type</key>
					<integer>15</integer>
				</dict>
				<dict>
					<key>Area</key>
					<real>0.0028419999871402979</real>
					<key>Center</key>
					<string>(0.000000, 0.000000, 0.000000)</string>
					<key>Dev</key>
					<real>0.0</real>
					<key>IndexInImage</key>
					<integer>36</integer>
					<key>Max</key>
					<real>0.0</real>
					<key>Mean</key>
					<real>0.0</real>
					<key>Min</key>
					<real>0.0</real>
					<key>Name</key>
					<string>Calcification</string>
					<key>NumberOfPoints</key>
					<integer>8</integer>
					<key>Point_mm</key>
					<array>
						<string>(0.000000, 0.000000, 0.000000)</string>
						<string>(0.000000, 0.000000, 0.000000)</string>
						<string>(0.000000, 0.000000, 0.000000)</string>
						<string>(0.000000, 0.000000, 0.000000)</string>
						<string>(0.000000, 0.000000, 0.000000)</string>
						<string>(0.000000, 0.000000, 0.000000)</string>
						<string>(0.000000, 0.000000, 0.000000)</string>
						<string>(0.000000, 0.000000, 0.000000)</string>
					</array>
					<key>Point_px</key>
					<array>
						<string>(2633.280029, 2599.000000)</string>
						<string>(2634.580078, 2602.919922)</string>
						<string>(2634.850098, 2607.110107)</string>
						<string>(2635.889893, 2609.719971)</string>
						<string>(2638.510010, 2607.110107)</string>
						<string>(2639.550049, 2603.969971)</string>
						<string>(2639.290039, 2599.780029)</string>
						<string>(2637.459961, 2596.639893)</string>
					</array>
					<key>Total</key>
					<real>0.0</real>
					<key>Type</key>
					<integer>15</integer>
				</dict>
				<dict>
					<key>Area</key>
					<real>0.0</real>
					<key>Center</key>
					<string>(0.000000, 0.000000, 0.000000)</string>
					<key>Dev</key>
					<real>0.0</real>
					<key>IndexInImage</key>
					<integer>37</integer>
					<key>Max</key>
					<real>0.0</real>
					<key>Mean</key>
					<real>0.0</real>
					<key>Min</key>
					<real>0.0</real>
					<key>Name</key>
					<string>Calcification</string>
					<key>NumberOfPoints</key>
					<integer>1</integer>
					<key>Point_mm</key>
					<array>
						<string>(0.000000, 0.000000, 0.000000)</string>
					</array>
					<key>Point_px</key>
					<array>
						<string>(2646.760010, 2560.489990)</string>
					</array>
					<key>Total</key>
					<real>0.0</real>
					<key>Type</key>
					<integer>19</integer>
				</dict>
				<dict>
					<key>Area</key>
					<real>0.0</real>
					<key>Center</key>
					<string>(0.000000, 0.000000, 0.000000)</string>
					<key>Dev</key>
					<real>0.0</real>
					<key>IndexInImage</key>
					<integer>38</integer>
					<key>Max</key>
					<real>0.0</real>
					<key>Mean</key>
					<real>0.0</real>
					<key>Min</key>
					<real>0.0</real>
					<key>Name</key>
					<string>Calcification</string>
					<key>NumberOfPoints</key>
					<integer>1</integer>
					<key>Point_mm</key>
					<array>
						<string>(0.000000, 0.000000, 0.000000)</string>
					</array>
					<key>Point_px</key>
					<array>
						<string>(2641.209961, 1725.420044)</string>
					</array>
					<key>Total</key>
					<real>0.0</real>
					<key>Type</key>
					<integer>19</integer>
				</dict>
				<dict>
					<key>Area</key>
					<real>0.00095549999969080091</real>
					<key>Center</key>
					<string>(0.000000, 0.000000, 0.000000)</string>
					<key>Dev</key>
					<real>0.0</real>
					<key>IndexInImage</key>
					<integer>39</integer>
					<key>Max</key>
					<real>0.0</real>
					<key>Mean</key>
					<real>0.0</real>
					<key>Min</key>
					<real>0.0</real>
					<key>Name</key>
					<string>Calcification</string>
					<key>NumberOfPoints</key>
					<integer>4</integer>
					<key>Point_mm</key>
					<array>
						<string>(0.000000, 0.000000, 0.000000)</string>
						<string>(0.000000, 0.000000, 0.000000)</string>
						<string>(0.000000, 0.000000, 0.000000)</string>
						<string>(0.000000, 0.000000, 0.000000)</string>
					</array>
					<key>Point_px</key>
					<array>
						<string>(2600.610107, 2552.879883)</string>
						<string>(2602.870117, 2550.830078)</string>
						<string>(2605.750000, 2554.729980)</string>
						<string>(2602.050049, 2555.550049)</string>
					</array>
					<key>Total</key>
					<real>0.0</real>
					<key>Type</key>
					<integer>15</integer>
				</dict>
				<dict>
					<key>Area</key>
					<real>0.0061862501315772533</real>
					<key>Center</key>
					<string>(0.000000, 0.000000, 0.000000)</string>
					<key>Dev</key>
					<real>0.0</real>
					<key>IndexInImage</key>
					<integer>40</integer>
					<key>Max</key>
					<real>0.0</real>
					<key>Mean</key>
					<real>0.0</real>
					<key>Min</key>
					<real>0.0</real>
					<key>Name</key>
					<string>Calcification</string>
					<key>NumberOfPoints</key>
					<integer>24</integer>
					<key>Point_mm</key>
					<array>
						<string>(0.000000, 0.000000, 0.000000)</string>
						<string>(0.000000, 0.000000, 0.000000)</string>
						<string>(0.000000, 0.000000, 0.000000)</string>
						<string>(0.000000, 0.000000, 0.000000)</string>
						<string>(0.000000, 0.000000, 0.000000)</string>
						<string>(0.000000, 0.000000, 0.000000)</string>
						<string>(0.000000, 0.000000, 0.000000)</string>
						<string>(0.000000, 0.000000, 0.000000)</string>
						<string>(0.000000, 0.000000, 0.000000)</string>
						<string>(0.000000, 0.000000, 0.000000)</string>
						<string>(0.000000, 0.000000, 0.000000)</string>
						<string>(0.000000, 0.000000, 0.000000)</string>
						<string>(0.000000, 0.000000, 0.000000)</string>
						<string>(0.000000, 0.000000, 0.000000)</string>
						<string>(0.000000, 0.000000, 0.000000)</string>
						<string>(0.000000, 0.000000, 0.000000)</string>
						<string>(0.000000, 0.000000, 0.000000)</string>
						<string>(0.000000, 0.000000, 0.000000)</string>
						<string>(0.000000, 0.000000, 0.000000)</string>
						<string>(0.000000, 0.000000, 0.000000)</string>
						<string>(0.000000, 0.000000, 0.000000)</string>
						<string>(0.000000, 0.000000, 0.000000)</string>
						<string>(0.000000, 0.000000, 0.000000)</string>
						<string>(0.000000, 0.000000, 0.000000)</string>
					</array>
					<key>Point_px</key>
					<array>
						<string>(2608.739990, 2678.570068)</string>
						<string>(2609.570068, 2675.919922)</string>
						<string>(2610.399902, 2673.280029)</string>
						<string>(2611.719971, 2670.629883)</string>
						<string>(2613.209961, 2667.979980)</string>
						<string>(2615.030029, 2665.330078)</string>
						<string>(2616.520020, 2662.679932)</string>
						<string>(2617.520020, 2660.040039)</string>
						<string>(2619.340088, 2657.389893)</string>
						<string>(2619.669922, 2654.739990)</string>
						<string>(2621.159912, 2652.260010)</string>
						<string>(2622.149902, 2649.610107)</string>
						<string>(2623.969971, 2650.110107)</string>
						<string>(2624.300049, 2652.750000)</string>
						<string>(2623.469971, 2655.399902)</string>
						<string>(2622.149902, 2658.050049)</string>
						<string>(2621.649902, 2660.699951)</string>
						<string>(2621.159912, 2663.350098)</string>
						<string>(2620.000000, 2665.989990)</string>
						<string>(2618.669922, 2668.639893)</string>
						<string>(2616.360107, 2671.290039)</string>
						<string>(2614.870117, 2673.939941)</string>
						<string>(2613.209961, 2676.590088)</string>
						<string>(2610.729980, 2679.229980)</string>
					</array>
					<key>Total</key>
					<real>0.0</real>
					<key>Type</key>
					<integer>15</integer>
				</dict>
				<dict>
					<key>Area</key>
					<real>0.0</real>
					<key>Center</key>
					<string>(0.000000, 0.000000, 0.000000)</string>
					<key>Dev</key>
					<real>0.0</real>
					<key>IndexInImage</key>
					<integer>41</integer>
					<key>Max</key>
					<real>0.0</real>
					<key>Mean</key>
					<real>0.0</real>
					<key>Min</key>
					<real>0.0</real>
					<key>Name</key>
					<string>Calcification</string>
					<key>NumberOfPoints</key>
					<integer>1</integer>
					<key>Point_mm</key>
					<array>
						<string>(0.000000, 0.000000, 0.000000)</string>
					</array>
					<key>Point_px</key>
					<array>
						<string>(2477.570068, 1164.979980)</string>
					</array>
					<key>Total</key>
					<real>0.0</real>
					<key>Type</key>
					<integer>19</integer>
				</dict>
				<dict>
					<key>Area</key>
					<real>0.0014944999711588025</real>
					<key>Center</key>
					<string>(0.000000, 0.000000, 0.000000)</string>
					<key>Dev</key>
					<real>0.0</real>
					<key>IndexInImage</key>
					<integer>42</integer>
					<key>Max</key>
					<real>0.0</real>
					<key>Mean</key>
					<real>0.0</real>
					<key>Min</key>
					<real>0.0</real>
					<key>Name</key>
					<string>Calcification</string>
					<key>NumberOfPoints</key>
					<integer>5</integer>
					<key>Point_mm</key>
					<array>
						<string>(0.000000, 0.000000, 0.000000)</string>
						<string>(0.000000, 0.000000, 0.000000)</string>
						<string>(0.000000, 0.000000, 0.000000)</string>
						<string>(0.000000, 0.000000, 0.000000)</string>
						<string>(0.000000, 0.000000, 0.000000)</string>
					</array>
					<key>Point_px</key>
					<array>
						<string>(2424.010010, 2744.600098)</string>
						<string>(2424.010010, 2740.830078)</string>
						<string>(2428.030029, 2741.590088)</string>
						<string>(2428.540039, 2745.610107)</string>
						<string>(2426.770020, 2748.129883)</string>
					</array>
					<key>Total</key>
					<real>0.0</real>
					<key>Type</key>
					<integer>15</integer>
				</dict>
				<dict>
					<key>Area</key>
					<real>0.0</real>
					<key>Center</key>
					<string>(0.000000, 0.000000, 0.000000)</string>
					<key>Dev</key>
					<real>0.0</real>
					<key>IndexInImage</key>
					<integer>43</integer>
					<key>Max</key>
					<real>0.0</real>
					<key>Mean</key>
					<real>0.0</real>
					<key>Min</key>
					<real>0.0</real>
					<key>Name</key>
					<string>Calcification</string>
					<key>NumberOfPoints</key>
					<integer>1</integer>
					<key>Point_mm</key>
					<array>
						<string>(0.000000, 0.000000, 0.000000)</string>
					</array>
					<key>Point_px</key>
					<array>
						<string>(2492.979980, 2925.689941)</string>
					</array>
					<key>Total</key>
					<real>0.0</real>
					<key>Type</key>
					<integer>19</integer>
				</dict>
				<dict>
					<key>Area</key>
					<real>0.0</real>
					<key>Center</key>
					<string>(0.000000, 0.000000, 0.000000)</string>
					<key>Dev</key>
					<real>0.0</real>
					<key>IndexInImage</key>
					<integer>44</integer>
					<key>Max</key>
					<real>0.0</real>
					<key>Mean</key>
					<real>0.0</real>
					<key>Min</key>
					<real>0.0</real>
					<key>Name</key>
					<string>Calcification</string>
					<key>NumberOfPoints</key>
					<integer>1</integer>
					<key>Point_mm</key>
					<array>
						<string>(0.000000, 0.000000, 0.000000)</string>
					</array>
					<key>Point_px</key>
					<array>
						<string>(2435.469971, 2822.350098)</string>
					</array>
					<key>Total</key>
					<real>0.0</real>
					<key>Type</key>
					<integer>19</integer>
				</dict>
				<dict>
					<key>Area</key>
					<real>0.060171999037265778</real>
					<key>Center</key>
					<string>(0.000000, 0.000000, 0.000000)</string>
					<key>Dev</key>
					<real>0.0</real>
					<key>IndexInImage</key>
					<integer>45</integer>
					<key>Max</key>
					<real>0.0</real>
					<key>Mean</key>
					<real>0.0</real>
					<key>Min</key>
					<real>0.0</real>
					<key>Name</key>
					<string>Calcification</string>
					<key>NumberOfPoints</key>
					<integer>29</integer>
					<key>Point_mm</key>
					<array>
						<string>(0.000000, 0.000000, 0.000000)</string>
						<string>(0.000000, 0.000000, 0.000000)</string>
						<string>(0.000000, 0.000000, 0.000000)</string>
						<string>(0.000000, 0.000000, 0.000000)</string>
						<string>(0.000000, 0.000000, 0.000000)</string>
						<string>(0.000000, 0.000000, 0.000000)</string>
						<string>(0.000000, 0.000000, 0.000000)</string>
						<string>(0.000000, 0.000000, 0.000000)</string>
						<string>(0.000000, 0.000000, 0.000000)</string>
						<string>(0.000000, 0.000000, 0.000000)</string>
						<string>(0.000000, 0.000000, 0.000000)</string>
						<string>(0.000000, 0.000000, 0.000000)</string>
						<string>(0.000000, 0.000000, 0.000000)</string>
						<string>(0.000000, 0.000000, 0.000000)</string>
						<string>(0.000000, 0.000000, 0.000000)</string>
						<string>(0.000000, 0.000000, 0.000000)</string>
						<string>(0.000000, 0.000000, 0.000000)</string>
						<string>(0.000000, 0.000000, 0.000000)</string>
						<string>(0.000000, 0.000000, 0.000000)</string>
						<string>(0.000000, 0.000000, 0.000000)</string>
						<string>(0.000000, 0.000000, 0.000000)</string>
						<string>(0.000000, 0.000000, 0.000000)</string>
						<string>(0.000000, 0.000000, 0.000000)</string>
						<string>(0.000000, 0.000000, 0.000000)</string>
						<string>(0.000000, 0.000000, 0.000000)</string>
						<string>(0.000000, 0.000000, 0.000000)</string>
						<string>(0.000000, 0.000000, 0.000000)</string>
						<string>(0.000000, 0.000000, 0.000000)</string>
						<string>(0.000000, 0.000000, 0.000000)</string>
					</array>
					<key>Point_px</key>
					<array>
						<string>(2406.350098, 2429.270020)</string>
						<string>(2409.159912, 2426.699951)</string>
						<string>(2412.750000, 2424.399902)</string>
						<string>(2416.600098, 2422.600098)</string>
						<string>(2421.469971, 2421.320068)</string>
						<string>(2424.540039, 2421.580078)</string>
						<string>(2428.639893, 2421.580078)</string>
						<string>(2433.000000, 2422.600098)</string>
						<string>(2436.840088, 2425.169922)</string>
						<string>(2440.429932, 2428.239990)</string>
						<string>(2443.760010, 2431.830078)</string>
						<string>(2445.040039, 2436.189941)</string>
						<string>(2445.560059, 2439.260010)</string>
						<string>(2441.709961, 2442.850098)</string>
						<string>(2440.429932, 2446.689941)</string>
						<string>(2437.870117, 2450.790039)</string>
						<string>(2435.560059, 2454.639893)</string>
						<string>(2431.719971, 2457.459961)</string>
						<string>(2427.620117, 2458.229980)</string>
						<string>(2423.520020, 2458.479980)</string>
						<string>(2419.669922, 2458.479980)</string>
						<string>(2416.080078, 2456.689941)</string>
						<string>(2411.729980, 2455.409912)</string>
						<string>(2408.139893, 2452.330078)</string>
						<string>(2405.580078, 2449.260010)</string>
						<string>(2403.270020, 2445.159912)</string>
						<string>(2401.479980, 2441.570068)</string>
						<string>(2401.219971, 2437.719971)</string>
						<string>(2402.250000, 2433.370117)</string>
					</array>
					<key>Total</key>
					<real>0.0</real>
					<key>Type</key>
					<integer>15</integer>
				</dict>
				<dict>
					<key>Area</key>
					<real>0.0</real>
					<key>Center</key>
					<string>(0.000000, 0.000000, 0.000000)</string>
					<key>Dev</key>
					<real>0.0</real>
					<key>IndexInImage</key>
					<integer>46</integer>
					<key>Max</key>
					<real>0.0</real>
					<key>Mean</key>
					<real>0.0</real>
					<key>Min</key>
					<real>0.0</real>
					<key>Name</key>
					<string>Calcification</string>
					<key>NumberOfPoints</key>
					<integer>1</integer>
					<key>Point_mm</key>
					<array>
						<string>(0.000000, 0.000000, 0.000000)</string>
					</array>
					<key>Point_px</key>
					<array>
						<string>(2474.090088, 1685.349976)</string>
					</array>
					<key>Total</key>
					<real>0.0</real>
					<key>Type</key>
					<integer>19</integer>
				</dict>
				<dict>
					<key>Area</key>
					<real>0.0</real>
					<key>Center</key>
					<string>(0.000000, 0.000000, 0.000000)</string>
					<key>Dev</key>
					<real>0.0</real>
					<key>IndexInImage</key>
					<integer>47</integer>
					<key>Max</key>
					<real>0.0</real>
					<key>Mean</key>
					<real>0.0</real>
					<key>Min</key>
					<real>0.0</real>
					<key>Name</key>
					<string>Calcification</string>
					<key>NumberOfPoints</key>
					<integer>1</integer>
					<key>Point_mm</key>
					<array>
						<string>(0.000000, 0.000000, 0.000000)</string>
					</array>
					<key>Point_px</key>
					<array>
						<string>(2411.080078, 1155.430054)</string>
					</array>
					<key>Total</key>
					<real>0.0</real>
					<key>Type</key>
					<integer>19</integer>
				</dict>
				<dict>
					<key>Area</key>
					<real>0.0072887502610683441</real>
					<key>Center</key>
					<string>(0.000000, 0.000000, 0.000000)</string>
					<key>Dev</key>
					<real>0.0</real>
					<key>IndexInImage</key>
					<integer>48</integer>
					<key>Max</key>
					<real>0.0</real>
					<key>Mean</key>
					<real>0.0</real>
					<key>Min</key>
					<real>0.0</real>
					<key>Name</key>
					<string>Calcification</string>
					<key>NumberOfPoints</key>
					<integer>10</integer>
					<key>Point_mm</key>
					<array>
						<string>(0.000000, 0.000000, 0.000000)</string>
						<string>(0.000000, 0.000000, 0.000000)</string>
						<string>(0.000000, 0.000000, 0.000000)</string>
						<string>(0.000000, 0.000000, 0.000000)</string>
						<string>(0.000000, 0.000000, 0.000000)</string>
						<string>(0.000000, 0.000000, 0.000000)</string>
						<string>(0.000000, 0.000000, 0.000000)</string>
						<string>(0.000000, 0.000000, 0.000000)</string>
						<string>(0.000000, 0.000000, 0.000000)</string>
						<string>(0.000000, 0.000000, 0.000000)</string>
					</array>
					<key>Point_px</key>
					<array>
						<string>(2228.050049, 2617.610107)</string>
						<string>(2226.320068, 2614.139893)</string>
						<string>(2227.469971, 2610.100098)</string>
						<string>(2230.939941, 2608.360107)</string>
						<string>(2234.409912, 2611.540039)</string>
						<string>(2238.739990, 2614.719971)</string>
						<string>(2242.209961, 2619.340088)</string>
						<string>(2239.889893, 2622.520020)</string>
						<string>(2235.270020, 2622.810059)</string>
						<string>(2230.649902, 2621.649902)</string>
					</array>
					<key>Total</key>
					<real>0.0</real>
					<key>Type</key>
					<integer>15</integer>
				</dict>
				<dict>
					<key>Area</key>
					<real>0.0</real>
					<key>Center</key>
					<string>(0.000000, 0.000000, 0.000000)</string>
					<key>Dev</key>
					<real>0.0</real>
					<key>IndexInImage</key>
					<integer>49</integer>
					<key>Max</key>
					<real>0.0</real>
					<key>Mean</key>
					<real>0.0</real>
					<key>Min</key>
					<real>0.0</real>
					<key>Name</key>
					<string>Calcification</string>
					<key>NumberOfPoints</key>
					<integer>1</integer>
					<key>Point_mm</key>
					<array>
						<string>(0.000000, 0.000000, 0.000000)</string>
					</array>
					<key>Point_px</key>
					<array>
						<string>(2223.219971, 1765.810059)</string>
					</array>
					<key>Total</key>
					<real>0.0</real>
					<key>Type</key>
					<integer>19</integer>
				</dict>
				<dict>
					<key>Area</key>
					<real>0.0</real>
					<key>Center</key>
					<string>(0.000000, 0.000000, 0.000000)</string>
					<key>Dev</key>
					<real>0.0</real>
					<key>IndexInImage</key>
					<integer>50</integer>
					<key>Max</key>
					<real>0.0</real>
					<key>Mean</key>
					<real>0.0</real>
					<key>Min</key>
					<real>0.0</real>
					<key>Name</key>
					<string>Calcification</string>
					<key>NumberOfPoints</key>
					<integer>1</integer>
					<key>Point_mm</key>
					<array>
						<string>(0.000000, 0.000000, 0.000000)</string>
					</array>
					<key>Point_px</key>
					<array>
						<string>(2185.800049, 2551.620117)</string>
					</array>
					<key>Total</key>
					<real>0.0</real>
					<key>Type</key>
					<integer>19</integer>
				</dict>
				<dict>
					<key>Area</key>
					<real>0.0</real>
					<key>Center</key>
					<string>(0.000000, 0.000000, 0.000000)</string>
					<key>Dev</key>
					<real>0.0</real>
					<key>IndexInImage</key>
					<integer>51</integer>
					<key>Max</key>
					<real>0.0</real>
					<key>Mean</key>
					<real>0.0</real>
					<key>Min</key>
					<real>0.0</real>
					<key>Name</key>
					<string>Calcification</string>
					<key>NumberOfPoints</key>
					<integer>1</integer>
					<key>Point_mm</key>
					<array>
						<string>(0.000000, 0.000000, 0.000000)</string>
					</array>
					<key>Point_px</key>
					<array>
						<string>(2193.739990, 2551.620117)</string>
					</array>
					<key>Total</key>
					<real>0.0</real>
					<key>Type</key>
					<integer>19</integer>
				</dict>
				<dict>
					<key>Area</key>
					<real>0.0</real>
					<key>Center</key>
					<string>(0.000000, 0.000000, 0.000000)</string>
					<key>Dev</key>
					<real>0.0</real>
					<key>IndexInImage</key>
					<integer>52</integer>
					<key>Max</key>
					<real>0.0</real>
					<key>Mean</key>
					<real>0.0</real>
					<key>Min</key>
					<real>0.0</real>
					<key>Name</key>
					<string>Calcification</string>
					<key>NumberOfPoints</key>
					<integer>1</integer>
					<key>Point_mm</key>
					<array>
						<string>(0.000000, 0.000000, 0.000000)</string>
					</array>
					<key>Point_px</key>
					<array>
						<string>(2123.699951, 2151.179932)</string>
					</array>
					<key>Total</key>
					<real>0.0</real>
					<key>Type</key>
					<integer>19</integer>
				</dict>
			</array>
		</dict>
	</array>
</dict>
</plist>
