<?xml version="1.0" encoding="UTF-8"?>
<!DOCTYPE plist PUBLIC "-//Apple//DTD PLIST 1.0//EN" "http://www.apple.com/DTDs/PropertyList-1.0.dtd">
<plist version="1.0">
<dict>
	<key>Images</key>
	<array>
		<dict>
			<key>ImageIndex</key>
			<integer>0</integer>
			<key>NumberOfROIs</key>
			<integer>52</integer>
			<key>ROIs</key>
			<array>
				<dict>
					<key>Area</key>
					<real>0.0</real>
					<key>Center</key>
					<string>(0.000000, 0.000000, 0.000000)</string>
					<key>Dev</key>
					<real>0.0</real>
					<key>IndexInImage</key>
					<integer>0</integer>
					<key>Max</key>
					<real>1856</real>
					<key>Mean</key>
					<real>1856</real>
					<key>Min</key>
					<real>1856</real>
					<key>Name</key>
					<string>Calcification</string>
					<key>NumberOfPoints</key>
					<integer>1</integer>
					<key>Point_mm</key>
					<array>
						<string>(0.000000, 0.000000, 0.000000)</string>
					</array>
					<key>Point_px</key>
					<array>
						<string>(667.060974, 2381.379883)</string>
					</array>
					<key>Total</key>
					<real>1856</real>
					<key>Type</key>
					<integer>19</integer>
				</dict>
				<dict>
					<key>Area</key>
					<real>0.0</real>
					<key>Center</key>
					<string>(0.000000, 0.000000, 0.000000)</string>
					<key>Dev</key>
					<real>0.0</real>
					<key>IndexInImage</key>
					<integer>1</integer>
					<key>Max</key>
					<real>1900</real>
					<key>Mean</key>
					<real>1900</real>
					<key>Min</key>
					<real>1900</real>
					<key>Name</key>
					<string>Calcification</string>
					<key>NumberOfPoints</key>
					<integer>1</integer>
					<key>Point_mm</key>
					<array>
						<string>(0.000000, 0.000000, 0.000000)</string>
					</array>
					<key>Point_px</key>
					<array>
						<string>(718.960999, 2346.780029)</string>
					</array>
					<key>Total</key>
					<real>1900</real>
					<key>Type</key>
					<integer>19</integer>
				</dict>
				<dict>
					<key>Area</key>
					<real>0.0</real>
					<key>Center</key>
					<string>(0.000000, 0.000000, 0.000000)</string>
					<key>Dev</key>
					<real>0.0</real>
					<key>IndexInImage</key>
					<integer>2</integer>
					<key>Max</key>
					<real>1913</real>
					<key>Mean</key>
					<real>1913</real>
					<key>Min</key>
					<real>1913</real>
					<key>Name</key>
					<string>Calcification</string>
					<key>NumberOfPoints</key>
					<integer>1</integer>
					<key>Point_mm</key>
					<array>
						<string>(0.000000, 0.000000, 0.000000)</string>
					</array>
					<key>Point_px</key>
					<array>
						<string>(716.229004, 2263.919922)</string>
					</array>
					<key>Total</key>
					<real>1913</real>
					<key>Type</key>
					<integer>19</integer>
				</dict>
				<dict>
					<key>Area</key>
					<real>0.0</real>
					<key>Center</key>
					<string>(0.000000, 0.000000, 0.000000)</string>
					<key>Dev</key>
					<real>0.0</real>
					<key>IndexInImage</key>
					<integer>3</integer>
					<key>Max</key>
					<real>2010</real>
					<key>Mean</key>
					<real>2010</real>
					<key>Min</key>
					<real>2010</real>
					<key>Name</key>
					<string>Calcification</string>
					<key>NumberOfPoints</key>
					<integer>1</integer>
					<key>Point_mm</key>
					<array>
						<string>(0.000000, 0.000000, 0.000000)</string>
					</array>
					<key>Point_px</key>
					<array>
						<string>(772.681030, 1978.930054)</string>
					</array>
					<key>Total</key>
					<real>2010</real>
					<key>Type</key>
					<integer>19</integer>
				</dict>
				<dict>
					<key>Area</key>
					<real>0.0</real>
					<key>Center</key>
					<string>(0.000000, 0.000000, 0.000000)</string>
					<key>Dev</key>
					<real>0.0</real>
					<key>IndexInImage</key>
					<integer>4</integer>
					<key>Max</key>
					<real>1570</real>
					<key>Mean</key>
					<real>1570</real>
					<key>Min</key>
					<real>1570</real>
					<key>Name</key>
					<string>Calcification</string>
					<key>NumberOfPoints</key>
					<integer>1</integer>
					<key>Point_mm</key>
					<array>
						<string>(0.000000, 0.000000, 0.000000)</string>
					</array>
					<key>Point_px</key>
					<array>
						<string>(782.697021, 2089.100098)</string>
					</array>
					<key>Total</key>
					<real>1570</real>
					<key>Type</key>
					<integer>19</integer>
				</dict>
				<dict>
					<key>Area</key>
					<real>0.0</real>
					<key>Center</key>
					<string>(0.000000, 0.000000, 0.000000)</string>
					<key>Dev</key>
					<real>0.0</real>
					<key>IndexInImage</key>
					<integer>5</integer>
					<key>Max</key>
					<real>1695</real>
					<key>Mean</key>
					<real>1695</real>
					<key>Min</key>
					<real>1695</real>
					<key>Name</key>
					<string>Calcification</string>
					<key>NumberOfPoints</key>
					<integer>1</integer>
					<key>Point_mm</key>
					<array>
						<string>(0.000000, 0.000000, 0.000000)</string>
					</array>
					<key>Point_px</key>
					<array>
						<string>(382.066986, 2103.669922)</string>
					</array>
					<key>Total</key>
					<real>1695</real>
					<key>Type</key>
					<integer>19</integer>
				</dict>
				<dict>
					<key>Area</key>
					<real>0.0</real>
					<key>Center</key>
					<string>(0.000000, 0.000000, 0.000000)</string>
					<key>Dev</key>
					<real>0.0</real>
					<key>IndexInImage</key>
					<integer>6</integer>
					<key>Max</key>
					<real>1909</real>
					<key>Mean</key>
					<real>1909</real>
					<key>Min</key>
					<real>1909</real>
					<key>Name</key>
					<string>Calcification</string>
					<key>NumberOfPoints</key>
					<integer>1</integer>
					<key>Point_mm</key>
					<array>
						<string>(0.000000, 0.000000, 0.000000)</string>
					</array>
					<key>Point_px</key>
					<array>
						<string>(803.638977, 1506.369995)</string>
					</array>
					<key>Total</key>
					<real>1909</real>
					<key>Type</key>
					<integer>19</integer>
				</dict>
				<dict>
					<key>Area</key>
					<real>0.0</real>
					<key>Center</key>
					<string>(0.000000, 0.000000, 0.000000)</string>
					<key>Dev</key>
					<real>0.0</real>
					<key>IndexInImage</key>
					<integer>7</integer>
					<key>Max</key>
					<real>2212</real>
					<key>Mean</key>
					<real>2212</real>
					<key>Min</key>
					<real>2212</real>
					<key>Name</key>
					<string>Calcification</string>
					<key>NumberOfPoints</key>
					<integer>1</integer>
					<key>Point_mm</key>
					<array>
						<string>(0.000000, 0.000000, 0.000000)</string>
					</array>
					<key>Point_px</key>
					<array>
						<string>(595.432983, 1245.699951)</string>
					</array>
					<key>Total</key>
					<real>2212</real>
					<key>Type</key>
					<integer>19</integer>
				</dict>
				<dict>
					<key>Area</key>
					<real>0.0</real>
					<key>Center</key>
					<string>(0.000000, 0.000000, 0.000000)</string>
					<key>Dev</key>
					<real>0.0</real>
					<key>IndexInImage</key>
					<integer>8</integer>
					<key>Max</key>
					<real>1788</real>
					<key>Mean</key>
					<real>1788</real>
					<key>Min</key>
					<real>1788</real>
					<key>Name</key>
					<string>Calcification</string>
					<key>NumberOfPoints</key>
					<integer>1</integer>
					<key>Point_mm</key>
					<array>
						<string>(0.000000, 0.000000, 0.000000)</string>
					</array>
					<key>Point_px</key>
					<array>
						<string>(588.327026, 1230.069946)</string>
					</array>
					<key>Total</key>
					<real>1788</real>
					<key>Type</key>
					<integer>19</integer>
				</dict>
				<dict>
					<key>Area</key>
					<real>0.0</real>
					<key>Center</key>
					<string>(0.000000, 0.000000, 0.000000)</string>
					<key>Dev</key>
					<real>0.0</real>
					<key>IndexInImage</key>
					<integer>9</integer>
					<key>Max</key>
					<real>1892</real>
					<key>Mean</key>
					<real>1892</real>
					<key>Min</key>
					<real>1892</real>
					<key>Name</key>
					<string>Calcification</string>
					<key>NumberOfPoints</key>
					<integer>1</integer>
					<key>Point_mm</key>
					<array>
						<string>(0.000000, 0.000000, 0.000000)</string>
					</array>
					<key>Point_px</key>
					<array>
						<string>(626.997986, 1830.510010)</string>
					</array>
					<key>Total</key>
					<real>1892</real>
					<key>Type</key>
					<integer>19</integer>
				</dict>
				<dict>
					<key>Area</key>
					<real>0.0</real>
					<key>Center</key>
					<string>(0.000000, 0.000000, 0.000000)</string>
					<key>Dev</key>
					<real>0.0</real>
					<key>IndexInImage</key>
					<integer>10</integer>
					<key>Max</key>
					<real>2171</real>
					<key>Mean</key>
					<real>2171</real>
					<key>Min</key>
					<real>2171</real>
					<key>Name</key>
					<string>Calcification</string>
					<key>NumberOfPoints</key>
					<integer>1</integer>
					<key>Point_mm</key>
					<array>
						<string>(0.000000, 0.000000, 0.000000)</string>
					</array>
					<key>Point_px</key>
					<array>
						<string>(630.640015, 1812.300049)</string>
					</array>
					<key>Total</key>
					<real>2171</real>
					<key>Type</key>
					<integer>19</integer>
				</dict>
				<dict>
					<key>Area</key>
					<real>0.0</real>
					<key>Center</key>
					<string>(0.000000, 0.000000, 0.000000)</string>
					<key>Dev</key>
					<real>0.0</real>
					<key>IndexInImage</key>
					<integer>11</integer>
					<key>Max</key>
					<real>1929</real>
					<key>Mean</key>
					<real>1929</real>
					<key>Min</key>
					<real>1929</real>
					<key>Name</key>
					<string>Calcification</string>
					<key>NumberOfPoints</key>
					<integer>1</integer>
					<key>Point_mm</key>
					<array>
						<string>(0.000000, 0.000000, 0.000000)</string>
					</array>
					<key>Point_px</key>
					<array>
						<string>(647.028992, 1660.250000)</string>
					</array>
					<key>Total</key>
					<real>1929</real>
					<key>Type</key>
					<integer>19</integer>
				</dict>
				<dict>
					<key>Area</key>
					<real>0.0</real>
					<key>Center</key>
					<string>(0.000000, 0.000000, 0.000000)</string>
					<key>Dev</key>
					<real>0.0</real>
					<key>IndexInImage</key>
					<integer>12</integer>
					<key>Max</key>
					<real>2009</real>
					<key>Mean</key>
					<real>2009</real>
					<key>Min</key>
					<real>2009</real>
					<key>Name</key>
					<string>Calcification</string>
					<key>NumberOfPoints</key>
					<integer>1</integer>
					<key>Point_mm</key>
					<array>
						<string>(0.000000, 0.000000, 0.000000)</string>
					</array>
					<key>Point_px</key>
					<array>
						<string>(530.481995, 1479.050049)</string>
					</array>
					<key>Total</key>
					<real>2009</real>
					<key>Type</key>
					<integer>19</integer>
				</dict>
				<dict>
					<key>Area</key>
					<real>0.0</real>
					<key>Center</key>
					<string>(0.000000, 0.000000, 0.000000)</string>
					<key>Dev</key>
					<real>0.0</real>
					<key>IndexInImage</key>
					<integer>13</integer>
					<key>Max</key>
					<real>2175</real>
					<key>Mean</key>
					<real>2175</real>
					<key>Min</key>
					<real>2175</real>
					<key>Name</key>
					<string>Calcification</string>
					<key>NumberOfPoints</key>
					<integer>1</integer>
					<key>Point_mm</key>
					<array>
						<string>(0.000000, 0.000000, 0.000000)</string>
					</array>
					<key>Point_px</key>
					<array>
						<string>(532.302979, 1491.800049)</string>
					</array>
					<key>Total</key>
					<real>2175</real>
					<key>Type</key>
					<integer>19</integer>
				</dict>
				<dict>
					<key>Area</key>
					<real>0.0</real>
					<key>Center</key>
					<string>(0.000000, 0.000000, 0.000000)</string>
					<key>Dev</key>
					<real>0.0</real>
					<key>IndexInImage</key>
					<integer>14</integer>
					<key>Max</key>
					<real>1802</real>
					<key>Mean</key>
					<real>1802</real>
					<key>Min</key>
					<real>1802</real>
					<key>Name</key>
					<string>Calcification</string>
					<key>NumberOfPoints</key>
					<integer>1</integer>
					<key>Point_mm</key>
					<array>
						<string>(0.000000, 0.000000, 0.000000)</string>
					</array>
					<key>Point_px</key>
					<array>
						<string>(534.124023, 1661.160034)</string>
					</array>
					<key>Total</key>
					<real>1802</real>
					<key>Type</key>
					<integer>19</integer>
				</dict>
				<dict>
					<key>Area</key>
					<real>0.0</real>
					<key>Center</key>
					<string>(0.000000, 0.000000, 0.000000)</string>
					<key>Dev</key>
					<real>0.0</real>
					<key>IndexInImage</key>
					<integer>15</integer>
					<key>Max</key>
					<real>1996</real>
					<key>Mean</key>
					<real>1996</real>
					<key>Min</key>
					<real>1996</real>
					<key>Name</key>
					<string>Calcification</string>
					<key>NumberOfPoints</key>
					<integer>1</integer>
					<key>Point_mm</key>
					<array>
						<string>(0.000000, 0.000000, 0.000000)</string>
					</array>
					<key>Point_px</key>
					<array>
						<string>(606.056030, 1604.699951)</string>
					</array>
					<key>Total</key>
					<real>1996</real>
					<key>Type</key>
					<integer>19</integer>
				</dict>
				<dict>
					<key>Area</key>
					<real>0.0</real>
					<key>Center</key>
					<string>(0.000000, 0.000000, 0.000000)</string>
					<key>Dev</key>
					<real>0.0</real>
					<key>IndexInImage</key>
					<integer>16</integer>
					<key>Max</key>
					<real>1813</real>
					<key>Mean</key>
					<real>1813</real>
					<key>Min</key>
					<real>1813</real>
					<key>Name</key>
					<string>Calcification</string>
					<key>NumberOfPoints</key>
					<integer>1</integer>
					<key>Point_mm</key>
					<array>
						<string>(0.000000, 0.000000, 0.000000)</string>
					</array>
					<key>Point_px</key>
					<array>
						<string>(534.124023, 1706.680054)</string>
					</array>
					<key>Total</key>
					<real>1813</real>
					<key>Type</key>
					<integer>19</integer>
				</dict>
				<dict>
					<key>Area</key>
					<real>0.0</real>
					<key>Center</key>
					<string>(0.000000, 0.000000, 0.000000)</string>
					<key>Dev</key>
					<real>0.0</real>
					<key>IndexInImage</key>
					<integer>17</integer>
					<key>Max</key>
					<real>2104</real>
					<key>Mean</key>
					<real>2104</real>
					<key>Min</key>
					<real>2104</real>
					<key>Name</key>
					<string>Calcification</string>
					<key>NumberOfPoints</key>
					<integer>1</integer>
					<key>Point_mm</key>
					<array>
						<string>(0.000000, 0.000000, 0.000000)</string>
					</array>
					<key>Point_px</key>
					<array>
						<string>(527.750977, 1800.469971)</string>
					</array>
					<key>Total</key>
					<real>2104</real>
					<key>Type</key>
					<integer>19</integer>
				</dict>
				<dict>
					<key>Area</key>
					<real>0.0</real>
					<key>Center</key>
					<string>(0.000000, 0.000000, 0.000000)</string>
					<key>Dev</key>
					<real>0.0</real>
					<key>IndexInImage</key>
					<integer>18</integer>
					<key>Max</key>
					<real>2254</real>
					<key>Mean</key>
					<real>2254</real>
					<key>Min</key>
					<real>2254</real>
					<key>Name</key>
					<string>Calcification</string>
					<key>NumberOfPoints</key>
					<integer>1</integer>
					<key>Point_mm</key>
					<array>
						<string>(0.000000, 0.000000, 0.000000)</string>
					</array>
					<key>Point_px</key>
					<array>
						<string>(630.640015, 1800.469971)</string>
					</array>
					<key>Total</key>
					<real>2254</real>
					<key>Type</key>
					<integer>19</integer>
				</dict>
				<dict>
					<key>Area</key>
					<real>0.0</real>
					<key>Center</key>
					<string>(0.000000, 0.000000, 0.000000)</string>
					<key>Dev</key>
					<real>0.0</real>
					<key>IndexInImage</key>
					<integer>19</integer>
					<key>Max</key>
					<real>2272</real>
					<key>Mean</key>
					<real>2272</real>
					<key>Min</key>
					<real>2272</real>
					<key>Name</key>
					<string>Calcification</string>
					<key>NumberOfPoints</key>
					<integer>1</integer>
					<key>Point_mm</key>
					<array>
						<string>(0.000000, 0.000000, 0.000000)</string>
					</array>
					<key>Point_px</key>
					<array>
						<string>(641.565979, 1804.109985)</string>
					</array>
					<key>Total</key>
					<real>2272</real>
					<key>Type</key>
					<integer>19</integer>
				</dict>
				<dict>
					<key>Area</key>
					<real>0.0</real>
					<key>Center</key>
					<string>(0.000000, 0.000000, 0.000000)</string>
					<key>Dev</key>
					<real>0.0</real>
					<key>IndexInImage</key>
					<integer>20</integer>
					<key>Max</key>
					<real>2015</real>
					<key>Mean</key>
					<real>2015</real>
					<key>Min</key>
					<real>2015</real>
					<key>Name</key>
					<string>Calcification</string>
					<key>NumberOfPoints</key>
					<integer>1</integer>
					<key>Point_mm</key>
					<array>
						<string>(0.000000, 0.000000, 0.000000)</string>
					</array>
					<key>Point_px</key>
					<array>
						<string>(636.103027, 1828.689941)</string>
					</array>
					<key>Total</key>
					<real>2015</real>
					<key>Type</key>
					<integer>19</integer>
				</dict>
				<dict>
					<key>Area</key>
					<real>0.0</real>
					<key>Center</key>
					<string>(0.000000, 0.000000, 0.000000)</string>
					<key>Dev</key>
					<real>0.0</real>
					<key>IndexInImage</key>
					<integer>21</integer>
					<key>Max</key>
					<real>2058</real>
					<key>Mean</key>
					<real>2058</real>
					<key>Min</key>
					<real>2058</real>
					<key>Name</key>
					<string>Calcification</string>
					<key>NumberOfPoints</key>
					<integer>1</integer>
					<key>Point_mm</key>
					<array>
						<string>(0.000000, 0.000000, 0.000000)</string>
					</array>
					<key>Point_px</key>
					<array>
						<string>(474.029999, 1886.969971)</string>
					</array>
					<key>Total</key>
					<real>2058</real>
					<key>Type</key>
					<integer>19</integer>
				</dict>
				<dict>
					<key>Area</key>
					<real>0.0</real>
					<key>Center</key>
					<string>(0.000000, 0.000000, 0.000000)</string>
					<key>Dev</key>
					<real>0.0</real>
					<key>IndexInImage</key>
					<integer>22</integer>
					<key>Max</key>
					<real>1988</real>
					<key>Mean</key>
					<real>1988</real>
					<key>Min</key>
					<real>1988</real>
					<key>Name</key>
					<string>Calcification</string>
					<key>NumberOfPoints</key>
					<integer>1</integer>
					<key>Point_mm</key>
					<array>
						<string>(0.000000, 0.000000, 0.000000)</string>
					</array>
					<key>Point_px</key>
					<array>
						<string>(569.328796, 1495.207275)</string>
					</array>
					<key>Total</key>
					<real>1988</real>
					<key>Type</key>
					<integer>19</integer>
				</dict>
				<dict>
					<key>Area</key>
					<real>0.0</real>
					<key>Center</key>
					<string>(0.000000, 0.000000, 0.000000)</string>
					<key>Dev</key>
					<real>0.0</real>
					<key>IndexInImage</key>
					<integer>23</integer>
					<key>Max</key>
					<real>1689</real>
					<key>Mean</key>
					<real>1689</real>
					<key>Min</key>
					<real>1689</real>
					<key>Name</key>
					<string>Calcification</string>
					<key>NumberOfPoints</key>
					<integer>1</integer>
					<key>Point_mm</key>
					<array>
						<string>(0.000000, 0.000000, 0.000000)</string>
					</array>
					<key>Point_px</key>
					<array>
						<string>(586.510925, 1286.811279)</string>
					</array>
					<key>Total</key>
					<real>1689</real>
					<key>Type</key>
					<integer>19</integer>
				</dict>
				<dict>
					<key>Area</key>
					<real>0.0</real>
					<key>Center</key>
					<string>(0.000000, 0.000000, 0.000000)</string>
					<key>Dev</key>
					<real>0.0</real>
					<key>IndexInImage</key>
					<integer>24</integer>
					<key>Max</key>
					<real>1790</real>
					<key>Mean</key>
					<real>1790</real>
					<key>Min</key>
					<real>1790</real>
					<key>Name</key>
					<string>Calcification</string>
					<key>NumberOfPoints</key>
					<integer>1</integer>
					<key>Point_mm</key>
					<array>
						<string>(0.000000, 0.000000, 0.000000)</string>
					</array>
					<key>Point_px</key>
					<array>
						<string>(128.779007, 1161.849976)</string>
					</array>
					<key>Total</key>
					<real>1790</real>
					<key>Type</key>
					<integer>19</integer>
				</dict>
				<dict>
					<key>Area</key>
					<real>0.0</real>
					<key>Center</key>
					<string>(0.000000, 0.000000, 0.000000)</string>
					<key>Dev</key>
					<real>0.0</real>
					<key>IndexInImage</key>
					<integer>25</integer>
					<key>Max</key>
					<real>1813</real>
					<key>Mean</key>
					<real>1813</real>
					<key>Min</key>
					<real>1813</real>
					<key>Name</key>
					<string>Calcification</string>
					<key>NumberOfPoints</key>
					<integer>1</integer>
					<key>Point_mm</key>
					<array>
						<string>(0.000000, 0.000000, 0.000000)</string>
					</array>
					<key>Point_px</key>
					<array>
						<string>(124.041000, 1154.270020)</string>
					</array>
					<key>Total</key>
					<real>1813</real>
					<key>Type</key>
					<integer>19</integer>
				</dict>
				<dict>
					<key>Area</key>
					<real>0.0</real>
					<key>Center</key>
					<string>(0.000000, 0.000000, 0.000000)</string>
					<key>Dev</key>
					<real>0.0</real>
					<key>IndexInImage</key>
					<integer>26</integer>
					<key>Max</key>
					<real>1635</real>
					<key>Mean</key>
					<real>1635</real>
					<key>Min</key>
					<real>1635</real>
					<key>Name</key>
					<string>Calcification</string>
					<key>NumberOfPoints</key>
					<integer>1</integer>
					<key>Point_mm</key>
					<array>
						<string>(0.000000, 0.000000, 0.000000)</string>
					</array>
					<key>Point_px</key>
					<array>
						<string>(118.356003, 1142.420044)</string>
					</array>
					<key>Total</key>
					<real>1635</real>
					<key>Type</key>
					<integer>19</integer>
				</dict>
				<dict>
					<key>Area</key>
					<real>0.0</real>
					<key>Center</key>
					<string>(0.000000, 0.000000, 0.000000)</string>
					<key>Dev</key>
					<real>0.0</real>
					<key>IndexInImage</key>
					<integer>27</integer>
					<key>Max</key>
					<real>1882</real>
					<key>Mean</key>
					<real>1882</real>
					<key>Min</key>
					<real>1882</real>
					<key>Name</key>
					<string>Calcification</string>
					<key>NumberOfPoints</key>
					<integer>1</integer>
					<key>Point_mm</key>
					<array>
						<string>(0.000000, 0.000000, 0.000000)</string>
					</array>
					<key>Point_px</key>
					<array>
						<string>(26.446301, 1095.989990)</string>
					</array>
					<key>Total</key>
					<real>1882</real>
					<key>Type</key>
					<integer>19</integer>
				</dict>
				<dict>
					<key>Area</key>
					<real>0.0</real>
					<key>Center</key>
					<string>(0.000000, 0.000000, 0.000000)</string>
					<key>Dev</key>
					<real>0.0</real>
					<key>IndexInImage</key>
					<integer>28</integer>
					<key>Max</key>
					<real>1425</real>
					<key>Mean</key>
					<real>1425</real>
					<key>Min</key>
					<real>1425</real>
					<key>Name</key>
					<string>Calcification</string>
					<key>NumberOfPoints</key>
					<integer>1</integer>
					<key>Point_mm</key>
					<array>
						<string>(0.000000, 0.000000, 0.000000)</string>
					</array>
					<key>Point_px</key>
					<array>
						<string>(76.191200, 1455.579956)</string>
					</array>
					<key>Total</key>
					<real>1425</real>
					<key>Type</key>
					<integer>19</integer>
				</dict>
				<dict>
					<key>Area</key>
					<real>0.0</real>
					<key>Center</key>
					<string>(0.000000, 0.000000, 0.000000)</string>
					<key>Dev</key>
					<real>0.0</real>
					<key>IndexInImage</key>
					<integer>29</integer>
					<key>Max</key>
					<real>1942</real>
					<key>Mean</key>
					<real>1942</real>
					<key>Min</key>
					<real>1942</real>
					<key>Name</key>
					<string>Calcification</string>
					<key>NumberOfPoints</key>
					<integer>1</integer>
					<key>Point_mm</key>
					<array>
						<string>(0.000000, 0.000000, 0.000000)</string>
					</array>
					<key>Point_px</key>
					<array>
						<string>(142.990997, 1149.060059)</string>
					</array>
					<key>Total</key>
					<real>1942</real>
					<key>Type</key>
					<integer>19</integer>
				</dict>
				<dict>
					<key>Area</key>
					<real>0.0</real>
					<key>Center</key>
					<string>(0.000000, 0.000000, 0.000000)</string>
					<key>Dev</key>
					<real>0.0</real>
					<key>IndexInImage</key>
					<integer>30</integer>
					<key>Max</key>
					<real>2298</real>
					<key>Mean</key>
					<real>2298</real>
					<key>Min</key>
					<real>2298</real>
					<key>Name</key>
					<string>Calcification</string>
					<key>NumberOfPoints</key>
					<integer>1</integer>
					<key>Point_mm</key>
					<array>
						<string>(0.000000, 0.000000, 0.000000)</string>
					</array>
					<key>Point_px</key>
					<array>
						<string>(469.476990, 1467.219971)</string>
					</array>
					<key>Total</key>
					<real>2298</real>
					<key>Type</key>
					<integer>19</integer>
				</dict>
				<dict>
					<key>Area</key>
					<real>0.0</real>
					<key>Center</key>
					<string>(0.000000, 0.000000, 0.000000)</string>
					<key>Dev</key>
					<real>0.0</real>
					<key>IndexInImage</key>
					<integer>31</integer>
					<key>Max</key>
					<real>1672</real>
					<key>Mean</key>
					<real>1672</real>
					<key>Min</key>
					<real>1672</real>
					<key>Name</key>
					<string>Calcification</string>
					<key>NumberOfPoints</key>
					<integer>1</integer>
					<key>Point_mm</key>
					<array>
						<string>(0.000000, 0.000000, 0.000000)</string>
					</array>
					<key>Point_px</key>
					<array>
						<string>(469.476990, 1698.489990)</string>
					</array>
					<key>Total</key>
					<real>1672</real>
					<key>Type</key>
					<integer>19</integer>
				</dict>
				<dict>
					<key>Area</key>
					<real>0.0</real>
					<key>Center</key>
					<string>(0.000000, 0.000000, 0.000000)</string>
					<key>Dev</key>
					<real>0.0</real>
					<key>IndexInImage</key>
					<integer>32</integer>
					<key>Max</key>
					<real>1971</real>
					<key>Mean</key>
					<real>1971</real>
					<key>Min</key>
					<real>1971</real>
					<key>Name</key>
					<string>Calcification</string>
					<key>NumberOfPoints</key>
					<integer>1</integer>
					<key>Point_mm</key>
					<array>
						<string>(0.000000, 0.000000, 0.000000)</string>
					</array>
					<key>Point_px</key>
					<array>
						<string>(512.271973, 1683.920044)</string>
					</array>
					<key>Total</key>
					<real>1971</real>
					<key>Type</key>
					<integer>19</integer>
				</dict>
				<dict>
					<key>Area</key>
					<real>0.0</real>
					<key>Center</key>
					<string>(0.000000, 0.000000, 0.000000)</string>
					<key>Dev</key>
					<real>0.0</real>
					<key>IndexInImage</key>
					<integer>33</integer>
					<key>Max</key>
					<real>1772</real>
					<key>Mean</key>
					<real>1772</real>
					<key>Min</key>
					<real>1772</real>
					<key>Name</key>
					<string>Calcification</string>
					<key>NumberOfPoints</key>
					<integer>1</integer>
					<key>Point_mm</key>
					<array>
						<string>(0.000000, 0.000000, 0.000000)</string>
					</array>
					<key>Point_px</key>
					<array>
						<string>(395.980011, 1145.270020)</string>
					</array>
					<key>Total</key>
					<real>1772</real>
					<key>Type</key>
					<integer>19</integer>
				</dict>
				<dict>
					<key>Area</key>
					<real>0.0</real>
					<key>Center</key>
					<string>(0.000000, 0.000000, 0.000000)</string>
					<key>Dev</key>
					<real>0.0</real>
					<key>IndexInImage</key>
					<integer>34</integer>
					<key>Max</key>
					<real>1752</real>
					<key>Mean</key>
					<real>1752</real>
					<key>Min</key>
					<real>1752</real>
					<key>Name</key>
					<string>Calcification</string>
					<key>NumberOfPoints</key>
					<integer>1</integer>
					<key>Point_mm</key>
					<array>
						<string>(0.000000, 0.000000, 0.000000)</string>
					</array>
					<key>Point_px</key>
					<array>
						<string>(363.855988, 1824.140015)</string>
					</array>
					<key>Total</key>
					<real>1752</real>
					<key>Type</key>
					<integer>19</integer>
				</dict>
				<dict>
					<key>Area</key>
					<real>0.0</real>
					<key>Center</key>
					<string>(0.000000, 0.000000, 0.000000)</string>
					<key>Dev</key>
					<real>0.0</real>
					<key>IndexInImage</key>
					<integer>35</integer>
					<key>Max</key>
					<real>1823</real>
					<key>Mean</key>
					<real>1823</real>
					<key>Min</key>
					<real>1823</real>
					<key>Name</key>
					<string>Calcification</string>
					<key>NumberOfPoints</key>
					<integer>1</integer>
					<key>Point_mm</key>
					<array>
						<string>(0.000000, 0.000000, 0.000000)</string>
					</array>
					<key>Point_px</key>
					<array>
						<string>(212.709000, 1834.160034)</string>
					</array>
					<key>Total</key>
					<real>1823</real>
					<key>Type</key>
					<integer>19</integer>
				</dict>
				<dict>
					<key>Area</key>
					<real>0.0</real>
					<key>Center</key>
					<string>(0.000000, 0.000000, 0.000000)</string>
					<key>Dev</key>
					<real>0.0</real>
					<key>IndexInImage</key>
					<integer>36</integer>
					<key>Max</key>
					<real>1789</real>
					<key>Mean</key>
					<real>1789</real>
					<key>Min</key>
					<real>1789</real>
					<key>Name</key>
					<string>Calcification</string>
					<key>NumberOfPoints</key>
					<integer>1</integer>
					<key>Point_mm</key>
					<array>
						<string>(0.000000, 0.000000, 0.000000)</string>
					</array>
					<key>Point_px</key>
					<array>
						<string>(221.815002, 1831.420044)</string>
					</array>
					<key>Total</key>
					<real>1789</real>
					<key>Type</key>
					<integer>19</integer>
				</dict>
				<dict>
					<key>Area</key>
					<real>0.0</real>
					<key>Center</key>
					<string>(0.000000, 0.000000, 0.000000)</string>
					<key>Dev</key>
					<real>0.0</real>
					<key>IndexInImage</key>
					<integer>37</integer>
					<key>Max</key>
					<real>2010</real>
					<key>Mean</key>
					<real>2010</real>
					<key>Min</key>
					<real>2010</real>
					<key>Name</key>
					<string>Calcification</string>
					<key>NumberOfPoints</key>
					<integer>1</integer>
					<key>Point_mm</key>
					<array>
						<string>(0.000000, 0.000000, 0.000000)</string>
					</array>
					<key>Point_px</key>
					<array>
						<string>(657.955994, 1764.959961)</string>
					</array>
					<key>Total</key>
					<real>2010</real>
					<key>Type</key>
					<integer>19</integer>
				</dict>
				<dict>
					<key>Area</key>
					<real>0.0</real>
					<key>Center</key>
					<string>(0.000000, 0.000000, 0.000000)</string>
					<key>Dev</key>
					<real>0.0</real>
					<key>IndexInImage</key>
					<integer>38</integer>
					<key>Max</key>
					<real>1971</real>
					<key>Mean</key>
					<real>1971</real>
					<key>Min</key>
					<real>1971</real>
					<key>Name</key>
					<string>Calcification</string>
					<key>NumberOfPoints</key>
					<integer>1</integer>
					<key>Point_mm</key>
					<array>
						<string>(0.000000, 0.000000, 0.000000)</string>
					</array>
					<key>Point_px</key>
					<array>
						<string>(671.612976, 1754.030029)</string>
					</array>
					<key>Total</key>
					<real>1971</real>
					<key>Type</key>
					<integer>19</integer>
				</dict>
				<dict>
					<key>Area</key>
					<real>0.0</real>
					<key>Center</key>
					<string>(0.000000, 0.000000, 0.000000)</string>
					<key>Dev</key>
					<real>0.0</real>
					<key>IndexInImage</key>
					<integer>39</integer>
					<key>Max</key>
					<real>2000</real>
					<key>Mean</key>
					<real>2000</real>
					<key>Min</key>
					<real>2000</real>
					<key>Name</key>
					<string>Calcification</string>
					<key>NumberOfPoints</key>
					<integer>1</integer>
					<key>Point_mm</key>
					<array>
						<string>(0.000000, 0.000000, 0.000000)</string>
					</array>
					<key>Point_px</key>
					<array>
						<string>(678.898010, 1776.790039)</string>
					</array>
					<key>Total</key>
					<real>2000</real>
					<key>Type</key>
					<integer>19</integer>
				</dict>
				<dict>
					<key>Area</key>
					<real>0.0</real>
					<key>Center</key>
					<string>(0.000000, 0.000000, 0.000000)</string>
					<key>Dev</key>
					<real>0.0</real>
					<key>IndexInImage</key>
					<integer>40</integer>
					<key>Max</key>
					<real>1611</real>
					<key>Mean</key>
					<real>1611</real>
					<key>Min</key>
					<real>1611</real>
					<key>Name</key>
					<string>Calcification</string>
					<key>NumberOfPoints</key>
					<integer>1</integer>
					<key>Point_mm</key>
					<array>
						<string>(0.000000, 0.000000, 0.000000)</string>
					</array>
					<key>Point_px</key>
					<array>
						<string>(693.974976, 1253.760010)</string>
					</array>
					<key>Total</key>
					<real>1611</real>
					<key>Type</key>
					<integer>19</integer>
				</dict>
				<dict>
					<key>Area</key>
					<real>0.0</real>
					<key>Center</key>
					<string>(0.000000, 0.000000, 0.000000)</string>
					<key>Dev</key>
					<real>0.0</real>
					<key>IndexInImage</key>
					<integer>41</integer>
					<key>Max</key>
					<real>2093</real>
					<key>Mean</key>
					<real>2093</real>
					<key>Min</key>
					<real>2093</real>
					<key>Name</key>
					<string>Calcification</string>
					<key>NumberOfPoints</key>
					<integer>1</integer>
					<key>Point_mm</key>
					<array>
						<string>(0.000000, 0.000000, 0.000000)</string>
					</array>
					<key>Point_px</key>
					<array>
						<string>(602.414001, 1974.380005)</string>
					</array>
					<key>Total</key>
					<real>2093</real>
					<key>Type</key>
					<integer>19</integer>
				</dict>
				<dict>
					<key>Area</key>
					<real>0.0</real>
					<key>Center</key>
					<string>(0.000000, 0.000000, 0.000000)</string>
					<key>Dev</key>
					<real>0.0</real>
					<key>IndexInImage</key>
					<integer>42</integer>
					<key>Max</key>
					<real>1487</real>
					<key>Mean</key>
					<real>1487</real>
					<key>Min</key>
					<real>1487</real>
					<key>Name</key>
					<string>Calcification</string>
					<key>NumberOfPoints</key>
					<integer>1</integer>
					<key>Point_mm</key>
					<array>
						<string>(0.000000, 0.000000, 0.000000)</string>
					</array>
					<key>Point_px</key>
					<array>
						<string>(940.218018, 1917.010010)</string>
					</array>
					<key>Total</key>
					<real>1487</real>
					<key>Type</key>
					<integer>19</integer>
				</dict>
				<dict>
					<key>Area</key>
					<real>0.0</real>
					<key>Center</key>
					<string>(0.000000, 0.000000, 0.000000)</string>
					<key>Dev</key>
					<real>0.0</real>
					<key>IndexInImage</key>
					<integer>43</integer>
					<key>Max</key>
					<real>1680</real>
					<key>Mean</key>
					<real>1680</real>
					<key>Min</key>
					<real>1680</real>
					<key>Name</key>
					<string>Calcification</string>
					<key>NumberOfPoints</key>
					<integer>1</integer>
					<key>Point_mm</key>
					<array>
						<string>(0.000000, 0.000000, 0.000000)</string>
					</array>
					<key>Point_px</key>
					<array>
						<string>(861.913025, 2021.719971)</string>
					</array>
					<key>Total</key>
					<real>1680</real>
					<key>Type</key>
					<integer>19</integer>
				</dict>
				<dict>
					<key>Area</key>
					<real>0.0</real>
					<key>Center</key>
					<string>(0.000000, 0.000000, 0.000000)</string>
					<key>Dev</key>
					<real>0.0</real>
					<key>IndexInImage</key>
					<integer>44</integer>
					<key>Max</key>
					<real>1594</real>
					<key>Mean</key>
					<real>1594</real>
					<key>Min</key>
					<real>1594</real>
					<key>Name</key>
					<string>Calcification</string>
					<key>NumberOfPoints</key>
					<integer>1</integer>
					<key>Point_mm</key>
					<array>
						<string>(0.000000, 0.000000, 0.000000)</string>
					</array>
					<key>Point_px</key>
					<array>
						<string>(694.375977, 2131.899902)</string>
					</array>
					<key>Total</key>
					<real>1594</real>
					<key>Type</key>
					<integer>19</integer>
				</dict>
				<dict>
					<key>Area</key>
					<real>0.0</real>
					<key>Center</key>
					<string>(0.000000, 0.000000, 0.000000)</string>
					<key>Dev</key>
					<real>0.0</real>
					<key>IndexInImage</key>
					<integer>45</integer>
					<key>Max</key>
					<real>1723</real>
					<key>Mean</key>
					<real>1723</real>
					<key>Min</key>
					<real>1723</real>
					<key>Name</key>
					<string>Calcification</string>
					<key>NumberOfPoints</key>
					<integer>1</integer>
					<key>Point_mm</key>
					<array>
						<string>(0.000000, 0.000000, 0.000000)</string>
					</array>
					<key>Point_px</key>
					<array>
						<string>(698.929016, 2120.969971)</string>
					</array>
					<key>Total</key>
					<real>1723</real>
					<key>Type</key>
					<integer>19</integer>
				</dict>
				<dict>
					<key>Area</key>
					<real>0.0</real>
					<key>Center</key>
					<string>(0.000000, 0.000000, 0.000000)</string>
					<key>Dev</key>
					<real>0.0</real>
					<key>IndexInImage</key>
					<integer>46</integer>
					<key>Max</key>
					<real>1519</real>
					<key>Mean</key>
					<real>1519</real>
					<key>Min</key>
					<real>1519</real>
					<key>Name</key>
					<string>Calcification</string>
					<key>NumberOfPoints</key>
					<integer>1</integer>
					<key>Point_mm</key>
					<array>
						<string>(0.000000, 0.000000, 0.000000)</string>
					</array>
					<key>Point_px</key>
					<array>
						<string>(717.140015, 2159.209961)</string>
					</array>
					<key>Total</key>
					<real>1519</real>
					<key>Type</key>
					<integer>19</integer>
				</dict>
				<dict>
					<key>Area</key>
					<real>0.0</real>
					<key>Center</key>
					<string>(0.000000, 0.000000, 0.000000)</string>
					<key>Dev</key>
					<real>0.0</real>
					<key>IndexInImage</key>
					<integer>47</integer>
					<key>Max</key>
					<real>1479</real>
					<key>Mean</key>
					<real>1479</real>
					<key>Min</key>
					<real>1479</real>
					<key>Name</key>
					<string>Calcification</string>
					<key>NumberOfPoints</key>
					<integer>1</integer>
					<key>Point_mm</key>
					<array>
						<string>(0.000000, 0.000000, 0.000000)</string>
					</array>
					<key>Point_px</key>
					<array>
						<string>(1051.300049, 1618.359985)</string>
					</array>
					<key>Total</key>
					<real>1479</real>
					<key>Type</key>
					<integer>19</integer>
				</dict>
				<dict>
					<key>Area</key>
					<real>0.0</real>
					<key>Center</key>
					<string>(0.000000, 0.000000, 0.000000)</string>
					<key>Dev</key>
					<real>0.0</real>
					<key>IndexInImage</key>
					<integer>48</integer>
					<key>Max</key>
					<real>1309</real>
					<key>Mean</key>
					<real>1309</real>
					<key>Min</key>
					<real>1309</real>
					<key>Name</key>
					<string>Calcification</string>
					<key>NumberOfPoints</key>
					<integer>1</integer>
					<key>Point_mm</key>
					<array>
						<string>(0.000000, 0.000000, 0.000000)</string>
					</array>
					<key>Point_px</key>
					<array>
						<string>(1030.359985, 1576.479980)</string>
					</array>
					<key>Total</key>
					<real>1309</real>
					<key>Type</key>
					<integer>19</integer>
				</dict>
				<dict>
					<key>Area</key>
					<real>0.0</real>
					<key>Center</key>
					<string>(0.000000, 0.000000, 0.000000)</string>
					<key>Dev</key>
					<real>0.0</real>
					<key>IndexInImage</key>
					<integer>49</integer>
					<key>Max</key>
					<real>1674</real>
					<key>Mean</key>
					<real>1674</real>
					<key>Min</key>
					<real>1674</real>
					<key>Name</key>
					<string>Calcification</string>
					<key>NumberOfPoints</key>
					<integer>1</integer>
					<key>Point_mm</key>
					<array>
						<string>(0.000000, 0.000000, 0.000000)</string>
					</array>
					<key>Point_px</key>
					<array>
						<string>(1024.900024, 1580.119995)</string>
					</array>
					<key>Total</key>
					<real>1674</real>
					<key>Type</key>
					<integer>19</integer>
				</dict>
				<dict>
					<key>Area</key>
					<real>0.0</real>
					<key>Center</key>
					<string>(0.000000, 0.000000, 0.000000)</string>
					<key>Dev</key>
					<real>0.0</real>
					<key>IndexInImage</key>
					<integer>50</integer>
					<key>Max</key>
					<real>2084</real>
					<key>Mean</key>
					<real>2084</real>
					<key>Min</key>
					<real>2084</real>
					<key>Name</key>
					<string>Calcification</string>
					<key>NumberOfPoints</key>
					<integer>1</integer>
					<key>Point_mm</key>
					<array>
						<string>(0.000000, 0.000000, 0.000000)</string>
					</array>
					<key>Point_px</key>
					<array>
						<string>(742.633972, 2301.250000)</string>
					</array>
					<key>Total</key>
					<real>2084</real>
					<key>Type</key>
					<integer>19</integer>
				</dict>
				<dict>
					<key>Area</key>
					<real>0.0</real>
					<key>Center</key>
					<string>(0.000000, 0.000000, 0.000000)</string>
					<key>Dev</key>
					<real>0.0</real>
					<key>IndexInImage</key>
					<integer>51</integer>
					<key>Max</key>
					<real>1551</real>
					<key>Mean</key>
					<real>1551</real>
					<key>Min</key>
					<real>1551</real>
					<key>Name</key>
					<string>Calcification</string>
					<key>NumberOfPoints</key>
					<integer>1</integer>
					<key>Point_mm</key>
					<array>
						<string>(0.000000, 0.000000, 0.000000)</string>
					</array>
					<key>Point_px</key>
					<array>
						<string>(43.975300, 2447.629883)</string>
					</array>
					<key>Total</key>
					<real>1551</real>
					<key>Type</key>
					<integer>19</integer>
				</dict>
			</array>
		</dict>
	</array>
</dict>
</plist>
