<?xml version="1.0" encoding="UTF-8"?>
<!DOCTYPE plist PUBLIC "-//Apple//DTD PLIST 1.0//EN" "http://www.apple.com/DTDs/PropertyList-1.0.dtd">
<plist version="1.0">
<dict>
	<key>Images</key>
	<array>
		<dict>
			<key>ImageIndex</key>
			<integer>0</integer>
			<key>NumberOfROIs</key>
			<integer>1</integer>
			<key>ROIs</key>
			<array>
				<dict>
					<key>Area</key>
					<real>2.1507294178009033</real>
					<key>Center</key>
					<string>(0.000000, 0.000000, 0.000000)</string>
					<key>Dev</key>
					<real>106.63661956787109</real>
					<key>IndexInImage</key>
					<integer>0</integer>
					<key>Max</key>
					<real>1932</real>
					<key>Mean</key>
					<real>1504.980712890625</real>
					<key>Min</key>
					<real>1171</real>
					<key>Name</key>
					<string>Mass</string>
					<key>NumberOfPoints</key>
					<integer>107</integer>
					<key>Point_mm</key>
					<array>
						<string>(0.000000, 0.000000, 0.000000)</string>
						<string>(0.000000, 0.000000, 0.000000)</string>
						<string>(0.000000, 0.000000, 0.000000)</string>
						<string>(0.000000, 0.000000, 0.000000)</string>
						<string>(0.000000, 0.000000, 0.000000)</string>
						<string>(0.000000, 0.000000, 0.000000)</string>
						<string>(0.000000, 0.000000, 0.000000)</string>
						<string>(0.000000, 0.000000, 0.000000)</string>
						<string>(0.000000, 0.000000, 0.000000)</string>
						<string>(0.000000, 0.000000, 0.000000)</string>
						<string>(0.000000, 0.000000, 0.000000)</string>
						<string>(0.000000, 0.000000, 0.000000)</string>
						<string>(0.000000, 0.000000, 0.000000)</string>
						<string>(0.000000, 0.000000, 0.000000)</string>
						<string>(0.000000, 0.000000, 0.000000)</string>
						<string>(0.000000, 0.000000, 0.000000)</string>
						<string>(0.000000, 0.000000, 0.000000)</string>
						<string>(0.000000, 0.000000, 0.000000)</string>
						<string>(0.000000, 0.000000, 0.000000)</string>
						<string>(0.000000, 0.000000, 0.000000)</string>
						<string>(0.000000, 0.000000, 0.000000)</string>
						<string>(0.000000, 0.000000, 0.000000)</string>
						<string>(0.000000, 0.000000, 0.000000)</string>
						<string>(0.000000, 0.000000, 0.000000)</string>
						<string>(0.000000, 0.000000, 0.000000)</string>
						<string>(0.000000, 0.000000, 0.000000)</string>
						<string>(0.000000, 0.000000, 0.000000)</string>
						<string>(0.000000, 0.000000, 0.000000)</string>
						<string>(0.000000, 0.000000, 0.000000)</string>
						<string>(0.000000, 0.000000, 0.000000)</string>
						<string>(0.000000, 0.000000, 0.000000)</string>
						<string>(0.000000, 0.000000, 0.000000)</string>
						<string>(0.000000, 0.000000, 0.000000)</string>
						<string>(0.000000, 0.000000, 0.000000)</string>
						<string>(0.000000, 0.000000, 0.000000)</string>
						<string>(0.000000, 0.000000, 0.000000)</string>
						<string>(0.000000, 0.000000, 0.000000)</string>
						<string>(0.000000, 0.000000, 0.000000)</string>
						<string>(0.000000, 0.000000, 0.000000)</string>
						<string>(0.000000, 0.000000, 0.000000)</string>
						<string>(0.000000, 0.000000, 0.000000)</string>
						<string>(0.000000, 0.000000, 0.000000)</string>
						<string>(0.000000, 0.000000, 0.000000)</string>
						<string>(0.000000, 0.000000, 0.000000)</string>
						<string>(0.000000, 0.000000, 0.000000)</string>
						<string>(0.000000, 0.000000, 0.000000)</string>
						<string>(0.000000, 0.000000, 0.000000)</string>
						<string>(0.000000, 0.000000, 0.000000)</string>
						<string>(0.000000, 0.000000, 0.000000)</string>
						<string>(0.000000, 0.000000, 0.000000)</string>
						<string>(0.000000, 0.000000, 0.000000)</string>
						<string>(0.000000, 0.000000, 0.000000)</string>
						<string>(0.000000, 0.000000, 0.000000)</string>
						<string>(0.000000, 0.000000, 0.000000)</string>
						<string>(0.000000, 0.000000, 0.000000)</string>
						<string>(0.000000, 0.000000, 0.000000)</string>
						<string>(0.000000, 0.000000, 0.000000)</string>
						<string>(0.000000, 0.000000, 0.000000)</string>
						<string>(0.000000, 0.000000, 0.000000)</string>
						<string>(0.000000, 0.000000, 0.000000)</string>
						<string>(0.000000, 0.000000, 0.000000)</string>
						<string>(0.000000, 0.000000, 0.000000)</string>
						<string>(0.000000, 0.000000, 0.000000)</string>
						<string>(0.000000, 0.000000, 0.000000)</string>
						<string>(0.000000, 0.000000, 0.000000)</string>
						<string>(0.000000, 0.000000, 0.000000)</string>
						<string>(0.000000, 0.000000, 0.000000)</string>
						<string>(0.000000, 0.000000, 0.000000)</string>
						<string>(0.000000, 0.000000, 0.000000)</string>
						<string>(0.000000, 0.000000, 0.000000)</string>
						<string>(0.000000, 0.000000, 0.000000)</string>
						<string>(0.000000, 0.000000, 0.000000)</string>
						<string>(0.000000, 0.000000, 0.000000)</string>
						<string>(0.000000, 0.000000, 0.000000)</string>
						<string>(0.000000, 0.000000, 0.000000)</string>
						<string>(0.000000, 0.000000, 0.000000)</string>
						<string>(0.000000, 0.000000, 0.000000)</string>
						<string>(0.000000, 0.000000, 0.000000)</string>
						<string>(0.000000, 0.000000, 0.000000)</string>
						<string>(0.000000, 0.000000, 0.000000)</string>
						<string>(0.000000, 0.000000, 0.000000)</string>
						<string>(0.000000, 0.000000, 0.000000)</string>
						<string>(0.000000, 0.000000, 0.000000)</string>
						<string>(0.000000, 0.000000, 0.000000)</string>
						<string>(0.000000, 0.000000, 0.000000)</string>
						<string>(0.000000, 0.000000, 0.000000)</string>
						<string>(0.000000, 0.000000, 0.000000)</string>
						<string>(0.000000, 0.000000, 0.000000)</string>
						<string>(0.000000, 0.000000, 0.000000)</string>
						<string>(0.000000, 0.000000, 0.000000)</string>
						<string>(0.000000, 0.000000, 0.000000)</string>
						<string>(0.000000, 0.000000, 0.000000)</string>
						<string>(0.000000, 0.000000, 0.000000)</string>
						<string>(0.000000, 0.000000, 0.000000)</string>
						<string>(0.000000, 0.000000, 0.000000)</string>
						<string>(0.000000, 0.000000, 0.000000)</string>
						<string>(0.000000, 0.000000, 0.000000)</string>
						<string>(0.000000, 0.000000, 0.000000)</string>
						<string>(0.000000, 0.000000, 0.000000)</string>
						<string>(0.000000, 0.000000, 0.000000)</string>
						<string>(0.000000, 0.000000, 0.000000)</string>
						<string>(0.000000, 0.000000, 0.000000)</string>
						<string>(0.000000, 0.000000, 0.000000)</string>
						<string>(0.000000, 0.000000, 0.000000)</string>
						<string>(0.000000, 0.000000, 0.000000)</string>
						<string>(0.000000, 0.000000, 0.000000)</string>
						<string>(0.000000, 0.000000, 0.000000)</string>
					</array>
					<key>Point_px</key>
					<array>
						<string>(2374.929932, 840.914978)</string>
						<string>(2381.330078, 842.744019)</string>
						<string>(2386.810059, 845.030029)</string>
						<string>(2393.669922, 848.687988)</string>
						<string>(2400.530029, 852.346008)</string>
						<string>(2408.409912, 855.244019)</string>
						<string>(2415.800049, 860.169006)</string>
						<string>(2421.959961, 863.862976)</string>
						<string>(2428.110107, 867.557007)</string>
						<string>(2433.040039, 874.945984)</string>
						<string>(2433.469971, 884.530029)</string>
						<string>(2432.780029, 890.728027)</string>
						<string>(2437.600098, 896.237000)</string>
						<string>(2441.040039, 901.057007)</string>
						<string>(2446.580078, 906.960999)</string>
						<string>(2447.820068, 913.117981)</string>
						<string>(2450.280029, 919.275024)</string>
						<string>(2452.739990, 926.663025)</string>
						<string>(2453.110107, 934.189026)</string>
						<string>(2455.399902, 941.047974)</string>
						<string>(2457.229980, 947.448975)</string>
						<string>(2460.889893, 953.393005)</string>
						<string>(2462.590088, 958.679016)</string>
						<string>(2460.889893, 965.281006)</string>
						<string>(2461.800049, 971.224976)</string>
						<string>(2461.800049, 975.796997)</string>
						<string>(2462.260010, 981.741028)</string>
						<string>(2463.820068, 989.463013)</string>
						<string>(2461.699951, 998.158020)</string>
						<string>(2454.810059, 1006.419983)</string>
						<string>(2452.750000, 1014.690002)</string>
						<string>(2449.989990, 1020.200012)</string>
						<string>(2447.820068, 1027.640015)</string>
						<string>(2444.120117, 1033.790039)</string>
						<string>(2440.429932, 1039.949951)</string>
						<string>(2435.500000, 1046.109985)</string>
						<string>(2430.580078, 1052.260010)</string>
						<string>(2428.110107, 1058.420044)</string>
						<string>(2423.189941, 1064.579956)</string>
						<string>(2419.500000, 1070.729980)</string>
						<string>(2413.340088, 1075.660034)</string>
						<string>(2407.179932, 1076.890015)</string>
						<string>(2399.790039, 1078.119995)</string>
						<string>(2392.399902, 1078.119995)</string>
						<string>(2385.020020, 1076.890015)</string>
						<string>(2377.629883, 1076.890015)</string>
						<string>(2370.239990, 1075.660034)</string>
						<string>(2364.080078, 1074.430054)</string>
						<string>(2356.699951, 1073.199951)</string>
						<string>(2350.830078, 1070.469971)</string>
						<string>(2343.149902, 1067.040039)</string>
						<string>(2335.760010, 1064.579956)</string>
						<string>(2328.370117, 1062.109985)</string>
						<string>(2320.989990, 1059.650024)</string>
						<string>(2313.600098, 1057.189941)</string>
						<string>(2306.209961, 1053.489990)</string>
						<string>(2300.050049, 1049.800049)</string>
						<string>(2292.659912, 1044.869995)</string>
						<string>(2286.510010, 1038.719971)</string>
						<string>(2279.120117, 1033.790039)</string>
						<string>(2274.189941, 1027.640015)</string>
						<string>(2268.040039, 1021.479980)</string>
						<string>(2260.649902, 1015.320007)</string>
						<string>(2254.489990, 1010.400024)</string>
						<string>(2252.030029, 1004.239990)</string>
						<string>(2248.330078, 998.083008)</string>
						<string>(2247.100098, 991.926025)</string>
						<string>(2243.409912, 985.768982)</string>
						<string>(2240.949951, 979.612000)</string>
						<string>(2239.709961, 972.223999)</string>
						<string>(2238.479980, 966.067017)</string>
						<string>(2238.479980, 959.909973)</string>
						<string>(2238.479980, 953.752991)</string>
						<string>(2238.479980, 947.596008)</string>
						<string>(2240.949951, 941.440002)</string>
						<string>(2242.179932, 934.051025)</string>
						<string>(2243.409912, 927.895020)</string>
						<string>(2243.409912, 921.737976)</string>
						<string>(2243.409912, 915.580994)</string>
						<string>(2239.949951, 908.632996)</string>
						<string>(2239.949951, 903.812012)</string>
						<string>(2236.020020, 895.879028)</string>
						<string>(2233.760010, 890.039001)</string>
						<string>(2237.199951, 882.463989)</string>
						<string>(2245.459961, 879.020996)</string>
						<string>(2244.770020, 874.888977)</string>
						<string>(2242.179932, 868.789001)</string>
						<string>(2240.949951, 862.632019)</string>
						<string>(2244.639893, 856.474976)</string>
						<string>(2250.800049, 855.244019)</string>
						<string>(2258.189941, 854.012024)</string>
						<string>(2265.570068, 850.317993)</string>
						<string>(2272.959961, 846.624023)</string>
						<string>(2281.580078, 841.698975)</string>
						<string>(2288.969971, 838.005005)</string>
						<string>(2293.899902, 831.848022)</string>
						<string>(2302.229980, 829.484985)</string>
						<string>(2307.709961, 829.026978)</string>
						<string>(2314.830078, 825.690979)</string>
						<string>(2322.219971, 825.690979)</string>
						<string>(2329.600098, 825.690979)</string>
						<string>(2336.989990, 825.690979)</string>
						<string>(2344.379883, 828.153992)</string>
						<string>(2352.889893, 832.192017)</string>
						<string>(2360.469971, 835.635010)</string>
						<string>(2364.600098, 837.700989)</string>
						<string>(2369.899902, 840.458008)</string>
					</array>
					<key>Total</key>
					<real>66527672</real>
					<key>Type</key>
					<integer>15</integer>
				</dict>
			</array>
		</dict>
	</array>
</dict>
</plist>
