<?xml version="1.0" encoding="UTF-8"?>
<!DOCTYPE plist PUBLIC "-//Apple//DTD PLIST 1.0//EN" "http://www.apple.com/DTDs/PropertyList-1.0.dtd">
<plist version="1.0">
<dict>
	<key>Images</key>
	<array>
		<dict>
			<key>ImageIndex</key>
			<integer>0</integer>
			<key>NumberOfROIs</key>
			<integer>22</integer>
			<key>ROIs</key>
			<array>
				<dict>
					<key>Area</key>
					<real>0.089014627039432526</real>
					<key>Center</key>
					<string>(0.000000, 0.000000, 0.000000)</string>
					<key>Dev</key>
					<real>600.44219970703125</real>
					<key>IndexInImage</key>
					<integer>0</integer>
					<key>Max</key>
					<real>4070</real>
					<key>Mean</key>
					<real>3170.249267578125</real>
					<key>Min</key>
					<real>1364</real>
					<key>Name</key>
					<string>Calcification</string>
					<key>NumberOfPoints</key>
					<integer>54</integer>
					<key>Point_mm</key>
					<array>
						<string>(0.000000, 0.000000, 0.000000)</string>
						<string>(0.000000, 0.000000, 0.000000)</string>
						<string>(0.000000, 0.000000, 0.000000)</string>
						<string>(0.000000, 0.000000, 0.000000)</string>
						<string>(0.000000, 0.000000, 0.000000)</string>
						<string>(0.000000, 0.000000, 0.000000)</string>
						<string>(0.000000, 0.000000, 0.000000)</string>
						<string>(0.000000, 0.000000, 0.000000)</string>
						<string>(0.000000, 0.000000, 0.000000)</string>
						<string>(0.000000, 0.000000, 0.000000)</string>
						<string>(0.000000, 0.000000, 0.000000)</string>
						<string>(0.000000, 0.000000, 0.000000)</string>
						<string>(0.000000, 0.000000, 0.000000)</string>
						<string>(0.000000, 0.000000, 0.000000)</string>
						<string>(0.000000, 0.000000, 0.000000)</string>
						<string>(0.000000, 0.000000, 0.000000)</string>
						<string>(0.000000, 0.000000, 0.000000)</string>
						<string>(0.000000, 0.000000, 0.000000)</string>
						<string>(0.000000, 0.000000, 0.000000)</string>
						<string>(0.000000, 0.000000, 0.000000)</string>
						<string>(0.000000, 0.000000, 0.000000)</string>
						<string>(0.000000, 0.000000, 0.000000)</string>
						<string>(0.000000, 0.000000, 0.000000)</string>
						<string>(0.000000, 0.000000, 0.000000)</string>
						<string>(0.000000, 0.000000, 0.000000)</string>
						<string>(0.000000, 0.000000, 0.000000)</string>
						<string>(0.000000, 0.000000, 0.000000)</string>
						<string>(0.000000, 0.000000, 0.000000)</string>
						<string>(0.000000, 0.000000, 0.000000)</string>
						<string>(0.000000, 0.000000, 0.000000)</string>
						<string>(0.000000, 0.000000, 0.000000)</string>
						<string>(0.000000, 0.000000, 0.000000)</string>
						<string>(0.000000, 0.000000, 0.000000)</string>
						<string>(0.000000, 0.000000, 0.000000)</string>
						<string>(0.000000, 0.000000, 0.000000)</string>
						<string>(0.000000, 0.000000, 0.000000)</string>
						<string>(0.000000, 0.000000, 0.000000)</string>
						<string>(0.000000, 0.000000, 0.000000)</string>
						<string>(0.000000, 0.000000, 0.000000)</string>
						<string>(0.000000, 0.000000, 0.000000)</string>
						<string>(0.000000, 0.000000, 0.000000)</string>
						<string>(0.000000, 0.000000, 0.000000)</string>
						<string>(0.000000, 0.000000, 0.000000)</string>
						<string>(0.000000, 0.000000, 0.000000)</string>
						<string>(0.000000, 0.000000, 0.000000)</string>
						<string>(0.000000, 0.000000, 0.000000)</string>
						<string>(0.000000, 0.000000, 0.000000)</string>
						<string>(0.000000, 0.000000, 0.000000)</string>
						<string>(0.000000, 0.000000, 0.000000)</string>
						<string>(0.000000, 0.000000, 0.000000)</string>
						<string>(0.000000, 0.000000, 0.000000)</string>
						<string>(0.000000, 0.000000, 0.000000)</string>
						<string>(0.000000, 0.000000, 0.000000)</string>
						<string>(0.000000, 0.000000, 0.000000)</string>
					</array>
					<key>Point_px</key>
					<array>
						<string>(2033.510010, 1669.579956)</string>
						<string>(2034.709961, 1667.170044)</string>
						<string>(2037.280029, 1665.280029)</string>
						<string>(2040.030029, 1664.939941)</string>
						<string>(2042.780029, 1663.219971)</string>
						<string>(2045.530029, 1661.329956)</string>
						<string>(2047.420044, 1658.579956)</string>
						<string>(2048.449951, 1656.010010)</string>
						<string>(2050.860107, 1655.150024)</string>
						<string>(2053.429932, 1654.979980)</string>
						<string>(2056.520020, 1654.810059)</string>
						<string>(2059.270020, 1654.810059)</string>
						<string>(2060.300049, 1657.380005)</string>
						<string>(2063.399902, 1658.069946)</string>
						<string>(2065.800049, 1659.099976)</string>
						<string>(2068.550049, 1660.650024)</string>
						<string>(2070.949951, 1663.219971)</string>
						<string>(2073.699951, 1664.770020)</string>
						<string>(2076.110107, 1666.140015)</string>
						<string>(2078.000000, 1668.550049)</string>
						<string>(2078.679932, 1671.119995)</string>
						<string>(2079.719971, 1673.869995)</string>
						<string>(2080.060059, 1676.619995)</string>
						<string>(2080.060059, 1679.369995)</string>
						<string>(2080.060059, 1681.599976)</string>
						<string>(2079.199951, 1684.520020)</string>
						<string>(2077.830078, 1686.930054)</string>
						<string>(2075.939941, 1689.680054)</string>
						<string>(2073.870117, 1691.910034)</string>
						<string>(2071.129883, 1692.939941)</string>
						<string>(2068.030029, 1694.140015)</string>
						<string>(2065.800049, 1695.349976)</string>
						<string>(2063.399902, 1696.209961)</string>
						<string>(2060.300049, 1697.060059)</string>
						<string>(2057.899902, 1697.750000)</string>
						<string>(2054.979980, 1698.270020)</string>
						<string>(2051.889893, 1699.300049)</string>
						<string>(2048.969971, 1699.300049)</string>
						<string>(2046.219971, 1700.500000)</string>
						<string>(2043.640015, 1700.500000)</string>
						<string>(2041.060059, 1700.500000)</string>
						<string>(2038.489990, 1700.670044)</string>
						<string>(2035.739990, 1699.300049)</string>
						<string>(2032.989990, 1698.439941)</string>
						<string>(2030.239990, 1696.030029)</string>
						<string>(2028.520020, 1693.459961)</string>
						<string>(2027.150024, 1690.709961)</string>
						<string>(2026.459961, 1687.959961)</string>
						<string>(2025.949951, 1685.209961)</string>
						<string>(2025.430054, 1682.459961)</string>
						<string>(2025.430054, 1679.709961)</string>
						<string>(2026.459961, 1676.969971)</string>
						<string>(2027.150024, 1674.390015)</string>
						<string>(2029.729980, 1671.640015)</string>
					</array>
					<key>Total</key>
					<real>5903004</real>
					<key>Type</key>
					<integer>15</integer>
				</dict>
				<dict>
					<key>Area</key>
					<real>0.0</real>
					<key>Center</key>
					<string>(0.000000, 0.000000, 0.000000)</string>
					<key>Dev</key>
					<real>0.0</real>
					<key>IndexInImage</key>
					<integer>1</integer>
					<key>Max</key>
					<real>1684</real>
					<key>Mean</key>
					<real>1684</real>
					<key>Min</key>
					<real>1684</real>
					<key>Name</key>
					<string>Calcification</string>
					<key>NumberOfPoints</key>
					<integer>1</integer>
					<key>Point_mm</key>
					<array>
						<string>(0.000000, 0.000000, 0.000000)</string>
					</array>
					<key>Point_px</key>
					<array>
						<string>(1954.060059, 1690.270020)</string>
					</array>
					<key>Total</key>
					<real>1684</real>
					<key>Type</key>
					<integer>19</integer>
				</dict>
				<dict>
					<key>Area</key>
					<real>0.0010044999653473496</real>
					<key>Center</key>
					<string>(0.000000, 0.000000, 0.000000)</string>
					<key>Dev</key>
					<real>157.29887390136719</real>
					<key>IndexInImage</key>
					<integer>2</integer>
					<key>Max</key>
					<real>2280</real>
					<key>Mean</key>
					<real>2004.25</real>
					<key>Min</key>
					<real>1726</real>
					<key>Name</key>
					<string>Calcification</string>
					<key>NumberOfPoints</key>
					<integer>4</integer>
					<key>Point_mm</key>
					<array>
						<string>(0.000000, 0.000000, 0.000000)</string>
						<string>(0.000000, 0.000000, 0.000000)</string>
						<string>(0.000000, 0.000000, 0.000000)</string>
						<string>(0.000000, 0.000000, 0.000000)</string>
					</array>
					<key>Point_px</key>
					<array>
						<string>(1791.719971, 1625.579956)</string>
						<string>(1795.849976, 1623.250000)</string>
						<string>(1797.400024, 1626.869995)</string>
						<string>(1794.560059, 1627.640015)</string>
					</array>
					<key>Total</key>
					<real>56119</real>
					<key>Type</key>
					<integer>15</integer>
				</dict>
				<dict>
					<key>Area</key>
					<real>0.0</real>
					<key>Center</key>
					<string>(0.000000, 0.000000, 0.000000)</string>
					<key>Dev</key>
					<real>0.0</real>
					<key>IndexInImage</key>
					<integer>3</integer>
					<key>Max</key>
					<real>2000</real>
					<key>Mean</key>
					<real>2000</real>
					<key>Min</key>
					<real>2000</real>
					<key>Name</key>
					<string>Calcification</string>
					<key>NumberOfPoints</key>
					<integer>1</integer>
					<key>Point_mm</key>
					<array>
						<string>(0.000000, 0.000000, 0.000000)</string>
					</array>
					<key>Point_px</key>
					<array>
						<string>(1890.541382, 1609.270874)</string>
					</array>
					<key>Total</key>
					<real>2000</real>
					<key>Type</key>
					<integer>19</integer>
				</dict>
				<dict>
					<key>Area</key>
					<real>0.0</real>
					<key>Center</key>
					<string>(0.000000, 0.000000, 0.000000)</string>
					<key>Dev</key>
					<real>0.0</real>
					<key>IndexInImage</key>
					<integer>4</integer>
					<key>Max</key>
					<real>2018</real>
					<key>Mean</key>
					<real>2018</real>
					<key>Min</key>
					<real>2018</real>
					<key>Name</key>
					<string>Calcification</string>
					<key>NumberOfPoints</key>
					<integer>1</integer>
					<key>Point_mm</key>
					<array>
						<string>(0.000000, 0.000000, 0.000000)</string>
					</array>
					<key>Point_px</key>
					<array>
						<string>(1855.573730, 1635.310547)</string>
					</array>
					<key>Total</key>
					<real>2018</real>
					<key>Type</key>
					<integer>19</integer>
				</dict>
				<dict>
					<key>Area</key>
					<real>0.0</real>
					<key>Center</key>
					<string>(0.000000, 0.000000, 0.000000)</string>
					<key>Dev</key>
					<real>0.0</real>
					<key>IndexInImage</key>
					<integer>5</integer>
					<key>Max</key>
					<real>1917</real>
					<key>Mean</key>
					<real>1917</real>
					<key>Min</key>
					<real>1917</real>
					<key>Name</key>
					<string>Calcification</string>
					<key>NumberOfPoints</key>
					<integer>1</integer>
					<key>Point_mm</key>
					<array>
						<string>(0.000000, 0.000000, 0.000000)</string>
					</array>
					<key>Point_px</key>
					<array>
						<string>(1866.733643, 1638.286621)</string>
					</array>
					<key>Total</key>
					<real>1917</real>
					<key>Type</key>
					<integer>19</integer>
				</dict>
				<dict>
					<key>Area</key>
					<real>0.0</real>
					<key>Center</key>
					<string>(0.000000, 0.000000, 0.000000)</string>
					<key>Dev</key>
					<real>0.0</real>
					<key>IndexInImage</key>
					<integer>6</integer>
					<key>Max</key>
					<real>1581</real>
					<key>Mean</key>
					<real>1581</real>
					<key>Min</key>
					<real>1581</real>
					<key>Name</key>
					<string>Calcification</string>
					<key>NumberOfPoints</key>
					<integer>1</integer>
					<key>Point_mm</key>
					<array>
						<string>(0.000000, 0.000000, 0.000000)</string>
					</array>
					<key>Point_px</key>
					<array>
						<string>(1912.861206, 1646.470459)</string>
					</array>
					<key>Total</key>
					<real>1581</real>
					<key>Type</key>
					<integer>19</integer>
				</dict>
				<dict>
					<key>Area</key>
					<real>0.0</real>
					<key>Center</key>
					<string>(0.000000, 0.000000, 0.000000)</string>
					<key>Dev</key>
					<real>0.0</real>
					<key>IndexInImage</key>
					<integer>7</integer>
					<key>Max</key>
					<real>1650</real>
					<key>Mean</key>
					<real>1650</real>
					<key>Min</key>
					<real>1650</real>
					<key>Name</key>
					<string>Calcification</string>
					<key>NumberOfPoints</key>
					<integer>1</integer>
					<key>Point_mm</key>
					<array>
						<string>(0.000000, 0.000000, 0.000000)</string>
					</array>
					<key>Point_px</key>
					<array>
						<string>(1907.653320, 1650.934326)</string>
					</array>
					<key>Total</key>
					<real>1650</real>
					<key>Type</key>
					<integer>19</integer>
				</dict>
				<dict>
					<key>Area</key>
					<real>0.0</real>
					<key>Center</key>
					<string>(0.000000, 0.000000, 0.000000)</string>
					<key>Dev</key>
					<real>0.0</real>
					<key>IndexInImage</key>
					<integer>8</integer>
					<key>Max</key>
					<real>1812</real>
					<key>Mean</key>
					<real>1812</real>
					<key>Min</key>
					<real>1812</real>
					<key>Name</key>
					<string>Calcification</string>
					<key>NumberOfPoints</key>
					<integer>1</integer>
					<key>Point_mm</key>
					<array>
						<string>(0.000000, 0.000000, 0.000000)</string>
					</array>
					<key>Point_px</key>
					<array>
						<string>(1882.357422, 1643.494507)</string>
					</array>
					<key>Total</key>
					<real>1812</real>
					<key>Type</key>
					<integer>19</integer>
				</dict>
				<dict>
					<key>Area</key>
					<real>0.0</real>
					<key>Center</key>
					<string>(0.000000, 0.000000, 0.000000)</string>
					<key>Dev</key>
					<real>0.0</real>
					<key>IndexInImage</key>
					<integer>9</integer>
					<key>Max</key>
					<real>1827</real>
					<key>Mean</key>
					<real>1827</real>
					<key>Min</key>
					<real>1827</real>
					<key>Name</key>
					<string>Calcification</string>
					<key>NumberOfPoints</key>
					<integer>1</integer>
					<key>Point_mm</key>
					<array>
						<string>(0.000000, 0.000000, 0.000000)</string>
					</array>
					<key>Point_px</key>
					<array>
						<string>(1885.333496, 1650.934448)</string>
					</array>
					<key>Total</key>
					<real>1827</real>
					<key>Type</key>
					<integer>19</integer>
				</dict>
				<dict>
					<key>Area</key>
					<real>0.0</real>
					<key>Center</key>
					<string>(0.000000, 0.000000, 0.000000)</string>
					<key>Dev</key>
					<real>0.0</real>
					<key>IndexInImage</key>
					<integer>10</integer>
					<key>Max</key>
					<real>1934</real>
					<key>Mean</key>
					<real>1934</real>
					<key>Min</key>
					<real>1934</real>
					<key>Name</key>
					<string>Calcification</string>
					<key>NumberOfPoints</key>
					<integer>1</integer>
					<key>Point_mm</key>
					<array>
						<string>(0.000000, 0.000000, 0.000000)</string>
					</array>
					<key>Point_px</key>
					<array>
						<string>(1569.060059, 1764.329956)</string>
					</array>
					<key>Total</key>
					<real>1934</real>
					<key>Type</key>
					<integer>19</integer>
				</dict>
				<dict>
					<key>Area</key>
					<real>0.00038587499875575304</real>
					<key>Center</key>
					<string>(0.000000, 0.000000, 0.000000)</string>
					<key>Dev</key>
					<real>96.93310546875</real>
					<key>IndexInImage</key>
					<integer>11</integer>
					<key>Max</key>
					<real>1992</real>
					<key>Mean</key>
					<real>1854.2142333984375</real>
					<key>Min</key>
					<real>1691</real>
					<key>Name</key>
					<string>Calcification</string>
					<key>NumberOfPoints</key>
					<integer>3</integer>
					<key>Point_mm</key>
					<array>
						<string>(0.000000, 0.000000, 0.000000)</string>
						<string>(0.000000, 0.000000, 0.000000)</string>
						<string>(0.000000, 0.000000, 0.000000)</string>
					</array>
					<key>Point_px</key>
					<array>
						<string>(2038.829956, 1785.359985)</string>
						<string>(2043.300049, 1785.020020)</string>
						<string>(2040.719971, 1786.910034)</string>
					</array>
					<key>Total</key>
					<real>25959</real>
					<key>Type</key>
					<integer>15</integer>
				</dict>
				<dict>
					<key>Area</key>
					<real>0.00095549999969080091</real>
					<key>Center</key>
					<string>(0.000000, 0.000000, 0.000000)</string>
					<key>Dev</key>
					<real>128.37574768066406</real>
					<key>IndexInImage</key>
					<integer>12</integer>
					<key>Max</key>
					<real>2194</real>
					<key>Mean</key>
					<real>1973.7586669921875</real>
					<key>Min</key>
					<real>1761</real>
					<key>Name</key>
					<string>Calcification</string>
					<key>NumberOfPoints</key>
					<integer>5</integer>
					<key>Point_mm</key>
					<array>
						<string>(0.000000, 0.000000, 0.000000)</string>
						<string>(0.000000, 0.000000, 0.000000)</string>
						<string>(0.000000, 0.000000, 0.000000)</string>
						<string>(0.000000, 0.000000, 0.000000)</string>
						<string>(0.000000, 0.000000, 0.000000)</string>
					</array>
					<key>Point_px</key>
					<array>
						<string>(2039.689941, 1778.660034)</string>
						<string>(2037.630005, 1781.069946)</string>
						<string>(2037.800049, 1782.959961)</string>
						<string>(2042.089966, 1781.930054)</string>
						<string>(2042.949951, 1779.520020)</string>
					</array>
					<key>Total</key>
					<real>57239</real>
					<key>Type</key>
					<integer>15</integer>
				</dict>
				<dict>
					<key>Area</key>
					<real>0.0</real>
					<key>Center</key>
					<string>(0.000000, 0.000000, 0.000000)</string>
					<key>Dev</key>
					<real>0.0</real>
					<key>IndexInImage</key>
					<integer>13</integer>
					<key>Max</key>
					<real>1987</real>
					<key>Mean</key>
					<real>1987</real>
					<key>Min</key>
					<real>1987</real>
					<key>Name</key>
					<string>Calcification</string>
					<key>NumberOfPoints</key>
					<integer>1</integer>
					<key>Point_mm</key>
					<array>
						<string>(0.000000, 0.000000, 0.000000)</string>
					</array>
					<key>Point_px</key>
					<array>
						<string>(1801.650024, 1889.800049)</string>
					</array>
					<key>Total</key>
					<real>1987</real>
					<key>Type</key>
					<integer>19</integer>
				</dict>
				<dict>
					<key>Area</key>
					<real>0.0</real>
					<key>Center</key>
					<string>(0.000000, 0.000000, 0.000000)</string>
					<key>Dev</key>
					<real>0.0</real>
					<key>IndexInImage</key>
					<integer>14</integer>
					<key>Max</key>
					<real>2025</real>
					<key>Mean</key>
					<real>2025</real>
					<key>Min</key>
					<real>2025</real>
					<key>Name</key>
					<string>Calcification</string>
					<key>NumberOfPoints</key>
					<integer>1</integer>
					<key>Point_mm</key>
					<array>
						<string>(0.000000, 0.000000, 0.000000)</string>
					</array>
					<key>Point_px</key>
					<array>
						<string>(1826.739990, 1895.930054)</string>
					</array>
					<key>Total</key>
					<real>2025</real>
					<key>Type</key>
					<integer>19</integer>
				</dict>
				<dict>
					<key>Area</key>
					<real>0.0</real>
					<key>Center</key>
					<string>(0.000000, 0.000000, 0.000000)</string>
					<key>Dev</key>
					<real>0.0</real>
					<key>IndexInImage</key>
					<integer>15</integer>
					<key>Max</key>
					<real>1926</real>
					<key>Mean</key>
					<real>1926</real>
					<key>Min</key>
					<real>1926</real>
					<key>Name</key>
					<string>Calcification</string>
					<key>NumberOfPoints</key>
					<integer>1</integer>
					<key>Point_mm</key>
					<array>
						<string>(0.000000, 0.000000, 0.000000)</string>
					</array>
					<key>Point_px</key>
					<array>
						<string>(1909.989990, 1873.890015)</string>
					</array>
					<key>Total</key>
					<real>1926</real>
					<key>Type</key>
					<integer>19</integer>
				</dict>
				<dict>
					<key>Area</key>
					<real>0.0</real>
					<key>Center</key>
					<string>(0.000000, 0.000000, 0.000000)</string>
					<key>Dev</key>
					<real>0.0</real>
					<key>IndexInImage</key>
					<integer>16</integer>
					<key>Max</key>
					<real>1859</real>
					<key>Mean</key>
					<real>1859</real>
					<key>Min</key>
					<real>1859</real>
					<key>Name</key>
					<string>Calcification</string>
					<key>NumberOfPoints</key>
					<integer>1</integer>
					<key>Point_mm</key>
					<array>
						<string>(0.000000, 0.000000, 0.000000)</string>
					</array>
					<key>Point_px</key>
					<array>
						<string>(2071.570068, 1784.530029)</string>
					</array>
					<key>Total</key>
					<real>1859</real>
					<key>Type</key>
					<integer>19</integer>
				</dict>
				<dict>
					<key>Area</key>
					<real>0.0</real>
					<key>Center</key>
					<string>(0.000000, 0.000000, 0.000000)</string>
					<key>Dev</key>
					<real>0.0</real>
					<key>IndexInImage</key>
					<integer>17</integer>
					<key>Max</key>
					<real>1883</real>
					<key>Mean</key>
					<real>1883</real>
					<key>Min</key>
					<real>1883</real>
					<key>Name</key>
					<string>Calcification</string>
					<key>NumberOfPoints</key>
					<integer>1</integer>
					<key>Point_mm</key>
					<array>
						<string>(0.000000, 0.000000, 0.000000)</string>
					</array>
					<key>Point_px</key>
					<array>
						<string>(2102.179932, 1722.709961)</string>
					</array>
					<key>Total</key>
					<real>1883</real>
					<key>Type</key>
					<integer>19</integer>
				</dict>
				<dict>
					<key>Area</key>
					<real>0.0</real>
					<key>Center</key>
					<string>(0.000000, 0.000000, 0.000000)</string>
					<key>Dev</key>
					<real>0.0</real>
					<key>IndexInImage</key>
					<integer>18</integer>
					<key>Max</key>
					<real>1789</real>
					<key>Mean</key>
					<real>1789</real>
					<key>Min</key>
					<real>1789</real>
					<key>Name</key>
					<string>Calcification</string>
					<key>NumberOfPoints</key>
					<integer>1</integer>
					<key>Point_mm</key>
					<array>
						<string>(0.000000, 0.000000, 0.000000)</string>
					</array>
					<key>Point_px</key>
					<array>
						<string>(2138.229980, 988.043030)</string>
					</array>
					<key>Total</key>
					<real>1789</real>
					<key>Type</key>
					<integer>19</integer>
				</dict>
				<dict>
					<key>Area</key>
					<real>0.0</real>
					<key>Center</key>
					<string>(0.000000, 0.000000, 0.000000)</string>
					<key>Dev</key>
					<real>0.0</real>
					<key>IndexInImage</key>
					<integer>19</integer>
					<key>Max</key>
					<real>1753</real>
					<key>Mean</key>
					<real>1753</real>
					<key>Min</key>
					<real>1753</real>
					<key>Name</key>
					<string>Calcification</string>
					<key>NumberOfPoints</key>
					<integer>1</integer>
					<key>Point_mm</key>
					<array>
						<string>(0.000000, 0.000000, 0.000000)</string>
					</array>
					<key>Point_px</key>
					<array>
						<string>(2146.080078, 986.997009)</string>
					</array>
					<key>Total</key>
					<real>1753</real>
					<key>Type</key>
					<integer>19</integer>
				</dict>
				<dict>
					<key>Area</key>
					<real>0.0</real>
					<key>Center</key>
					<string>(0.000000, 0.000000, 0.000000)</string>
					<key>Dev</key>
					<real>0.0</real>
					<key>IndexInImage</key>
					<integer>20</integer>
					<key>Max</key>
					<real>1885</real>
					<key>Mean</key>
					<real>1885</real>
					<key>Min</key>
					<real>1885</real>
					<key>Name</key>
					<string>Calcification</string>
					<key>NumberOfPoints</key>
					<integer>1</integer>
					<key>Point_mm</key>
					<array>
						<string>(0.000000, 0.000000, 0.000000)</string>
					</array>
					<key>Point_px</key>
					<array>
						<string>(1472.359985, 2246.139893)</string>
					</array>
					<key>Total</key>
					<real>1885</real>
					<key>Type</key>
					<integer>19</integer>
				</dict>
				<dict>
					<key>Area</key>
					<real>0.0</real>
					<key>Center</key>
					<string>(0.000000, 0.000000, 0.000000)</string>
					<key>Dev</key>
					<real>0.0</real>
					<key>IndexInImage</key>
					<integer>21</integer>
					<key>Max</key>
					<real>1560</real>
					<key>Mean</key>
					<real>1560</real>
					<key>Min</key>
					<real>1560</real>
					<key>Name</key>
					<string>Calcification</string>
					<key>NumberOfPoints</key>
					<integer>1</integer>
					<key>Point_mm</key>
					<array>
						<string>(0.000000, 0.000000, 0.000000)</string>
					</array>
					<key>Point_px</key>
					<array>
						<string>(1771.520020, 448.739990)</string>
					</array>
					<key>Total</key>
					<real>1560</real>
					<key>Type</key>
					<integer>19</integer>
				</dict>
			</array>
		</dict>
	</array>
</dict>
</plist>
