<?xml version="1.0" encoding="UTF-8"?>
<!DOCTYPE plist PUBLIC "-//Apple//DTD PLIST 1.0//EN" "http://www.apple.com/DTDs/PropertyList-1.0.dtd">
<plist version="1.0">
<dict>
	<key>Images</key>
	<array>
		<dict>
			<key>ImageIndex</key>
			<integer>0</integer>
			<key>NumberOfROIs</key>
			<integer>1</integer>
			<key>ROIs</key>
			<array>
				<dict>
					<key>Area</key>
					<real>0.79361623525619507</real>
					<key>Center</key>
					<string>(0.000000, 0.000000, 0.000000)</string>
					<key>Dev</key>
					<real>114.68321990966797</real>
					<key>IndexInImage</key>
					<integer>0</integer>
					<key>Max</key>
					<real>2262</real>
					<key>Mean</key>
					<real>1663.8055419921875</real>
					<key>Min</key>
					<real>1334</real>
					<key>Name</key>
					<string>Mass</string>
					<key>NumberOfPoints</key>
					<integer>172</integer>
					<key>Point_mm</key>
					<array>
						<string>(0.000000, 0.000000, 0.000000)</string>
						<string>(0.000000, 0.000000, 0.000000)</string>
						<string>(0.000000, 0.000000, 0.000000)</string>
						<string>(0.000000, 0.000000, 0.000000)</string>
						<string>(0.000000, 0.000000, 0.000000)</string>
						<string>(0.000000, 0.000000, 0.000000)</string>
						<string>(0.000000, 0.000000, 0.000000)</string>
						<string>(0.000000, 0.000000, 0.000000)</string>
						<string>(0.000000, 0.000000, 0.000000)</string>
						<string>(0.000000, 0.000000, 0.000000)</string>
						<string>(0.000000, 0.000000, 0.000000)</string>
						<string>(0.000000, 0.000000, 0.000000)</string>
						<string>(0.000000, 0.000000, 0.000000)</string>
						<string>(0.000000, 0.000000, 0.000000)</string>
						<string>(0.000000, 0.000000, 0.000000)</string>
						<string>(0.000000, 0.000000, 0.000000)</string>
						<string>(0.000000, 0.000000, 0.000000)</string>
						<string>(0.000000, 0.000000, 0.000000)</string>
						<string>(0.000000, 0.000000, 0.000000)</string>
						<string>(0.000000, 0.000000, 0.000000)</string>
						<string>(0.000000, 0.000000, 0.000000)</string>
						<string>(0.000000, 0.000000, 0.000000)</string>
						<string>(0.000000, 0.000000, 0.000000)</string>
						<string>(0.000000, 0.000000, 0.000000)</string>
						<string>(0.000000, 0.000000, 0.000000)</string>
						<string>(0.000000, 0.000000, 0.000000)</string>
						<string>(0.000000, 0.000000, 0.000000)</string>
						<string>(0.000000, 0.000000, 0.000000)</string>
						<string>(0.000000, 0.000000, 0.000000)</string>
						<string>(0.000000, 0.000000, 0.000000)</string>
						<string>(0.000000, 0.000000, 0.000000)</string>
						<string>(0.000000, 0.000000, 0.000000)</string>
						<string>(0.000000, 0.000000, 0.000000)</string>
						<string>(0.000000, 0.000000, 0.000000)</string>
						<string>(0.000000, 0.000000, 0.000000)</string>
						<string>(0.000000, 0.000000, 0.000000)</string>
						<string>(0.000000, 0.000000, 0.000000)</string>
						<string>(0.000000, 0.000000, 0.000000)</string>
						<string>(0.000000, 0.000000, 0.000000)</string>
						<string>(0.000000, 0.000000, 0.000000)</string>
						<string>(0.000000, 0.000000, 0.000000)</string>
						<string>(0.000000, 0.000000, 0.000000)</string>
						<string>(0.000000, 0.000000, 0.000000)</string>
						<string>(0.000000, 0.000000, 0.000000)</string>
						<string>(0.000000, 0.000000, 0.000000)</string>
						<string>(0.000000, 0.000000, 0.000000)</string>
						<string>(0.000000, 0.000000, 0.000000)</string>
						<string>(0.000000, 0.000000, 0.000000)</string>
						<string>(0.000000, 0.000000, 0.000000)</string>
						<string>(0.000000, 0.000000, 0.000000)</string>
						<string>(0.000000, 0.000000, 0.000000)</string>
						<string>(0.000000, 0.000000, 0.000000)</string>
						<string>(0.000000, 0.000000, 0.000000)</string>
						<string>(0.000000, 0.000000, 0.000000)</string>
						<string>(0.000000, 0.000000, 0.000000)</string>
						<string>(0.000000, 0.000000, 0.000000)</string>
						<string>(0.000000, 0.000000, 0.000000)</string>
						<string>(0.000000, 0.000000, 0.000000)</string>
						<string>(0.000000, 0.000000, 0.000000)</string>
						<string>(0.000000, 0.000000, 0.000000)</string>
						<string>(0.000000, 0.000000, 0.000000)</string>
						<string>(0.000000, 0.000000, 0.000000)</string>
						<string>(0.000000, 0.000000, 0.000000)</string>
						<string>(0.000000, 0.000000, 0.000000)</string>
						<string>(0.000000, 0.000000, 0.000000)</string>
						<string>(0.000000, 0.000000, 0.000000)</string>
						<string>(0.000000, 0.000000, 0.000000)</string>
						<string>(0.000000, 0.000000, 0.000000)</string>
						<string>(0.000000, 0.000000, 0.000000)</string>
						<string>(0.000000, 0.000000, 0.000000)</string>
						<string>(0.000000, 0.000000, 0.000000)</string>
						<string>(0.000000, 0.000000, 0.000000)</string>
						<string>(0.000000, 0.000000, 0.000000)</string>
						<string>(0.000000, 0.000000, 0.000000)</string>
						<string>(0.000000, 0.000000, 0.000000)</string>
						<string>(0.000000, 0.000000, 0.000000)</string>
						<string>(0.000000, 0.000000, 0.000000)</string>
						<string>(0.000000, 0.000000, 0.000000)</string>
						<string>(0.000000, 0.000000, 0.000000)</string>
						<string>(0.000000, 0.000000, 0.000000)</string>
						<string>(0.000000, 0.000000, 0.000000)</string>
						<string>(0.000000, 0.000000, 0.000000)</string>
						<string>(0.000000, 0.000000, 0.000000)</string>
						<string>(0.000000, 0.000000, 0.000000)</string>
						<string>(0.000000, 0.000000, 0.000000)</string>
						<string>(0.000000, 0.000000, 0.000000)</string>
						<string>(0.000000, 0.000000, 0.000000)</string>
						<string>(0.000000, 0.000000, 0.000000)</string>
						<string>(0.000000, 0.000000, 0.000000)</string>
						<string>(0.000000, 0.000000, 0.000000)</string>
						<string>(0.000000, 0.000000, 0.000000)</string>
						<string>(0.000000, 0.000000, 0.000000)</string>
						<string>(0.000000, 0.000000, 0.000000)</string>
						<string>(0.000000, 0.000000, 0.000000)</string>
						<string>(0.000000, 0.000000, 0.000000)</string>
						<string>(0.000000, 0.000000, 0.000000)</string>
						<string>(0.000000, 0.000000, 0.000000)</string>
						<string>(0.000000, 0.000000, 0.000000)</string>
						<string>(0.000000, 0.000000, 0.000000)</string>
						<string>(0.000000, 0.000000, 0.000000)</string>
						<string>(0.000000, 0.000000, 0.000000)</string>
						<string>(0.000000, 0.000000, 0.000000)</string>
						<string>(0.000000, 0.000000, 0.000000)</string>
						<string>(0.000000, 0.000000, 0.000000)</string>
						<string>(0.000000, 0.000000, 0.000000)</string>
						<string>(0.000000, 0.000000, 0.000000)</string>
						<string>(0.000000, 0.000000, 0.000000)</string>
						<string>(0.000000, 0.000000, 0.000000)</string>
						<string>(0.000000, 0.000000, 0.000000)</string>
						<string>(0.000000, 0.000000, 0.000000)</string>
						<string>(0.000000, 0.000000, 0.000000)</string>
						<string>(0.000000, 0.000000, 0.000000)</string>
						<string>(0.000000, 0.000000, 0.000000)</string>
						<string>(0.000000, 0.000000, 0.000000)</string>
						<string>(0.000000, 0.000000, 0.000000)</string>
						<string>(0.000000, 0.000000, 0.000000)</string>
						<string>(0.000000, 0.000000, 0.000000)</string>
						<string>(0.000000, 0.000000, 0.000000)</string>
						<string>(0.000000, 0.000000, 0.000000)</string>
						<string>(0.000000, 0.000000, 0.000000)</string>
						<string>(0.000000, 0.000000, 0.000000)</string>
						<string>(0.000000, 0.000000, 0.000000)</string>
						<string>(0.000000, 0.000000, 0.000000)</string>
						<string>(0.000000, 0.000000, 0.000000)</string>
						<string>(0.000000, 0.000000, 0.000000)</string>
						<string>(0.000000, 0.000000, 0.000000)</string>
						<string>(0.000000, 0.000000, 0.000000)</string>
						<string>(0.000000, 0.000000, 0.000000)</string>
						<string>(0.000000, 0.000000, 0.000000)</string>
						<string>(0.000000, 0.000000, 0.000000)</string>
						<string>(0.000000, 0.000000, 0.000000)</string>
						<string>(0.000000, 0.000000, 0.000000)</string>
						<string>(0.000000, 0.000000, 0.000000)</string>
						<string>(0.000000, 0.000000, 0.000000)</string>
						<string>(0.000000, 0.000000, 0.000000)</string>
						<string>(0.000000, 0.000000, 0.000000)</string>
						<string>(0.000000, 0.000000, 0.000000)</string>
						<string>(0.000000, 0.000000, 0.000000)</string>
						<string>(0.000000, 0.000000, 0.000000)</string>
						<string>(0.000000, 0.000000, 0.000000)</string>
						<string>(0.000000, 0.000000, 0.000000)</string>
						<string>(0.000000, 0.000000, 0.000000)</string>
						<string>(0.000000, 0.000000, 0.000000)</string>
						<string>(0.000000, 0.000000, 0.000000)</string>
						<string>(0.000000, 0.000000, 0.000000)</string>
						<string>(0.000000, 0.000000, 0.000000)</string>
						<string>(0.000000, 0.000000, 0.000000)</string>
						<string>(0.000000, 0.000000, 0.000000)</string>
						<string>(0.000000, 0.000000, 0.000000)</string>
						<string>(0.000000, 0.000000, 0.000000)</string>
						<string>(0.000000, 0.000000, 0.000000)</string>
						<string>(0.000000, 0.000000, 0.000000)</string>
						<string>(0.000000, 0.000000, 0.000000)</string>
						<string>(0.000000, 0.000000, 0.000000)</string>
						<string>(0.000000, 0.000000, 0.000000)</string>
						<string>(0.000000, 0.000000, 0.000000)</string>
						<string>(0.000000, 0.000000, 0.000000)</string>
						<string>(0.000000, 0.000000, 0.000000)</string>
						<string>(0.000000, 0.000000, 0.000000)</string>
						<string>(0.000000, 0.000000, 0.000000)</string>
						<string>(0.000000, 0.000000, 0.000000)</string>
						<string>(0.000000, 0.000000, 0.000000)</string>
						<string>(0.000000, 0.000000, 0.000000)</string>
						<string>(0.000000, 0.000000, 0.000000)</string>
						<string>(0.000000, 0.000000, 0.000000)</string>
						<string>(0.000000, 0.000000, 0.000000)</string>
						<string>(0.000000, 0.000000, 0.000000)</string>
						<string>(0.000000, 0.000000, 0.000000)</string>
						<string>(0.000000, 0.000000, 0.000000)</string>
						<string>(0.000000, 0.000000, 0.000000)</string>
						<string>(0.000000, 0.000000, 0.000000)</string>
						<string>(0.000000, 0.000000, 0.000000)</string>
					</array>
					<key>Point_px</key>
					<array>
						<string>(2177.540039, 2647.100098)</string>
						<string>(2177.540039, 2644.330078)</string>
						<string>(2177.540039, 2642.020020)</string>
						<string>(2178.000000, 2639.250000)</string>
						<string>(2178.000000, 2636.479980)</string>
						<string>(2178.000000, 2633.699951)</string>
						<string>(2178.000000, 2631.389893)</string>
						<string>(2177.540039, 2628.159912)</string>
						<string>(2176.620117, 2625.389893)</string>
						<string>(2175.229980, 2622.620117)</string>
						<string>(2172.459961, 2620.770020)</string>
						<string>(2169.689941, 2618.459961)</string>
						<string>(2166.919922, 2616.610107)</string>
						<string>(2164.600098, 2614.760010)</string>
						<string>(2162.300049, 2612.449951)</string>
						<string>(2160.219971, 2610.739990)</string>
						<string>(2157.300049, 2609.290039)</string>
						<string>(2153.979980, 2608.760010)</string>
						<string>(2151.209961, 2608.300049)</string>
						<string>(2148.439941, 2608.300049)</string>
						<string>(2145.659912, 2607.830078)</string>
						<string>(2142.889893, 2607.830078)</string>
						<string>(2140.580078, 2607.370117)</string>
						<string>(2137.810059, 2606.909912)</string>
						<string>(2135.040039, 2606.909912)</string>
						<string>(2132.270020, 2606.909912)</string>
						<string>(2129.959961, 2606.909912)</string>
						<string>(2127.179932, 2606.909912)</string>
						<string>(2124.409912, 2606.909912)</string>
						<string>(2121.639893, 2606.909912)</string>
						<string>(2119.330078, 2606.909912)</string>
						<string>(2116.560059, 2606.909912)</string>
						<string>(2113.790039, 2606.909912)</string>
						<string>(2111.020020, 2605.520020)</string>
						<string>(2108.709961, 2604.600098)</string>
						<string>(2105.929932, 2604.139893)</string>
						<string>(2103.620117, 2603.679932)</string>
						<string>(2100.850098, 2603.679932)</string>
						<string>(2098.540039, 2603.679932)</string>
						<string>(2095.770020, 2603.679932)</string>
						<string>(2093.000000, 2603.679932)</string>
						<string>(2090.229980, 2603.679932)</string>
						<string>(2087.919922, 2604.139893)</string>
						<string>(2085.139893, 2605.060059)</string>
						<string>(2082.370117, 2605.520020)</string>
						<string>(2079.600098, 2605.989990)</string>
						<string>(2077.409912, 2607.510010)</string>
						<string>(2075.219971, 2608.500000)</string>
						<string>(2073.060059, 2609.070068)</string>
						<string>(2070.310059, 2610.449951)</string>
						<string>(2067.449951, 2611.290039)</string>
						<string>(2064.659912, 2611.489990)</string>
						<string>(2062.669922, 2611.889893)</string>
						<string>(2060.479980, 2612.489990)</string>
						<string>(2058.090088, 2612.879883)</string>
						<string>(2055.159912, 2614.350098)</string>
						<string>(2053.090088, 2615.719971)</string>
						<string>(2050.570068, 2616.870117)</string>
						<string>(2046.339966, 2618.000000)</string>
						<string>(2043.000000, 2619.860107)</string>
						<string>(2040.930054, 2621.689941)</string>
						<string>(2037.560059, 2623.080078)</string>
						<string>(2035.250000, 2624.929932)</string>
						<string>(2032.479980, 2626.770020)</string>
						<string>(2030.599976, 2628.580078)</string>
						<string>(2027.859985, 2630.469971)</string>
						<string>(2025.089966, 2631.860107)</string>
						<string>(2022.780029, 2633.239990)</string>
						<string>(2020.010010, 2635.090088)</string>
						<string>(2017.979980, 2637.300049)</string>
						<string>(2015.829956, 2639.129883)</string>
						<string>(2013.280029, 2640.899902)</string>
						<string>(2011.510010, 2642.659912)</string>
						<string>(2010.530029, 2644.300049)</string>
						<string>(2009.260010, 2647.169922)</string>
						<string>(2008.459961, 2649.870117)</string>
						<string>(2008.459961, 2652.649902)</string>
						<string>(2007.069946, 2654.959961)</string>
						<string>(2004.300049, 2657.270020)</string>
						<string>(2001.989990, 2658.649902)</string>
						<string>(1999.219971, 2660.500000)</string>
						<string>(1997.979980, 2662.679932)</string>
						<string>(1994.599976, 2663.729980)</string>
						<string>(1992.729980, 2665.889893)</string>
						<string>(1989.979980, 2667.429932)</string>
						<string>(1988.650024, 2670.560059)</string>
						<string>(1986.900024, 2672.899902)</string>
						<string>(1986.020020, 2675.229980)</string>
						<string>(1984.430054, 2678.050049)</string>
						<string>(1983.510010, 2680.830078)</string>
						<string>(1983.510010, 2683.139893)</string>
						<string>(1983.510010, 2685.909912)</string>
						<string>(1984.430054, 2688.679932)</string>
						<string>(1986.739990, 2690.989990)</string>
						<string>(1988.130005, 2693.300049)</string>
						<string>(1990.439941, 2695.149902)</string>
						<string>(1993.209961, 2697.000000)</string>
						<string>(1995.520020, 2698.840088)</string>
						<string>(1997.829956, 2700.229980)</string>
						<string>(2000.599976, 2701.620117)</string>
						<string>(2002.910034, 2702.540039)</string>
						<string>(2005.680054, 2703.929932)</string>
						<string>(2007.989990, 2705.770020)</string>
						<string>(2010.770020, 2706.699951)</string>
						<string>(2013.079956, 2707.159912)</string>
						<string>(2015.849976, 2707.620117)</string>
						<string>(2018.989990, 2707.330078)</string>
						<string>(2022.199951, 2709.080078)</string>
						<string>(2023.079956, 2711.409912)</string>
						<string>(2024.829956, 2713.449951)</string>
						<string>(2027.750000, 2714.330078)</string>
						<string>(2031.060059, 2715.560059)</string>
						<string>(2034.040039, 2716.709961)</string>
						<string>(2036.800049, 2716.939941)</string>
						<string>(2039.089966, 2716.939941)</string>
						<string>(2041.390015, 2717.169922)</string>
						<string>(2043.910034, 2717.629883)</string>
						<string>(2046.209961, 2716.939941)</string>
						<string>(2049.419922, 2716.939941)</string>
						<string>(2051.419922, 2716.860107)</string>
						<string>(2054.189941, 2717.320068)</string>
						<string>(2056.959961, 2717.780029)</string>
						<string>(2059.520020, 2718.550049)</string>
						<string>(2062.050049, 2718.250000)</string>
						<string>(2064.820068, 2718.709961)</string>
						<string>(2067.590088, 2718.709961)</string>
						<string>(2070.360107, 2718.709961)</string>
						<string>(2072.669922, 2718.709961)</string>
						<string>(2075.439941, 2718.709961)</string>
						<string>(2078.219971, 2718.709961)</string>
						<string>(2080.989990, 2718.709961)</string>
						<string>(2083.760010, 2718.250000)</string>
						<string>(2086.530029, 2717.780029)</string>
						<string>(2089.300049, 2717.780029)</string>
						<string>(2092.070068, 2716.860107)</string>
						<string>(2094.850098, 2715.939941)</string>
						<string>(2097.159912, 2715.469971)</string>
						<string>(2099.929932, 2715.010010)</string>
						<string>(2102.699951, 2714.550049)</string>
						<string>(2105.469971, 2713.629883)</string>
						<string>(2107.780029, 2712.239990)</string>
						<string>(2110.550049, 2711.320068)</string>
						<string>(2113.330078, 2710.389893)</string>
						<string>(2116.100098, 2708.540039)</string>
						<string>(2118.409912, 2706.699951)</string>
						<string>(2121.179932, 2704.389893)</string>
						<string>(2123.489990, 2703.000000)</string>
						<string>(2126.080078, 2702.020020)</string>
						<string>(2128.709961, 2700.030029)</string>
						<string>(2131.620117, 2698.570068)</string>
						<string>(2133.879883, 2697.429932)</string>
						<string>(2135.719971, 2695.360107)</string>
						<string>(2138.239990, 2693.760010)</string>
						<string>(2141.459961, 2692.149902)</string>
						<string>(2144.280029, 2690.530029)</string>
						<string>(2146.590088, 2688.219971)</string>
						<string>(2149.360107, 2686.370117)</string>
						<string>(2152.129883, 2684.520020)</string>
						<string>(2154.899902, 2682.209961)</string>
						<string>(2157.209961, 2680.360107)</string>
						<string>(2159.989990, 2678.050049)</string>
						<string>(2162.760010, 2676.209961)</string>
						<string>(2165.530029, 2674.360107)</string>
						<string>(2168.300049, 2672.050049)</string>
						<string>(2170.610107, 2669.739990)</string>
						<string>(2172.459961, 2666.969971)</string>
						<string>(2173.379883, 2664.199951)</string>
						<string>(2174.310059, 2661.419922)</string>
						<string>(2175.689941, 2658.649902)</string>
						<string>(2176.620117, 2656.340088)</string>
						<string>(2177.080078, 2653.570068)</string>
						<string>(2177.080078, 2650.800049)</string>
					</array>
					<key>Total</key>
					<real>27258126</real>
					<key>Type</key>
					<integer>15</integer>
				</dict>
			</array>
		</dict>
	</array>
</dict>
</plist>
