<?xml version="1.0" encoding="UTF-8"?>
<!DOCTYPE plist PUBLIC "-//Apple//DTD PLIST 1.0//EN" "http://www.apple.com/DTDs/PropertyList-1.0.dtd">
<plist version="1.0">
<dict>
	<key>Images</key>
	<array>
		<dict>
			<key>ImageIndex</key>
			<integer>0</integer>
			<key>NumberOfROIs</key>
			<integer>1</integer>
			<key>ROIs</key>
			<array>
				<dict>
					<key>Area</key>
					<real>0.62132000923156738</real>
					<key>Center</key>
					<string>(0.000000, 0.000000, 0.000000)</string>
					<key>Dev</key>
					<real>103.91258239746094</real>
					<key>IndexInImage</key>
					<integer>0</integer>
					<key>Max</key>
					<real>2045</real>
					<key>Mean</key>
					<real>1638.4393310546875</real>
					<key>Min</key>
					<real>1328</real>
					<key>Name</key>
					<string>Mass</string>
					<key>NumberOfPoints</key>
					<integer>87</integer>
					<key>Point_mm</key>
					<array>
						<string>(0.000000, 0.000000, 0.000000)</string>
						<string>(0.000000, 0.000000, 0.000000)</string>
						<string>(0.000000, 0.000000, 0.000000)</string>
						<string>(0.000000, 0.000000, 0.000000)</string>
						<string>(0.000000, 0.000000, 0.000000)</string>
						<string>(0.000000, 0.000000, 0.000000)</string>
						<string>(0.000000, 0.000000, 0.000000)</string>
						<string>(0.000000, 0.000000, 0.000000)</string>
						<string>(0.000000, 0.000000, 0.000000)</string>
						<string>(0.000000, 0.000000, 0.000000)</string>
						<string>(0.000000, 0.000000, 0.000000)</string>
						<string>(0.000000, 0.000000, 0.000000)</string>
						<string>(0.000000, 0.000000, 0.000000)</string>
						<string>(0.000000, 0.000000, 0.000000)</string>
						<string>(0.000000, 0.000000, 0.000000)</string>
						<string>(0.000000, 0.000000, 0.000000)</string>
						<string>(0.000000, 0.000000, 0.000000)</string>
						<string>(0.000000, 0.000000, 0.000000)</string>
						<string>(0.000000, 0.000000, 0.000000)</string>
						<string>(0.000000, 0.000000, 0.000000)</string>
						<string>(0.000000, 0.000000, 0.000000)</string>
						<string>(0.000000, 0.000000, 0.000000)</string>
						<string>(0.000000, 0.000000, 0.000000)</string>
						<string>(0.000000, 0.000000, 0.000000)</string>
						<string>(0.000000, 0.000000, 0.000000)</string>
						<string>(0.000000, 0.000000, 0.000000)</string>
						<string>(0.000000, 0.000000, 0.000000)</string>
						<string>(0.000000, 0.000000, 0.000000)</string>
						<string>(0.000000, 0.000000, 0.000000)</string>
						<string>(0.000000, 0.000000, 0.000000)</string>
						<string>(0.000000, 0.000000, 0.000000)</string>
						<string>(0.000000, 0.000000, 0.000000)</string>
						<string>(0.000000, 0.000000, 0.000000)</string>
						<string>(0.000000, 0.000000, 0.000000)</string>
						<string>(0.000000, 0.000000, 0.000000)</string>
						<string>(0.000000, 0.000000, 0.000000)</string>
						<string>(0.000000, 0.000000, 0.000000)</string>
						<string>(0.000000, 0.000000, 0.000000)</string>
						<string>(0.000000, 0.000000, 0.000000)</string>
						<string>(0.000000, 0.000000, 0.000000)</string>
						<string>(0.000000, 0.000000, 0.000000)</string>
						<string>(0.000000, 0.000000, 0.000000)</string>
						<string>(0.000000, 0.000000, 0.000000)</string>
						<string>(0.000000, 0.000000, 0.000000)</string>
						<string>(0.000000, 0.000000, 0.000000)</string>
						<string>(0.000000, 0.000000, 0.000000)</string>
						<string>(0.000000, 0.000000, 0.000000)</string>
						<string>(0.000000, 0.000000, 0.000000)</string>
						<string>(0.000000, 0.000000, 0.000000)</string>
						<string>(0.000000, 0.000000, 0.000000)</string>
						<string>(0.000000, 0.000000, 0.000000)</string>
						<string>(0.000000, 0.000000, 0.000000)</string>
						<string>(0.000000, 0.000000, 0.000000)</string>
						<string>(0.000000, 0.000000, 0.000000)</string>
						<string>(0.000000, 0.000000, 0.000000)</string>
						<string>(0.000000, 0.000000, 0.000000)</string>
						<string>(0.000000, 0.000000, 0.000000)</string>
						<string>(0.000000, 0.000000, 0.000000)</string>
						<string>(0.000000, 0.000000, 0.000000)</string>
						<string>(0.000000, 0.000000, 0.000000)</string>
						<string>(0.000000, 0.000000, 0.000000)</string>
						<string>(0.000000, 0.000000, 0.000000)</string>
						<string>(0.000000, 0.000000, 0.000000)</string>
						<string>(0.000000, 0.000000, 0.000000)</string>
						<string>(0.000000, 0.000000, 0.000000)</string>
						<string>(0.000000, 0.000000, 0.000000)</string>
						<string>(0.000000, 0.000000, 0.000000)</string>
						<string>(0.000000, 0.000000, 0.000000)</string>
						<string>(0.000000, 0.000000, 0.000000)</string>
						<string>(0.000000, 0.000000, 0.000000)</string>
						<string>(0.000000, 0.000000, 0.000000)</string>
						<string>(0.000000, 0.000000, 0.000000)</string>
						<string>(0.000000, 0.000000, 0.000000)</string>
						<string>(0.000000, 0.000000, 0.000000)</string>
						<string>(0.000000, 0.000000, 0.000000)</string>
						<string>(0.000000, 0.000000, 0.000000)</string>
						<string>(0.000000, 0.000000, 0.000000)</string>
						<string>(0.000000, 0.000000, 0.000000)</string>
						<string>(0.000000, 0.000000, 0.000000)</string>
						<string>(0.000000, 0.000000, 0.000000)</string>
						<string>(0.000000, 0.000000, 0.000000)</string>
						<string>(0.000000, 0.000000, 0.000000)</string>
						<string>(0.000000, 0.000000, 0.000000)</string>
						<string>(0.000000, 0.000000, 0.000000)</string>
						<string>(0.000000, 0.000000, 0.000000)</string>
						<string>(0.000000, 0.000000, 0.000000)</string>
						<string>(0.000000, 0.000000, 0.000000)</string>
					</array>
					<key>Point_px</key>
					<array>
						<string>(2107.159912, 2436.949951)</string>
						<string>(2102.560059, 2435.340088)</string>
						<string>(2097.520020, 2435.340088)</string>
						<string>(2093.320068, 2434.500000)</string>
						<string>(2089.120117, 2432.820068)</string>
						<string>(2084.090088, 2430.300049)</string>
						<string>(2079.050049, 2428.620117)</string>
						<string>(2074.850098, 2427.780029)</string>
						<string>(2069.810059, 2426.100098)</string>
						<string>(2065.610107, 2425.260010)</string>
						<string>(2059.729980, 2424.419922)</string>
						<string>(2055.530029, 2423.580078)</string>
						<string>(2050.500000, 2423.580078)</string>
						<string>(2046.300049, 2422.739990)</string>
						<string>(2041.260010, 2421.899902)</string>
						<string>(2036.219971, 2421.899902)</string>
						<string>(2032.020020, 2421.060059)</string>
						<string>(2026.979980, 2420.219971)</string>
						<string>(2022.780029, 2420.219971)</string>
						<string>(2017.739990, 2420.219971)</string>
						<string>(2013.550049, 2421.060059)</string>
						<string>(2008.510010, 2421.899902)</string>
						<string>(2004.310059, 2423.580078)</string>
						<string>(1999.270020, 2425.260010)</string>
						<string>(1995.069946, 2427.780029)</string>
						<string>(1990.030029, 2430.300049)</string>
						<string>(1985.829956, 2431.979980)</string>
						<string>(1980.790039, 2435.340088)</string>
						<string>(1976.589966, 2438.689941)</string>
						<string>(1972.410034, 2443.199951)</string>
						<string>(1969.819946, 2447.169922)</string>
						<string>(1967.550049, 2451.719971)</string>
						<string>(1964.839966, 2456.330078)</string>
						<string>(1964.839966, 2460.530029)</string>
						<string>(1964.839966, 2465.570068)</string>
						<string>(1966.520020, 2469.770020)</string>
						<string>(1969.040039, 2474.800049)</string>
						<string>(1970.959961, 2479.750000)</string>
						<string>(1972.410034, 2483.729980)</string>
						<string>(1974.920044, 2488.239990)</string>
						<string>(1979.949951, 2493.280029)</string>
						<string>(1984.930054, 2496.889893)</string>
						<string>(1989.329956, 2500.270020)</string>
						<string>(1992.709961, 2503.320068)</string>
						<string>(1996.780029, 2506.709961)</string>
						<string>(2001.859985, 2509.080078)</string>
						<string>(2007.270020, 2512.120117)</string>
						<string>(2012.689941, 2513.479980)</string>
						<string>(2017.430054, 2514.489990)</string>
						<string>(2022.510010, 2514.489990)</string>
						<string>(2027.250000, 2514.830078)</string>
						<string>(2031.989990, 2515.169922)</string>
						<string>(2036.729980, 2515.850098)</string>
						<string>(2041.469971, 2516.520020)</string>
						<string>(2046.550049, 2516.189941)</string>
						<string>(2051.629883, 2516.520020)</string>
						<string>(2056.030029, 2516.189941)</string>
						<string>(2061.449951, 2515.850098)</string>
						<string>(2065.850098, 2516.189941)</string>
						<string>(2069.580078, 2514.830078)</string>
						<string>(2073.300049, 2515.169922)</string>
						<string>(2078.040039, 2514.830078)</string>
						<string>(2082.439941, 2514.830078)</string>
						<string>(2087.520020, 2515.510010)</string>
						<string>(2092.600098, 2514.830078)</string>
						<string>(2097.340088, 2513.139893)</string>
						<string>(2101.409912, 2511.780029)</string>
						<string>(2106.479980, 2510.770020)</string>
						<string>(2109.280029, 2509.239990)</string>
						<string>(2114.320068, 2508.399902)</string>
						<string>(2118.520020, 2507.560059)</string>
						<string>(2122.719971, 2506.719971)</string>
						<string>(2126.080078, 2502.520020)</string>
						<string>(2127.750000, 2498.320068)</string>
						<string>(2128.590088, 2493.280029)</string>
						<string>(2129.429932, 2488.239990)</string>
						<string>(2129.429932, 2484.040039)</string>
						<string>(2130.270020, 2479.840088)</string>
						<string>(2130.270020, 2474.800049)</string>
						<string>(2126.919922, 2469.770020)</string>
						<string>(2122.719971, 2465.570068)</string>
						<string>(2121.040039, 2461.370117)</string>
						<string>(2119.360107, 2456.330078)</string>
						<string>(2117.679932, 2451.290039)</string>
						<string>(2116.000000, 2447.090088)</string>
						<string>(2114.320068, 2442.050049)</string>
						<string>(2110.889893, 2438.649902)</string>
					</array>
					<key>Total</key>
					<real>20908124</real>
					<key>Type</key>
					<integer>15</integer>
				</dict>
			</array>
		</dict>
	</array>
</dict>
</plist>
