<?xml version="1.0" encoding="UTF-8"?>
<!DOCTYPE plist PUBLIC "-//Apple//DTD PLIST 1.0//EN" "http://www.apple.com/DTDs/PropertyList-1.0.dtd">
<plist version="1.0">
<dict>
	<key>Images</key>
	<array>
		<dict>
			<key>ImageIndex</key>
			<integer>0</integer>
			<key>NumberOfROIs</key>
			<integer>15</integer>
			<key>ROIs</key>
			<array>
				<dict>
					<key>Area</key>
					<real>0.0</real>
					<key>Center</key>
					<string>(0.000000, 0.000000, 0.000000)</string>
					<key>Dev</key>
					<real>0.0</real>
					<key>IndexInImage</key>
					<integer>0</integer>
					<key>Max</key>
					<real>0.0</real>
					<key>Mean</key>
					<real>0.0</real>
					<key>Min</key>
					<real>0.0</real>
					<key>Name</key>
					<string>Calcification</string>
					<key>NumberOfPoints</key>
					<integer>1</integer>
					<key>Point_mm</key>
					<array>
						<string>(0.000000, 0.000000, 0.000000)</string>
					</array>
					<key>Point_px</key>
					<array>
						<string>(156.438995, 3624.669922)</string>
					</array>
					<key>Total</key>
					<real>0.0</real>
					<key>Type</key>
					<integer>19</integer>
				</dict>
				<dict>
					<key>Area</key>
					<real>0.0</real>
					<key>Center</key>
					<string>(0.000000, 0.000000, 0.000000)</string>
					<key>Dev</key>
					<real>0.0</real>
					<key>IndexInImage</key>
					<integer>1</integer>
					<key>Max</key>
					<real>0.0</real>
					<key>Mean</key>
					<real>0.0</real>
					<key>Min</key>
					<real>0.0</real>
					<key>Name</key>
					<string>Calcification</string>
					<key>NumberOfPoints</key>
					<integer>1</integer>
					<key>Point_mm</key>
					<array>
						<string>(0.000000, 0.000000, 0.000000)</string>
					</array>
					<key>Point_px</key>
					<array>
						<string>(207.339996, 3275.080078)</string>
					</array>
					<key>Total</key>
					<real>0.0</real>
					<key>Type</key>
					<integer>19</integer>
				</dict>
				<dict>
					<key>Area</key>
					<real>0.0</real>
					<key>Center</key>
					<string>(0.000000, 0.000000, 0.000000)</string>
					<key>Dev</key>
					<real>0.0</real>
					<key>IndexInImage</key>
					<integer>2</integer>
					<key>Max</key>
					<real>0.0</real>
					<key>Mean</key>
					<real>0.0</real>
					<key>Min</key>
					<real>0.0</real>
					<key>Name</key>
					<string>Calcification</string>
					<key>NumberOfPoints</key>
					<integer>1</integer>
					<key>Point_mm</key>
					<array>
						<string>(0.000000, 0.000000, 0.000000)</string>
					</array>
					<key>Point_px</key>
					<array>
						<string>(182.136002, 3217.850098)</string>
					</array>
					<key>Total</key>
					<real>0.0</real>
					<key>Type</key>
					<integer>19</integer>
				</dict>
				<dict>
					<key>Area</key>
					<real>0.0027133750263601542</real>
					<key>Center</key>
					<string>(0.000000, 0.000000, 0.000000)</string>
					<key>Dev</key>
					<real>0.0</real>
					<key>IndexInImage</key>
					<integer>3</integer>
					<key>Max</key>
					<real>0.0</real>
					<key>Mean</key>
					<real>0.0</real>
					<key>Min</key>
					<real>0.0</real>
					<key>Name</key>
					<string>Calcification</string>
					<key>NumberOfPoints</key>
					<integer>12</integer>
					<key>Point_mm</key>
					<array>
						<string>(0.000000, 0.000000, 0.000000)</string>
						<string>(0.000000, 0.000000, 0.000000)</string>
						<string>(0.000000, 0.000000, 0.000000)</string>
						<string>(0.000000, 0.000000, 0.000000)</string>
						<string>(0.000000, 0.000000, 0.000000)</string>
						<string>(0.000000, 0.000000, 0.000000)</string>
						<string>(0.000000, 0.000000, 0.000000)</string>
						<string>(0.000000, 0.000000, 0.000000)</string>
						<string>(0.000000, 0.000000, 0.000000)</string>
						<string>(0.000000, 0.000000, 0.000000)</string>
						<string>(0.000000, 0.000000, 0.000000)</string>
						<string>(0.000000, 0.000000, 0.000000)</string>
					</array>
					<key>Point_px</key>
					<array>
						<string>(118.444000, 3039.620117)</string>
						<string>(120.727997, 3039.239990)</string>
						<string>(123.011002, 3038.100098)</string>
						<string>(124.532997, 3035.820068)</string>
						<string>(124.532997, 3033.540039)</string>
						<string>(122.629997, 3032.770020)</string>
						<string>(120.347000, 3032.389893)</string>
						<string>(118.064003, 3032.010010)</string>
						<string>(116.161003, 3033.149902)</string>
						<string>(115.779999, 3035.439941)</string>
						<string>(115.400002, 3037.719971)</string>
						<string>(117.302002, 3039.239990)</string>
					</array>
					<key>Total</key>
					<real>0.0</real>
					<key>Type</key>
					<integer>15</integer>
				</dict>
				<dict>
					<key>Area</key>
					<real>0.0</real>
					<key>Center</key>
					<string>(0.000000, 0.000000, 0.000000)</string>
					<key>Dev</key>
					<real>0.0</real>
					<key>IndexInImage</key>
					<integer>4</integer>
					<key>Max</key>
					<real>0.0</real>
					<key>Mean</key>
					<real>0.0</real>
					<key>Min</key>
					<real>0.0</real>
					<key>Name</key>
					<string>Calcification</string>
					<key>NumberOfPoints</key>
					<integer>1</integer>
					<key>Point_mm</key>
					<array>
						<string>(0.000000, 0.000000, 0.000000)</string>
					</array>
					<key>Point_px</key>
					<array>
						<string>(640.851013, 3048.520020)</string>
					</array>
					<key>Total</key>
					<real>0.0</real>
					<key>Type</key>
					<integer>19</integer>
				</dict>
				<dict>
					<key>Area</key>
					<real>0.0</real>
					<key>Center</key>
					<string>(0.000000, 0.000000, 0.000000)</string>
					<key>Dev</key>
					<real>0.0</real>
					<key>IndexInImage</key>
					<integer>5</integer>
					<key>Max</key>
					<real>0.0</real>
					<key>Mean</key>
					<real>0.0</real>
					<key>Min</key>
					<real>0.0</real>
					<key>Name</key>
					<string>Calcification</string>
					<key>NumberOfPoints</key>
					<integer>1</integer>
					<key>Point_mm</key>
					<array>
						<string>(0.000000, 0.000000, 0.000000)</string>
					</array>
					<key>Point_px</key>
					<array>
						<string>(118.064003, 3026.689941)</string>
					</array>
					<key>Total</key>
					<real>0.0</real>
					<key>Type</key>
					<integer>19</integer>
				</dict>
				<dict>
					<key>Area</key>
					<real>0.0</real>
					<key>Center</key>
					<string>(0.000000, 0.000000, 0.000000)</string>
					<key>Dev</key>
					<real>0.0</real>
					<key>IndexInImage</key>
					<integer>6</integer>
					<key>Max</key>
					<real>0.0</real>
					<key>Mean</key>
					<real>0.0</real>
					<key>Min</key>
					<real>0.0</real>
					<key>Name</key>
					<string>Calcification</string>
					<key>NumberOfPoints</key>
					<integer>1</integer>
					<key>Point_mm</key>
					<array>
						<string>(0.000000, 0.000000, 0.000000)</string>
					</array>
					<key>Point_px</key>
					<array>
						<string>(480.570007, 2790.260010)</string>
					</array>
					<key>Total</key>
					<real>0.0</real>
					<key>Type</key>
					<integer>19</integer>
				</dict>
				<dict>
					<key>Area</key>
					<real>0.0</real>
					<key>Center</key>
					<string>(0.000000, 0.000000, 0.000000)</string>
					<key>Dev</key>
					<real>0.0</real>
					<key>IndexInImage</key>
					<integer>7</integer>
					<key>Max</key>
					<real>0.0</real>
					<key>Mean</key>
					<real>0.0</real>
					<key>Min</key>
					<real>0.0</real>
					<key>Name</key>
					<string>Calcification</string>
					<key>NumberOfPoints</key>
					<integer>1</integer>
					<key>Point_mm</key>
					<array>
						<string>(0.000000, 0.000000, 0.000000)</string>
					</array>
					<key>Point_px</key>
					<array>
						<string>(319.640991, 2690.320068)</string>
					</array>
					<key>Total</key>
					<real>0.0</real>
					<key>Type</key>
					<integer>19</integer>
				</dict>
				<dict>
					<key>Area</key>
					<real>0.0</real>
					<key>Center</key>
					<string>(0.000000, 0.000000, 0.000000)</string>
					<key>Dev</key>
					<real>0.0</real>
					<key>IndexInImage</key>
					<integer>8</integer>
					<key>Max</key>
					<real>0.0</real>
					<key>Mean</key>
					<real>0.0</real>
					<key>Min</key>
					<real>0.0</real>
					<key>Name</key>
					<string>Calcification</string>
					<key>NumberOfPoints</key>
					<integer>1</integer>
					<key>Point_mm</key>
					<array>
						<string>(0.000000, 0.000000, 0.000000)</string>
					</array>
					<key>Point_px</key>
					<array>
						<string>(579.205017, 1812.349976)</string>
					</array>
					<key>Total</key>
					<real>0.0</real>
					<key>Type</key>
					<integer>19</integer>
				</dict>
				<dict>
					<key>Area</key>
					<real>3.1272649765014648</real>
					<key>Center</key>
					<string>(0.000000, 0.000000, 0.000000)</string>
					<key>Dev</key>
					<real>0.0</real>
					<key>IndexInImage</key>
					<integer>9</integer>
					<key>Max</key>
					<real>0.0</real>
					<key>Mean</key>
					<real>0.0</real>
					<key>Min</key>
					<real>0.0</real>
					<key>Name</key>
					<string>Mass</string>
					<key>NumberOfPoints</key>
					<integer>216</integer>
					<key>Point_mm</key>
					<array>
						<string>(0.000000, 0.000000, 0.000000)</string>
						<string>(0.000000, 0.000000, 0.000000)</string>
						<string>(0.000000, 0.000000, 0.000000)</string>
						<string>(0.000000, 0.000000, 0.000000)</string>
						<string>(0.000000, 0.000000, 0.000000)</string>
						<string>(0.000000, 0.000000, 0.000000)</string>
						<string>(0.000000, 0.000000, 0.000000)</string>
						<string>(0.000000, 0.000000, 0.000000)</string>
						<string>(0.000000, 0.000000, 0.000000)</string>
						<string>(0.000000, 0.000000, 0.000000)</string>
						<string>(0.000000, 0.000000, 0.000000)</string>
						<string>(0.000000, 0.000000, 0.000000)</string>
						<string>(0.000000, 0.000000, 0.000000)</string>
						<string>(0.000000, 0.000000, 0.000000)</string>
						<string>(0.000000, 0.000000, 0.000000)</string>
						<string>(0.000000, 0.000000, 0.000000)</string>
						<string>(0.000000, 0.000000, 0.000000)</string>
						<string>(0.000000, 0.000000, 0.000000)</string>
						<string>(0.000000, 0.000000, 0.000000)</string>
						<string>(0.000000, 0.000000, 0.000000)</string>
						<string>(0.000000, 0.000000, 0.000000)</string>
						<string>(0.000000, 0.000000, 0.000000)</string>
						<string>(0.000000, 0.000000, 0.000000)</string>
						<string>(0.000000, 0.000000, 0.000000)</string>
						<string>(0.000000, 0.000000, 0.000000)</string>
						<string>(0.000000, 0.000000, 0.000000)</string>
						<string>(0.000000, 0.000000, 0.000000)</string>
						<string>(0.000000, 0.000000, 0.000000)</string>
						<string>(0.000000, 0.000000, 0.000000)</string>
						<string>(0.000000, 0.000000, 0.000000)</string>
						<string>(0.000000, 0.000000, 0.000000)</string>
						<string>(0.000000, 0.000000, 0.000000)</string>
						<string>(0.000000, 0.000000, 0.000000)</string>
						<string>(0.000000, 0.000000, 0.000000)</string>
						<string>(0.000000, 0.000000, 0.000000)</string>
						<string>(0.000000, 0.000000, 0.000000)</string>
						<string>(0.000000, 0.000000, 0.000000)</string>
						<string>(0.000000, 0.000000, 0.000000)</string>
						<string>(0.000000, 0.000000, 0.000000)</string>
						<string>(0.000000, 0.000000, 0.000000)</string>
						<string>(0.000000, 0.000000, 0.000000)</string>
						<string>(0.000000, 0.000000, 0.000000)</string>
						<string>(0.000000, 0.000000, 0.000000)</string>
						<string>(0.000000, 0.000000, 0.000000)</string>
						<string>(0.000000, 0.000000, 0.000000)</string>
						<string>(0.000000, 0.000000, 0.000000)</string>
						<string>(0.000000, 0.000000, 0.000000)</string>
						<string>(0.000000, 0.000000, 0.000000)</string>
						<string>(0.000000, 0.000000, 0.000000)</string>
						<string>(0.000000, 0.000000, 0.000000)</string>
						<string>(0.000000, 0.000000, 0.000000)</string>
						<string>(0.000000, 0.000000, 0.000000)</string>
						<string>(0.000000, 0.000000, 0.000000)</string>
						<string>(0.000000, 0.000000, 0.000000)</string>
						<string>(0.000000, 0.000000, 0.000000)</string>
						<string>(0.000000, 0.000000, 0.000000)</string>
						<string>(0.000000, 0.000000, 0.000000)</string>
						<string>(0.000000, 0.000000, 0.000000)</string>
						<string>(0.000000, 0.000000, 0.000000)</string>
						<string>(0.000000, 0.000000, 0.000000)</string>
						<string>(0.000000, 0.000000, 0.000000)</string>
						<string>(0.000000, 0.000000, 0.000000)</string>
						<string>(0.000000, 0.000000, 0.000000)</string>
						<string>(0.000000, 0.000000, 0.000000)</string>
						<string>(0.000000, 0.000000, 0.000000)</string>
						<string>(0.000000, 0.000000, 0.000000)</string>
						<string>(0.000000, 0.000000, 0.000000)</string>
						<string>(0.000000, 0.000000, 0.000000)</string>
						<string>(0.000000, 0.000000, 0.000000)</string>
						<string>(0.000000, 0.000000, 0.000000)</string>
						<string>(0.000000, 0.000000, 0.000000)</string>
						<string>(0.000000, 0.000000, 0.000000)</string>
						<string>(0.000000, 0.000000, 0.000000)</string>
						<string>(0.000000, 0.000000, 0.000000)</string>
						<string>(0.000000, 0.000000, 0.000000)</string>
						<string>(0.000000, 0.000000, 0.000000)</string>
						<string>(0.000000, 0.000000, 0.000000)</string>
						<string>(0.000000, 0.000000, 0.000000)</string>
						<string>(0.000000, 0.000000, 0.000000)</string>
						<string>(0.000000, 0.000000, 0.000000)</string>
						<string>(0.000000, 0.000000, 0.000000)</string>
						<string>(0.000000, 0.000000, 0.000000)</string>
						<string>(0.000000, 0.000000, 0.000000)</string>
						<string>(0.000000, 0.000000, 0.000000)</string>
						<string>(0.000000, 0.000000, 0.000000)</string>
						<string>(0.000000, 0.000000, 0.000000)</string>
						<string>(0.000000, 0.000000, 0.000000)</string>
						<string>(0.000000, 0.000000, 0.000000)</string>
						<string>(0.000000, 0.000000, 0.000000)</string>
						<string>(0.000000, 0.000000, 0.000000)</string>
						<string>(0.000000, 0.000000, 0.000000)</string>
						<string>(0.000000, 0.000000, 0.000000)</string>
						<string>(0.000000, 0.000000, 0.000000)</string>
						<string>(0.000000, 0.000000, 0.000000)</string>
						<string>(0.000000, 0.000000, 0.000000)</string>
						<string>(0.000000, 0.000000, 0.000000)</string>
						<string>(0.000000, 0.000000, 0.000000)</string>
						<string>(0.000000, 0.000000, 0.000000)</string>
						<string>(0.000000, 0.000000, 0.000000)</string>
						<string>(0.000000, 0.000000, 0.000000)</string>
						<string>(0.000000, 0.000000, 0.000000)</string>
						<string>(0.000000, 0.000000, 0.000000)</string>
						<string>(0.000000, 0.000000, 0.000000)</string>
						<string>(0.000000, 0.000000, 0.000000)</string>
						<string>(0.000000, 0.000000, 0.000000)</string>
						<string>(0.000000, 0.000000, 0.000000)</string>
						<string>(0.000000, 0.000000, 0.000000)</string>
						<string>(0.000000, 0.000000, 0.000000)</string>
						<string>(0.000000, 0.000000, 0.000000)</string>
						<string>(0.000000, 0.000000, 0.000000)</string>
						<string>(0.000000, 0.000000, 0.000000)</string>
						<string>(0.000000, 0.000000, 0.000000)</string>
						<string>(0.000000, 0.000000, 0.000000)</string>
						<string>(0.000000, 0.000000, 0.000000)</string>
						<string>(0.000000, 0.000000, 0.000000)</string>
						<string>(0.000000, 0.000000, 0.000000)</string>
						<string>(0.000000, 0.000000, 0.000000)</string>
						<string>(0.000000, 0.000000, 0.000000)</string>
						<string>(0.000000, 0.000000, 0.000000)</string>
						<string>(0.000000, 0.000000, 0.000000)</string>
						<string>(0.000000, 0.000000, 0.000000)</string>
						<string>(0.000000, 0.000000, 0.000000)</string>
						<string>(0.000000, 0.000000, 0.000000)</string>
						<string>(0.000000, 0.000000, 0.000000)</string>
						<string>(0.000000, 0.000000, 0.000000)</string>
						<string>(0.000000, 0.000000, 0.000000)</string>
						<string>(0.000000, 0.000000, 0.000000)</string>
						<string>(0.000000, 0.000000, 0.000000)</string>
						<string>(0.000000, 0.000000, 0.000000)</string>
						<string>(0.000000, 0.000000, 0.000000)</string>
						<string>(0.000000, 0.000000, 0.000000)</string>
						<string>(0.000000, 0.000000, 0.000000)</string>
						<string>(0.000000, 0.000000, 0.000000)</string>
						<string>(0.000000, 0.000000, 0.000000)</string>
						<string>(0.000000, 0.000000, 0.000000)</string>
						<string>(0.000000, 0.000000, 0.000000)</string>
						<string>(0.000000, 0.000000, 0.000000)</string>
						<string>(0.000000, 0.000000, 0.000000)</string>
						<string>(0.000000, 0.000000, 0.000000)</string>
						<string>(0.000000, 0.000000, 0.000000)</string>
						<string>(0.000000, 0.000000, 0.000000)</string>
						<string>(0.000000, 0.000000, 0.000000)</string>
						<string>(0.000000, 0.000000, 0.000000)</string>
						<string>(0.000000, 0.000000, 0.000000)</string>
						<string>(0.000000, 0.000000, 0.000000)</string>
						<string>(0.000000, 0.000000, 0.000000)</string>
						<string>(0.000000, 0.000000, 0.000000)</string>
						<string>(0.000000, 0.000000, 0.000000)</string>
						<string>(0.000000, 0.000000, 0.000000)</string>
						<string>(0.000000, 0.000000, 0.000000)</string>
						<string>(0.000000, 0.000000, 0.000000)</string>
						<string>(0.000000, 0.000000, 0.000000)</string>
						<string>(0.000000, 0.000000, 0.000000)</string>
						<string>(0.000000, 0.000000, 0.000000)</string>
						<string>(0.000000, 0.000000, 0.000000)</string>
						<string>(0.000000, 0.000000, 0.000000)</string>
						<string>(0.000000, 0.000000, 0.000000)</string>
						<string>(0.000000, 0.000000, 0.000000)</string>
						<string>(0.000000, 0.000000, 0.000000)</string>
						<string>(0.000000, 0.000000, 0.000000)</string>
						<string>(0.000000, 0.000000, 0.000000)</string>
						<string>(0.000000, 0.000000, 0.000000)</string>
						<string>(0.000000, 0.000000, 0.000000)</string>
						<string>(0.000000, 0.000000, 0.000000)</string>
						<string>(0.000000, 0.000000, 0.000000)</string>
						<string>(0.000000, 0.000000, 0.000000)</string>
						<string>(0.000000, 0.000000, 0.000000)</string>
						<string>(0.000000, 0.000000, 0.000000)</string>
						<string>(0.000000, 0.000000, 0.000000)</string>
						<string>(0.000000, 0.000000, 0.000000)</string>
						<string>(0.000000, 0.000000, 0.000000)</string>
						<string>(0.000000, 0.000000, 0.000000)</string>
						<string>(0.000000, 0.000000, 0.000000)</string>
						<string>(0.000000, 0.000000, 0.000000)</string>
						<string>(0.000000, 0.000000, 0.000000)</string>
						<string>(0.000000, 0.000000, 0.000000)</string>
						<string>(0.000000, 0.000000, 0.000000)</string>
						<string>(0.000000, 0.000000, 0.000000)</string>
						<string>(0.000000, 0.000000, 0.000000)</string>
						<string>(0.000000, 0.000000, 0.000000)</string>
						<string>(0.000000, 0.000000, 0.000000)</string>
						<string>(0.000000, 0.000000, 0.000000)</string>
						<string>(0.000000, 0.000000, 0.000000)</string>
						<string>(0.000000, 0.000000, 0.000000)</string>
						<string>(0.000000, 0.000000, 0.000000)</string>
						<string>(0.000000, 0.000000, 0.000000)</string>
						<string>(0.000000, 0.000000, 0.000000)</string>
						<string>(0.000000, 0.000000, 0.000000)</string>
						<string>(0.000000, 0.000000, 0.000000)</string>
						<string>(0.000000, 0.000000, 0.000000)</string>
						<string>(0.000000, 0.000000, 0.000000)</string>
						<string>(0.000000, 0.000000, 0.000000)</string>
						<string>(0.000000, 0.000000, 0.000000)</string>
						<string>(0.000000, 0.000000, 0.000000)</string>
						<string>(0.000000, 0.000000, 0.000000)</string>
						<string>(0.000000, 0.000000, 0.000000)</string>
						<string>(0.000000, 0.000000, 0.000000)</string>
						<string>(0.000000, 0.000000, 0.000000)</string>
						<string>(0.000000, 0.000000, 0.000000)</string>
						<string>(0.000000, 0.000000, 0.000000)</string>
						<string>(0.000000, 0.000000, 0.000000)</string>
						<string>(0.000000, 0.000000, 0.000000)</string>
						<string>(0.000000, 0.000000, 0.000000)</string>
						<string>(0.000000, 0.000000, 0.000000)</string>
						<string>(0.000000, 0.000000, 0.000000)</string>
						<string>(0.000000, 0.000000, 0.000000)</string>
						<string>(0.000000, 0.000000, 0.000000)</string>
						<string>(0.000000, 0.000000, 0.000000)</string>
						<string>(0.000000, 0.000000, 0.000000)</string>
						<string>(0.000000, 0.000000, 0.000000)</string>
						<string>(0.000000, 0.000000, 0.000000)</string>
						<string>(0.000000, 0.000000, 0.000000)</string>
						<string>(0.000000, 0.000000, 0.000000)</string>
						<string>(0.000000, 0.000000, 0.000000)</string>
						<string>(0.000000, 0.000000, 0.000000)</string>
						<string>(0.000000, 0.000000, 0.000000)</string>
					</array>
					<key>Point_px</key>
					<array>
						<string>(391.191010, 1654.939941)</string>
						<string>(395.467987, 1660.290039)</string>
						<string>(397.605988, 1665.630005)</string>
						<string>(398.674988, 1672.050049)</string>
						<string>(397.605988, 1679.530029)</string>
						<string>(396.536987, 1685.949951)</string>
						<string>(395.467987, 1692.359985)</string>
						<string>(395.467987, 1697.709961)</string>
						<string>(395.467987, 1704.119995)</string>
						<string>(394.398010, 1709.469971)</string>
						<string>(395.467987, 1715.890015)</string>
						<string>(400.813995, 1720.160034)</string>
						<string>(406.160004, 1724.439941)</string>
						<string>(410.436005, 1729.780029)</string>
						<string>(415.782013, 1732.989990)</string>
						<string>(421.128998, 1735.130005)</string>
						<string>(427.544006, 1741.550049)</string>
						<string>(432.890015, 1746.890015)</string>
						<string>(439.304993, 1749.030029)</string>
						<string>(444.651001, 1752.239990)</string>
						<string>(448.928009, 1757.579956)</string>
						<string>(455.342987, 1761.859985)</string>
						<string>(460.688995, 1766.140015)</string>
						<string>(467.104004, 1770.410034)</string>
						<string>(472.450012, 1772.550049)</string>
						<string>(477.795990, 1774.689941)</string>
						<string>(484.212006, 1778.969971)</string>
						<string>(487.419006, 1785.380005)</string>
						<string>(486.350006, 1791.800049)</string>
						<string>(481.003998, 1792.869995)</string>
						<string>(474.588989, 1795.010010)</string>
						<string>(469.243011, 1795.010010)</string>
						<string>(462.828003, 1795.010010)</string>
						<string>(457.480988, 1795.010010)</string>
						<string>(453.191986, 1797.790039)</string>
						<string>(448.265991, 1799.140015)</string>
						<string>(441.549988, 1799.140015)</string>
						<string>(435.281006, 1796.000000)</string>
						<string>(429.907990, 1791.530029)</string>
						<string>(424.535004, 1787.500000)</string>
						<string>(416.851990, 1786.449951)</string>
						<string>(411.549988, 1788.390015)</string>
						<string>(407.072998, 1788.839966)</string>
						<string>(402.595001, 1788.390015)</string>
						<string>(399.013000, 1791.530029)</string>
						<string>(400.803986, 1796.449951)</string>
						<string>(406.160004, 1798.209961)</string>
						<string>(411.997986, 1801.819946)</string>
						<string>(417.920990, 1802.489990)</string>
						<string>(424.335999, 1803.560059)</string>
						<string>(429.682007, 1804.630005)</string>
						<string>(435.729004, 1805.849976)</string>
						<string>(441.442993, 1805.699951)</string>
						<string>(446.789001, 1805.699951)</string>
						<string>(453.204987, 1806.770020)</string>
						<string>(458.550995, 1806.770020)</string>
						<string>(463.897003, 1807.839966)</string>
						<string>(467.104004, 1813.180054)</string>
						<string>(460.688995, 1818.530029)</string>
						<string>(455.342987, 1822.810059)</string>
						<string>(448.928009, 1828.150024)</string>
						<string>(446.789001, 1833.500000)</string>
						<string>(442.513000, 1838.839966)</string>
						<string>(437.166992, 1844.189941)</string>
						<string>(430.751007, 1844.189941)</string>
						<string>(425.404999, 1844.189941)</string>
						<string>(418.989990, 1843.119995)</string>
						<string>(413.644012, 1843.119995)</string>
						<string>(408.298004, 1842.050049)</string>
						<string>(401.882996, 1846.329956)</string>
						<string>(401.882996, 1851.670044)</string>
						<string>(401.882996, 1857.020020)</string>
						<string>(407.229004, 1860.229980)</string>
						<string>(413.644012, 1864.500000)</string>
						<string>(418.989990, 1866.640015)</string>
						<string>(425.404999, 1869.849976)</string>
						<string>(428.613007, 1875.199951)</string>
						<string>(432.890015, 1880.540039)</string>
						<string>(437.519989, 1886.449951)</string>
						<string>(440.373993, 1892.300049)</string>
						<string>(441.442993, 1897.650024)</string>
						<string>(442.513000, 1904.060059)</string>
						<string>(441.101990, 1908.839966)</string>
						<string>(439.311005, 1913.760010)</string>
						<string>(435.028015, 1921.170044)</string>
						<string>(429.459991, 1921.380005)</string>
						<string>(424.335999, 1921.170044)</string>
						<string>(417.920990, 1921.170044)</string>
						<string>(412.575012, 1917.959961)</string>
						<string>(406.160004, 1917.959961)</string>
						<string>(402.951996, 1923.310059)</string>
						<string>(406.160004, 1929.729980)</string>
						<string>(408.415985, 1936.150024)</string>
						<string>(411.506012, 1940.420044)</string>
						<string>(411.506012, 1946.829956)</string>
						<string>(405.089996, 1947.900024)</string>
						<string>(399.743988, 1947.900024)</string>
						<string>(394.398010, 1948.969971)</string>
						<string>(389.052002, 1954.319946)</string>
						<string>(389.052002, 1960.729980)</string>
						<string>(394.398010, 1966.079956)</string>
						<string>(399.743988, 1967.150024)</string>
						<string>(401.882996, 1973.560059)</string>
						<string>(398.674988, 1978.910034)</string>
						<string>(392.260010, 1979.979980)</string>
						<string>(386.914001, 1977.839966)</string>
						<string>(382.636993, 1972.489990)</string>
						<string>(376.221985, 1968.219971)</string>
						<string>(370.876007, 1972.489990)</string>
						<string>(365.529999, 1973.560059)</string>
						<string>(359.114990, 1974.630005)</string>
						<string>(353.769012, 1974.630005)</string>
						<string>(347.352997, 1973.560059)</string>
						<string>(342.006989, 1973.560059)</string>
						<string>(335.592010, 1974.630005)</string>
						<string>(330.058014, 1980.479980)</string>
						<string>(324.899994, 1979.979980)</string>
						<string>(318.484985, 1979.979980)</string>
						<string>(313.139008, 1979.979980)</string>
						<string>(306.723999, 1981.050049)</string>
						<string>(301.377991, 1982.119995)</string>
						<string>(296.031006, 1983.189941)</string>
						<string>(289.615997, 1985.319946)</string>
						<string>(284.269989, 1985.319946)</string>
						<string>(277.855011, 1986.390015)</string>
						<string>(272.509003, 1988.530029)</string>
						<string>(267.162994, 1990.670044)</string>
						<string>(260.747986, 1991.739990)</string>
						<string>(255.401993, 1990.670044)</string>
						<string>(248.987000, 1987.459961)</string>
						<string>(248.987000, 1981.050049)</string>
						<string>(248.987000, 1975.699951)</string>
						<string>(248.987000, 1969.290039)</string>
						<string>(246.848007, 1962.869995)</string>
						<string>(243.192993, 1957.640015)</string>
						<string>(235.087006, 1958.589966)</string>
						<string>(229.740997, 1958.589966)</string>
						<string>(224.395004, 1958.589966)</string>
						<string>(217.979996, 1958.589966)</string>
						<string>(212.634003, 1955.390015)</string>
						<string>(208.356995, 1948.969971)</string>
						<string>(200.871994, 1944.689941)</string>
						<string>(195.526001, 1938.280029)</string>
						<string>(193.388000, 1932.930054)</string>
						<string>(191.250000, 1927.589966)</string>
						<string>(188.042007, 1921.170044)</string>
						<string>(184.834000, 1915.829956)</string>
						<string>(182.695999, 1909.410034)</string>
						<string>(180.557007, 1904.060059)</string>
						<string>(176.281006, 1897.650024)</string>
						<string>(170.934998, 1893.369995)</string>
						<string>(169.865005, 1888.030029)</string>
						<string>(166.658005, 1881.609985)</string>
						<string>(165.589005, 1876.270020)</string>
						<string>(164.518997, 1869.849976)</string>
						<string>(161.311996, 1863.439941)</string>
						<string>(161.311996, 1858.089966)</string>
						<string>(161.311996, 1851.670044)</string>
						<string>(165.589005, 1846.329956)</string>
						<string>(165.589005, 1839.910034)</string>
						<string>(167.727005, 1834.569946)</string>
						<string>(170.934998, 1829.219971)</string>
						<string>(175.134003, 1826.900024)</string>
						<string>(178.716003, 1824.209961)</string>
						<string>(179.488007, 1817.459961)</string>
						<string>(180.557007, 1811.040039)</string>
						<string>(180.557007, 1805.699951)</string>
						<string>(181.626999, 1800.349976)</string>
						<string>(184.834000, 1792.869995)</string>
						<string>(188.042007, 1787.520020)</string>
						<string>(192.149002, 1780.780029)</string>
						<string>(193.388000, 1775.760010)</string>
						<string>(189.014999, 1768.689941)</string>
						<string>(184.985001, 1760.630005)</string>
						<string>(193.044006, 1761.969971)</string>
						<string>(198.865005, 1761.530029)</string>
						<string>(203.011002, 1762.930054)</string>
						<string>(209.425995, 1761.859985)</string>
						<string>(210.494995, 1756.510010)</string>
						<string>(210.494995, 1750.099976)</string>
						<string>(210.494995, 1744.750000)</string>
						<string>(215.841003, 1739.410034)</string>
						<string>(221.186996, 1739.410034)</string>
						<string>(227.074005, 1741.380005)</string>
						<string>(234.238007, 1744.510010)</string>
						<string>(239.162994, 1745.410034)</string>
						<string>(246.328003, 1747.199951)</string>
						<string>(250.056000, 1745.819946)</string>
						<string>(256.471008, 1743.680054)</string>
						<string>(261.816986, 1740.479980)</string>
						<string>(263.790009, 1734.660034)</string>
						<string>(268.231995, 1731.920044)</string>
						<string>(273.578003, 1730.849976)</string>
						<string>(278.924011, 1730.849976)</string>
						<string>(285.338989, 1730.849976)</string>
						<string>(290.686005, 1730.849976)</string>
						<string>(297.101013, 1729.780029)</string>
						<string>(299.239014, 1724.439941)</string>
						<string>(299.239014, 1719.089966)</string>
						<string>(300.506012, 1712.270020)</string>
						<string>(303.515991, 1707.329956)</string>
						<string>(308.862000, 1704.119995)</string>
						<string>(318.864014, 1701.969971)</string>
						<string>(325.968994, 1701.989990)</string>
						<string>(331.315002, 1701.989990)</string>
						<string>(336.661011, 1699.849976)</string>
						<string>(343.076996, 1696.640015)</string>
						<string>(348.423004, 1694.500000)</string>
						<string>(354.838013, 1689.150024)</string>
						<string>(360.183990, 1683.810059)</string>
						<string>(364.088013, 1679.589966)</string>
						<string>(369.013000, 1673.770020)</string>
						<string>(371.945007, 1668.839966)</string>
						<string>(377.290985, 1664.560059)</string>
						<string>(380.498993, 1659.219971)</string>
						<string>(385.845001, 1653.869995)</string>
					</array>
					<key>Total</key>
					<real>0.0</real>
					<key>Type</key>
					<integer>15</integer>
				</dict>
				<dict>
					<key>Area</key>
					<real>0.0</real>
					<key>Center</key>
					<string>(0.000000, 0.000000, 0.000000)</string>
					<key>Dev</key>
					<real>0.0</real>
					<key>IndexInImage</key>
					<integer>10</integer>
					<key>Max</key>
					<real>0.0</real>
					<key>Mean</key>
					<real>0.0</real>
					<key>Min</key>
					<real>0.0</real>
					<key>Name</key>
					<string>Calcification</string>
					<key>NumberOfPoints</key>
					<integer>1</integer>
					<key>Point_mm</key>
					<array>
						<string>(0.000000, 0.000000, 0.000000)</string>
					</array>
					<key>Point_px</key>
					<array>
						<string>(351.437012, 2881.100098)</string>
					</array>
					<key>Total</key>
					<real>0.0</real>
					<key>Type</key>
					<integer>19</integer>
				</dict>
				<dict>
					<key>Area</key>
					<real>0.0</real>
					<key>Center</key>
					<string>(0.000000, 0.000000, 0.000000)</string>
					<key>Dev</key>
					<real>0.0</real>
					<key>IndexInImage</key>
					<integer>11</integer>
					<key>Max</key>
					<real>0.0</real>
					<key>Mean</key>
					<real>0.0</real>
					<key>Min</key>
					<real>0.0</real>
					<key>Name</key>
					<string>Calcification</string>
					<key>NumberOfPoints</key>
					<integer>1</integer>
					<key>Point_mm</key>
					<array>
						<string>(0.000000, 0.000000, 0.000000)</string>
					</array>
					<key>Point_px</key>
					<array>
						<string>(307.959991, 2877.209961)</string>
					</array>
					<key>Total</key>
					<real>0.0</real>
					<key>Type</key>
					<integer>19</integer>
				</dict>
				<dict>
					<key>Area</key>
					<real>0.0</real>
					<key>Center</key>
					<string>(0.000000, 0.000000, 0.000000)</string>
					<key>Dev</key>
					<real>0.0</real>
					<key>IndexInImage</key>
					<integer>12</integer>
					<key>Max</key>
					<real>0.0</real>
					<key>Mean</key>
					<real>0.0</real>
					<key>Min</key>
					<real>0.0</real>
					<key>Name</key>
					<string>Calcification</string>
					<key>NumberOfPoints</key>
					<integer>1</integer>
					<key>Point_mm</key>
					<array>
						<string>(0.000000, 0.000000, 0.000000)</string>
					</array>
					<key>Point_px</key>
					<array>
						<string>(91.299202, 3355.939941)</string>
					</array>
					<key>Total</key>
					<real>0.0</real>
					<key>Type</key>
					<integer>19</integer>
				</dict>
				<dict>
					<key>Area</key>
					<real>0.0</real>
					<key>Center</key>
					<string>(0.000000, 0.000000, 0.000000)</string>
					<key>Dev</key>
					<real>0.0</real>
					<key>IndexInImage</key>
					<integer>13</integer>
					<key>Max</key>
					<real>0.0</real>
					<key>Mean</key>
					<real>0.0</real>
					<key>Min</key>
					<real>0.0</real>
					<key>Name</key>
					<string>Calcification</string>
					<key>NumberOfPoints</key>
					<integer>1</integer>
					<key>Point_mm</key>
					<array>
						<string>(0.000000, 0.000000, 0.000000)</string>
					</array>
					<key>Point_px</key>
					<array>
						<string>(887.437012, 3356.760010)</string>
					</array>
					<key>Total</key>
					<real>0.0</real>
					<key>Type</key>
					<integer>19</integer>
				</dict>
				<dict>
					<key>Area</key>
					<real>0.0</real>
					<key>Center</key>
					<string>(0.000000, 0.000000, 0.000000)</string>
					<key>Dev</key>
					<real>0.0</real>
					<key>IndexInImage</key>
					<integer>14</integer>
					<key>Max</key>
					<real>0.0</real>
					<key>Mean</key>
					<real>0.0</real>
					<key>Min</key>
					<real>0.0</real>
					<key>Name</key>
					<string>Calcification</string>
					<key>NumberOfPoints</key>
					<integer>1</integer>
					<key>Point_mm</key>
					<array>
						<string>(0.000000, 0.000000, 0.000000)</string>
					</array>
					<key>Point_px</key>
					<array>
						<string>(3.935910, 3714.909912)</string>
					</array>
					<key>Total</key>
					<real>0.0</real>
					<key>Type</key>
					<integer>19</integer>
				</dict>
			</array>
		</dict>
	</array>
</dict>
</plist>
