<?xml version="1.0" encoding="UTF-8"?>
<!DOCTYPE plist PUBLIC "-//Apple//DTD PLIST 1.0//EN" "http://www.apple.com/DTDs/PropertyList-1.0.dtd">
<plist version="1.0">
<dict>
	<key>Images</key>
	<array>
		<dict>
			<key>ImageIndex</key>
			<integer>0</integer>
			<key>NumberOfROIs</key>
			<integer>1</integer>
			<key>ROIs</key>
			<array>
				<dict>
					<key>Area</key>
					<real>0.41247588396072388</real>
					<key>Center</key>
					<string>(0.000000, 0.000000, 0.000000)</string>
					<key>Dev</key>
					<real>112.83879852294922</real>
					<key>IndexInImage</key>
					<integer>0</integer>
					<key>Max</key>
					<real>2012</real>
					<key>Mean</key>
					<real>1681.7174072265625</real>
					<key>Min</key>
					<real>1322</real>
					<key>Name</key>
					<string>Mass</string>
					<key>NumberOfPoints</key>
					<integer>111</integer>
					<key>Point_mm</key>
					<array>
						<string>(0.000000, 0.000000, 0.000000)</string>
						<string>(0.000000, 0.000000, 0.000000)</string>
						<string>(0.000000, 0.000000, 0.000000)</string>
						<string>(0.000000, 0.000000, 0.000000)</string>
						<string>(0.000000, 0.000000, 0.000000)</string>
						<string>(0.000000, 0.000000, 0.000000)</string>
						<string>(0.000000, 0.000000, 0.000000)</string>
						<string>(0.000000, 0.000000, 0.000000)</string>
						<string>(0.000000, 0.000000, 0.000000)</string>
						<string>(0.000000, 0.000000, 0.000000)</string>
						<string>(0.000000, 0.000000, 0.000000)</string>
						<string>(0.000000, 0.000000, 0.000000)</string>
						<string>(0.000000, 0.000000, 0.000000)</string>
						<string>(0.000000, 0.000000, 0.000000)</string>
						<string>(0.000000, 0.000000, 0.000000)</string>
						<string>(0.000000, 0.000000, 0.000000)</string>
						<string>(0.000000, 0.000000, 0.000000)</string>
						<string>(0.000000, 0.000000, 0.000000)</string>
						<string>(0.000000, 0.000000, 0.000000)</string>
						<string>(0.000000, 0.000000, 0.000000)</string>
						<string>(0.000000, 0.000000, 0.000000)</string>
						<string>(0.000000, 0.000000, 0.000000)</string>
						<string>(0.000000, 0.000000, 0.000000)</string>
						<string>(0.000000, 0.000000, 0.000000)</string>
						<string>(0.000000, 0.000000, 0.000000)</string>
						<string>(0.000000, 0.000000, 0.000000)</string>
						<string>(0.000000, 0.000000, 0.000000)</string>
						<string>(0.000000, 0.000000, 0.000000)</string>
						<string>(0.000000, 0.000000, 0.000000)</string>
						<string>(0.000000, 0.000000, 0.000000)</string>
						<string>(0.000000, 0.000000, 0.000000)</string>
						<string>(0.000000, 0.000000, 0.000000)</string>
						<string>(0.000000, 0.000000, 0.000000)</string>
						<string>(0.000000, 0.000000, 0.000000)</string>
						<string>(0.000000, 0.000000, 0.000000)</string>
						<string>(0.000000, 0.000000, 0.000000)</string>
						<string>(0.000000, 0.000000, 0.000000)</string>
						<string>(0.000000, 0.000000, 0.000000)</string>
						<string>(0.000000, 0.000000, 0.000000)</string>
						<string>(0.000000, 0.000000, 0.000000)</string>
						<string>(0.000000, 0.000000, 0.000000)</string>
						<string>(0.000000, 0.000000, 0.000000)</string>
						<string>(0.000000, 0.000000, 0.000000)</string>
						<string>(0.000000, 0.000000, 0.000000)</string>
						<string>(0.000000, 0.000000, 0.000000)</string>
						<string>(0.000000, 0.000000, 0.000000)</string>
						<string>(0.000000, 0.000000, 0.000000)</string>
						<string>(0.000000, 0.000000, 0.000000)</string>
						<string>(0.000000, 0.000000, 0.000000)</string>
						<string>(0.000000, 0.000000, 0.000000)</string>
						<string>(0.000000, 0.000000, 0.000000)</string>
						<string>(0.000000, 0.000000, 0.000000)</string>
						<string>(0.000000, 0.000000, 0.000000)</string>
						<string>(0.000000, 0.000000, 0.000000)</string>
						<string>(0.000000, 0.000000, 0.000000)</string>
						<string>(0.000000, 0.000000, 0.000000)</string>
						<string>(0.000000, 0.000000, 0.000000)</string>
						<string>(0.000000, 0.000000, 0.000000)</string>
						<string>(0.000000, 0.000000, 0.000000)</string>
						<string>(0.000000, 0.000000, 0.000000)</string>
						<string>(0.000000, 0.000000, 0.000000)</string>
						<string>(0.000000, 0.000000, 0.000000)</string>
						<string>(0.000000, 0.000000, 0.000000)</string>
						<string>(0.000000, 0.000000, 0.000000)</string>
						<string>(0.000000, 0.000000, 0.000000)</string>
						<string>(0.000000, 0.000000, 0.000000)</string>
						<string>(0.000000, 0.000000, 0.000000)</string>
						<string>(0.000000, 0.000000, 0.000000)</string>
						<string>(0.000000, 0.000000, 0.000000)</string>
						<string>(0.000000, 0.000000, 0.000000)</string>
						<string>(0.000000, 0.000000, 0.000000)</string>
						<string>(0.000000, 0.000000, 0.000000)</string>
						<string>(0.000000, 0.000000, 0.000000)</string>
						<string>(0.000000, 0.000000, 0.000000)</string>
						<string>(0.000000, 0.000000, 0.000000)</string>
						<string>(0.000000, 0.000000, 0.000000)</string>
						<string>(0.000000, 0.000000, 0.000000)</string>
						<string>(0.000000, 0.000000, 0.000000)</string>
						<string>(0.000000, 0.000000, 0.000000)</string>
						<string>(0.000000, 0.000000, 0.000000)</string>
						<string>(0.000000, 0.000000, 0.000000)</string>
						<string>(0.000000, 0.000000, 0.000000)</string>
						<string>(0.000000, 0.000000, 0.000000)</string>
						<string>(0.000000, 0.000000, 0.000000)</string>
						<string>(0.000000, 0.000000, 0.000000)</string>
						<string>(0.000000, 0.000000, 0.000000)</string>
						<string>(0.000000, 0.000000, 0.000000)</string>
						<string>(0.000000, 0.000000, 0.000000)</string>
						<string>(0.000000, 0.000000, 0.000000)</string>
						<string>(0.000000, 0.000000, 0.000000)</string>
						<string>(0.000000, 0.000000, 0.000000)</string>
						<string>(0.000000, 0.000000, 0.000000)</string>
						<string>(0.000000, 0.000000, 0.000000)</string>
						<string>(0.000000, 0.000000, 0.000000)</string>
						<string>(0.000000, 0.000000, 0.000000)</string>
						<string>(0.000000, 0.000000, 0.000000)</string>
						<string>(0.000000, 0.000000, 0.000000)</string>
						<string>(0.000000, 0.000000, 0.000000)</string>
						<string>(0.000000, 0.000000, 0.000000)</string>
						<string>(0.000000, 0.000000, 0.000000)</string>
						<string>(0.000000, 0.000000, 0.000000)</string>
						<string>(0.000000, 0.000000, 0.000000)</string>
						<string>(0.000000, 0.000000, 0.000000)</string>
						<string>(0.000000, 0.000000, 0.000000)</string>
						<string>(0.000000, 0.000000, 0.000000)</string>
						<string>(0.000000, 0.000000, 0.000000)</string>
						<string>(0.000000, 0.000000, 0.000000)</string>
						<string>(0.000000, 0.000000, 0.000000)</string>
						<string>(0.000000, 0.000000, 0.000000)</string>
						<string>(0.000000, 0.000000, 0.000000)</string>
						<string>(0.000000, 0.000000, 0.000000)</string>
					</array>
					<key>Point_px</key>
					<array>
						<string>(1852.109985, 1677.560059)</string>
						<string>(1849.609985, 1680.150024)</string>
						<string>(1845.800049, 1683.439941)</string>
						<string>(1842.439941, 1688.069946)</string>
						<string>(1838.949951, 1687.709961)</string>
						<string>(1836.500000, 1685.130005)</string>
						<string>(1833.800049, 1685.989990)</string>
						<string>(1834.829956, 1689.770020)</string>
						<string>(1833.800049, 1692.869995)</string>
						<string>(1829.000000, 1693.430054)</string>
						<string>(1827.270020, 1695.270020)</string>
						<string>(1822.800049, 1696.650024)</string>
						<string>(1819.359985, 1695.959961)</string>
						<string>(1816.260010, 1695.959961)</string>
						<string>(1815.579956, 1689.770020)</string>
						<string>(1810.079956, 1687.709961)</string>
						<string>(1803.540039, 1688.400024)</string>
						<string>(1798.040039, 1682.550049)</string>
						<string>(1794.680054, 1686.119995)</string>
						<string>(1787.390015, 1692.180054)</string>
						<string>(1782.920044, 1689.079956)</string>
						<string>(1777.069946, 1687.369995)</string>
						<string>(1781.199951, 1697.680054)</string>
						<string>(1777.630005, 1698.739990)</string>
						<string>(1776.650024, 1705.140015)</string>
						<string>(1778.609985, 1706.609985)</string>
						<string>(1777.420044, 1710.400024)</string>
						<string>(1774.680054, 1714.979980)</string>
						<string>(1776.040039, 1719.339966)</string>
						<string>(1774.569946, 1725.030029)</string>
						<string>(1772.229980, 1727.959961)</string>
						<string>(1770.469971, 1731.469971)</string>
						<string>(1768.719971, 1734.979980)</string>
						<string>(1766.380005, 1738.489990)</string>
						<string>(1764.619995, 1741.420044)</string>
						<string>(1763.449951, 1746.689941)</string>
						<string>(1763.449951, 1749.609985)</string>
						<string>(1762.280029, 1753.119995)</string>
						<string>(1761.599976, 1756.119995)</string>
						<string>(1761.109985, 1759.560059)</string>
						<string>(1761.109985, 1762.489990)</string>
						<string>(1762.280029, 1766.000000)</string>
						<string>(1763.449951, 1768.920044)</string>
						<string>(1765.209961, 1772.439941)</string>
						<string>(1768.130005, 1774.780029)</string>
						<string>(1768.819946, 1778.469971)</string>
						<string>(1770.469971, 1781.209961)</string>
						<string>(1770.469971, 1784.140015)</string>
						<string>(1773.400024, 1787.650024)</string>
						<string>(1776.910034, 1789.989990)</string>
						<string>(1778.079956, 1792.920044)</string>
						<string>(1779.250000, 1796.430054)</string>
						<string>(1780.849976, 1799.780029)</string>
						<string>(1784.290039, 1802.189941)</string>
						<string>(1788.069946, 1803.219971)</string>
						<string>(1792.540039, 1804.250000)</string>
						<string>(1798.040039, 1804.939941)</string>
						<string>(1801.819946, 1804.599976)</string>
						<string>(1806.640015, 1803.569946)</string>
						<string>(1811.790039, 1803.219971)</string>
						<string>(1813.170044, 1800.130005)</string>
						<string>(1816.709961, 1799.939941)</string>
						<string>(1816.949951, 1795.310059)</string>
						<string>(1819.630005, 1793.500000)</string>
						<string>(1820.800049, 1790.579956)</string>
						<string>(1821.969971, 1787.069946)</string>
						<string>(1824.900024, 1784.729980)</string>
						<string>(1828.410034, 1782.969971)</string>
						<string>(1829.579956, 1779.459961)</string>
						<string>(1828.989990, 1775.079956)</string>
						<string>(1828.150024, 1770.459961)</string>
						<string>(1828.150024, 1767.099976)</string>
						<string>(1829.410034, 1764.579956)</string>
						<string>(1831.930054, 1767.099976)</string>
						<string>(1834.030029, 1768.780029)</string>
						<string>(1835.430054, 1772.439941)</string>
						<string>(1837.189941, 1775.949951)</string>
						<string>(1839.609985, 1776.630005)</string>
						<string>(1841.250000, 1773.680054)</string>
						<string>(1841.869995, 1770.680054)</string>
						<string>(1841.280029, 1767.750000)</string>
						<string>(1839.530029, 1764.239990)</string>
						<string>(1838.939941, 1761.319946)</string>
						<string>(1841.280029, 1757.810059)</string>
						<string>(1844.209961, 1756.640015)</string>
						<string>(1846.550049, 1753.709961)</string>
						<string>(1849.170044, 1751.540039)</string>
						<string>(1852.530029, 1748.599976)</string>
						<string>(1855.890015, 1744.819946)</string>
						<string>(1857.089966, 1740.250000)</string>
						<string>(1858.260010, 1737.319946)</string>
						<string>(1858.839966, 1733.810059)</string>
						<string>(1858.209961, 1730.680054)</string>
						<string>(1857.170044, 1728.619995)</string>
						<string>(1855.329956, 1724.449951)</string>
						<string>(1855.800049, 1720.369995)</string>
						<string>(1854.420044, 1716.930054)</string>
						<string>(1851.579956, 1714.810059)</string>
						<string>(1849.609985, 1713.989990)</string>
						<string>(1851.270020, 1708.239990)</string>
						<string>(1852.530029, 1705.300049)</string>
						<string>(1854.209961, 1701.939941)</string>
						<string>(1855.469971, 1698.569946)</string>
						<string>(1856.500000, 1695.189941)</string>
						<string>(1857.670044, 1691.680054)</string>
						<string>(1858.839966, 1688.750000)</string>
						<string>(1860.010010, 1685.239990)</string>
						<string>(1861.780029, 1680.920044)</string>
						<string>(1863.040039, 1677.560059)</string>
						<string>(1860.099976, 1674.609985)</string>
						<string>(1855.520020, 1674.969971)</string>
					</array>
					<key>Total</key>
					<real>14462770</real>
					<key>Type</key>
					<integer>15</integer>
				</dict>
			</array>
		</dict>
	</array>
</dict>
</plist>
