<?xml version="1.0" encoding="UTF-8"?>
<!DOCTYPE plist PUBLIC "-//Apple//DTD PLIST 1.0//EN" "http://www.apple.com/DTDs/PropertyList-1.0.dtd">
<plist version="1.0">
<dict>
	<key>Images</key>
	<array>
		<dict>
			<key>ImageIndex</key>
			<integer>0</integer>
			<key>NumberOfROIs</key>
			<integer>1</integer>
			<key>ROIs</key>
			<array>
				<dict>
					<key>Area</key>
					<real>0.81155943870544434</real>
					<key>Center</key>
					<string>(0.000000, 0.000000, 0.000000)</string>
					<key>Dev</key>
					<real>559.2569580078125</real>
					<key>IndexInImage</key>
					<integer>0</integer>
					<key>Max</key>
					<real>1408</real>
					<key>Mean</key>
					<real>432.32791137695312</real>
					<key>Min</key>
					<real>0.0</real>
					<key>Name</key>
					<string>Mass</string>
					<key>NumberOfPoints</key>
					<integer>128</integer>
					<key>Point_mm</key>
					<array>
						<string>(0.000000, 0.000000, 0.000000)</string>
						<string>(0.000000, 0.000000, 0.000000)</string>
						<string>(0.000000, 0.000000, 0.000000)</string>
						<string>(0.000000, 0.000000, 0.000000)</string>
						<string>(0.000000, 0.000000, 0.000000)</string>
						<string>(0.000000, 0.000000, 0.000000)</string>
						<string>(0.000000, 0.000000, 0.000000)</string>
						<string>(0.000000, 0.000000, 0.000000)</string>
						<string>(0.000000, 0.000000, 0.000000)</string>
						<string>(0.000000, 0.000000, 0.000000)</string>
						<string>(0.000000, 0.000000, 0.000000)</string>
						<string>(0.000000, 0.000000, 0.000000)</string>
						<string>(0.000000, 0.000000, 0.000000)</string>
						<string>(0.000000, 0.000000, 0.000000)</string>
						<string>(0.000000, 0.000000, 0.000000)</string>
						<string>(0.000000, 0.000000, 0.000000)</string>
						<string>(0.000000, 0.000000, 0.000000)</string>
						<string>(0.000000, 0.000000, 0.000000)</string>
						<string>(0.000000, 0.000000, 0.000000)</string>
						<string>(0.000000, 0.000000, 0.000000)</string>
						<string>(0.000000, 0.000000, 0.000000)</string>
						<string>(0.000000, 0.000000, 0.000000)</string>
						<string>(0.000000, 0.000000, 0.000000)</string>
						<string>(0.000000, 0.000000, 0.000000)</string>
						<string>(0.000000, 0.000000, 0.000000)</string>
						<string>(0.000000, 0.000000, 0.000000)</string>
						<string>(0.000000, 0.000000, 0.000000)</string>
						<string>(0.000000, 0.000000, 0.000000)</string>
						<string>(0.000000, 0.000000, 0.000000)</string>
						<string>(0.000000, 0.000000, 0.000000)</string>
						<string>(0.000000, 0.000000, 0.000000)</string>
						<string>(0.000000, 0.000000, 0.000000)</string>
						<string>(0.000000, 0.000000, 0.000000)</string>
						<string>(0.000000, 0.000000, 0.000000)</string>
						<string>(0.000000, 0.000000, 0.000000)</string>
						<string>(0.000000, 0.000000, 0.000000)</string>
						<string>(0.000000, 0.000000, 0.000000)</string>
						<string>(0.000000, 0.000000, 0.000000)</string>
						<string>(0.000000, 0.000000, 0.000000)</string>
						<string>(0.000000, 0.000000, 0.000000)</string>
						<string>(0.000000, 0.000000, 0.000000)</string>
						<string>(0.000000, 0.000000, 0.000000)</string>
						<string>(0.000000, 0.000000, 0.000000)</string>
						<string>(0.000000, 0.000000, 0.000000)</string>
						<string>(0.000000, 0.000000, 0.000000)</string>
						<string>(0.000000, 0.000000, 0.000000)</string>
						<string>(0.000000, 0.000000, 0.000000)</string>
						<string>(0.000000, 0.000000, 0.000000)</string>
						<string>(0.000000, 0.000000, 0.000000)</string>
						<string>(0.000000, 0.000000, 0.000000)</string>
						<string>(0.000000, 0.000000, 0.000000)</string>
						<string>(0.000000, 0.000000, 0.000000)</string>
						<string>(0.000000, 0.000000, 0.000000)</string>
						<string>(0.000000, 0.000000, 0.000000)</string>
						<string>(0.000000, 0.000000, 0.000000)</string>
						<string>(0.000000, 0.000000, 0.000000)</string>
						<string>(0.000000, 0.000000, 0.000000)</string>
						<string>(0.000000, 0.000000, 0.000000)</string>
						<string>(0.000000, 0.000000, 0.000000)</string>
						<string>(0.000000, 0.000000, 0.000000)</string>
						<string>(0.000000, 0.000000, 0.000000)</string>
						<string>(0.000000, 0.000000, 0.000000)</string>
						<string>(0.000000, 0.000000, 0.000000)</string>
						<string>(0.000000, 0.000000, 0.000000)</string>
						<string>(0.000000, 0.000000, 0.000000)</string>
						<string>(0.000000, 0.000000, 0.000000)</string>
						<string>(0.000000, 0.000000, 0.000000)</string>
						<string>(0.000000, 0.000000, 0.000000)</string>
						<string>(0.000000, 0.000000, 0.000000)</string>
						<string>(0.000000, 0.000000, 0.000000)</string>
						<string>(0.000000, 0.000000, 0.000000)</string>
						<string>(0.000000, 0.000000, 0.000000)</string>
						<string>(0.000000, 0.000000, 0.000000)</string>
						<string>(0.000000, 0.000000, 0.000000)</string>
						<string>(0.000000, 0.000000, 0.000000)</string>
						<string>(0.000000, 0.000000, 0.000000)</string>
						<string>(0.000000, 0.000000, 0.000000)</string>
						<string>(0.000000, 0.000000, 0.000000)</string>
						<string>(0.000000, 0.000000, 0.000000)</string>
						<string>(0.000000, 0.000000, 0.000000)</string>
						<string>(0.000000, 0.000000, 0.000000)</string>
						<string>(0.000000, 0.000000, 0.000000)</string>
						<string>(0.000000, 0.000000, 0.000000)</string>
						<string>(0.000000, 0.000000, 0.000000)</string>
						<string>(0.000000, 0.000000, 0.000000)</string>
						<string>(0.000000, 0.000000, 0.000000)</string>
						<string>(0.000000, 0.000000, 0.000000)</string>
						<string>(0.000000, 0.000000, 0.000000)</string>
						<string>(0.000000, 0.000000, 0.000000)</string>
						<string>(0.000000, 0.000000, 0.000000)</string>
						<string>(0.000000, 0.000000, 0.000000)</string>
						<string>(0.000000, 0.000000, 0.000000)</string>
						<string>(0.000000, 0.000000, 0.000000)</string>
						<string>(0.000000, 0.000000, 0.000000)</string>
						<string>(0.000000, 0.000000, 0.000000)</string>
						<string>(0.000000, 0.000000, 0.000000)</string>
						<string>(0.000000, 0.000000, 0.000000)</string>
						<string>(0.000000, 0.000000, 0.000000)</string>
						<string>(0.000000, 0.000000, 0.000000)</string>
						<string>(0.000000, 0.000000, 0.000000)</string>
						<string>(0.000000, 0.000000, 0.000000)</string>
						<string>(0.000000, 0.000000, 0.000000)</string>
						<string>(0.000000, 0.000000, 0.000000)</string>
						<string>(0.000000, 0.000000, 0.000000)</string>
						<string>(0.000000, 0.000000, 0.000000)</string>
						<string>(0.000000, 0.000000, 0.000000)</string>
						<string>(0.000000, 0.000000, 0.000000)</string>
						<string>(0.000000, 0.000000, 0.000000)</string>
						<string>(0.000000, 0.000000, 0.000000)</string>
						<string>(0.000000, 0.000000, 0.000000)</string>
						<string>(0.000000, 0.000000, 0.000000)</string>
						<string>(0.000000, 0.000000, 0.000000)</string>
						<string>(0.000000, 0.000000, 0.000000)</string>
						<string>(0.000000, 0.000000, 0.000000)</string>
						<string>(0.000000, 0.000000, 0.000000)</string>
						<string>(0.000000, 0.000000, 0.000000)</string>
						<string>(0.000000, 0.000000, 0.000000)</string>
						<string>(0.000000, 0.000000, 0.000000)</string>
						<string>(0.000000, 0.000000, 0.000000)</string>
						<string>(0.000000, 0.000000, 0.000000)</string>
						<string>(0.000000, 0.000000, 0.000000)</string>
						<string>(0.000000, 0.000000, 0.000000)</string>
						<string>(0.000000, 0.000000, 0.000000)</string>
						<string>(0.000000, 0.000000, 0.000000)</string>
						<string>(0.000000, 0.000000, 0.000000)</string>
						<string>(0.000000, 0.000000, 0.000000)</string>
						<string>(0.000000, 0.000000, 0.000000)</string>
						<string>(0.000000, 0.000000, 0.000000)</string>
					</array>
					<key>Point_px</key>
					<array>
						<string>(1997.459961, 995.195007)</string>
						<string>(2002.640015, 995.195007)</string>
						<string>(2006.949951, 995.195007)</string>
						<string>(2011.270020, 994.331970)</string>
						<string>(2015.579956, 994.331970)</string>
						<string>(2019.900024, 994.331970)</string>
						<string>(2025.069946, 992.606018)</string>
						<string>(2027.660034, 987.427979)</string>
						<string>(2032.839966, 985.702026)</string>
						<string>(2037.160034, 985.702026)</string>
						<string>(2038.880005, 981.387024)</string>
						<string>(2044.060059, 977.072998)</string>
						<string>(2047.849976, 971.914001)</string>
						<string>(2051.229980, 970.367004)</string>
						<string>(2052.270020, 967.604004)</string>
						<string>(2052.350098, 959.406006)</string>
						<string>(2058.729980, 958.086975)</string>
						<string>(2063.040039, 956.361023)</string>
						<string>(2067.360107, 954.635010)</string>
						<string>(2069.949951, 949.456970)</string>
						<string>(2070.810059, 944.278992)</string>
						<string>(2074.260010, 939.101013)</string>
						<string>(2078.580078, 934.786011)</string>
						<string>(2080.300049, 929.609009)</string>
						<string>(2077.360107, 926.385986)</string>
						<string>(2073.860107, 923.383972)</string>
						<string>(2070.860107, 918.380981)</string>
						<string>(2069.090088, 914.075012)</string>
						<string>(2064.770020, 913.211975)</string>
						<string>(2063.909912, 908.033997)</string>
						<string>(2059.590088, 907.171021)</string>
						<string>(2055.280029, 907.171021)</string>
						<string>(2050.100098, 906.307983)</string>
						<string>(2045.790039, 906.307983)</string>
						<string>(2041.469971, 906.307983)</string>
						<string>(2037.160034, 907.171021)</string>
						<string>(2034.569946, 902.856018)</string>
						<string>(2032.839966, 897.677979)</string>
						<string>(2031.109985, 893.362976)</string>
						<string>(2026.800049, 892.500000)</string>
						<string>(2022.479980, 892.500000)</string>
						<string>(2018.170044, 892.500000)</string>
						<string>(2015.329956, 896.367004)</string>
						<string>(2013.319946, 898.869019)</string>
						<string>(2009.319946, 896.867004)</string>
						<string>(2009.819946, 891.864014)</string>
						<string>(2011.270020, 885.596985)</string>
						<string>(2011.270020, 880.419006)</string>
						<string>(2011.270020, 875.241028)</string>
						<string>(2010.400024, 870.926025)</string>
						<string>(2007.810059, 865.747986)</string>
						<string>(2006.089966, 861.432983)</string>
						<string>(2002.640015, 856.255005)</string>
						<string>(1998.319946, 851.077026)</string>
						<string>(1993.140015, 848.487976)</string>
						<string>(1988.829956, 846.762024)</string>
						<string>(1984.510010, 845.898987)</string>
						<string>(1980.199951, 845.036011)</string>
						<string>(1975.020020, 843.310974)</string>
						<string>(1970.709961, 840.721985)</string>
						<string>(1966.390015, 839.859009)</string>
						<string>(1962.079956, 839.859009)</string>
						<string>(1957.760010, 839.859009)</string>
						<string>(1952.579956, 839.859009)</string>
						<string>(1948.270020, 840.721985)</string>
						<string>(1943.949951, 841.585022)</string>
						<string>(1941.359985, 845.898987)</string>
						<string>(1939.640015, 851.077026)</string>
						<string>(1940.500000, 855.392029)</string>
						<string>(1942.229980, 860.570007)</string>
						<string>(1947.410034, 861.432983)</string>
						<string>(1951.719971, 864.885010)</string>
						<string>(1952.579956, 870.062988)</string>
						<string>(1948.270020, 871.789001)</string>
						<string>(1943.949951, 871.789001)</string>
						<string>(1939.640015, 870.926025)</string>
						<string>(1935.319946, 870.926025)</string>
						<string>(1930.150024, 870.926025)</string>
						<string>(1926.270020, 870.851990)</string>
						<string>(1923.270020, 866.848999)</string>
						<string>(1920.770020, 870.351013)</string>
						<string>(1919.770020, 874.354004)</string>
						<string>(1921.520020, 878.692993)</string>
						<string>(1921.520020, 883.870972)</string>
						<string>(1918.060059, 888.185974)</string>
						<string>(1922.380005, 890.773987)</string>
						<string>(1925.829956, 895.952026)</string>
						<string>(1921.520020, 896.815002)</string>
						<string>(1917.199951, 896.815002)</string>
						<string>(1918.060059, 901.992981)</string>
						<string>(1922.380005, 904.581970)</string>
						<string>(1922.380005, 908.896973)</string>
						<string>(1918.060059, 909.760010)</string>
						<string>(1913.260010, 910.875977)</string>
						<string>(1907.760010, 911.877014)</string>
						<string>(1905.760010, 915.379028)</string>
						<string>(1914.609985, 916.664001)</string>
						<string>(1918.930054, 920.116028)</string>
						<string>(1922.770020, 923.883972)</string>
						<string>(1925.270020, 927.385986)</string>
						<string>(1930.150024, 929.609009)</string>
						<string>(1935.319946, 931.335022)</string>
						<string>(1939.640015, 932.197998)</string>
						<string>(1940.500000, 937.375000)</string>
						<string>(1936.189941, 939.101013)</string>
						<string>(1931.869995, 940.827026)</string>
						<string>(1929.280029, 946.005005)</string>
						<string>(1929.280029, 950.320007)</string>
						<string>(1929.280029, 955.497986)</string>
						<string>(1929.280029, 959.812988)</string>
						<string>(1930.270020, 965.909973)</string>
						<string>(1927.560059, 970.169006)</string>
						<string>(1930.150024, 974.484009)</string>
						<string>(1935.319946, 978.799011)</string>
						<string>(1939.640015, 982.250000)</string>
						<string>(1943.949951, 984.838989)</string>
						<string>(1948.270020, 986.565002)</string>
						<string>(1952.579956, 990.017029)</string>
						<string>(1956.900024, 994.331970)</string>
						<string>(1961.209961, 996.921021)</string>
						<string>(1965.530029, 1002.099976)</string>
						<string>(1969.839966, 1002.960022)</string>
						<string>(1974.160034, 1003.820007)</string>
						<string>(1978.469971, 1001.239990)</string>
						<string>(1981.060059, 996.057983)</string>
						<string>(1985.380005, 992.606018)</string>
						<string>(1989.689941, 992.606018)</string>
						<string>(1994.010010, 992.606018)</string>
					</array>
					<key>Total</key>
					<real>7247545</real>
					<key>Type</key>
					<integer>15</integer>
				</dict>
			</array>
		</dict>
	</array>
</dict>
</plist>
