<?xml version="1.0" encoding="UTF-8"?>
<!DOCTYPE plist PUBLIC "-//Apple//DTD PLIST 1.0//EN" "http://www.apple.com/DTDs/PropertyList-1.0.dtd">
<plist version="1.0">
<dict>
	<key>Images</key>
	<array>
		<dict>
			<key>ImageIndex</key>
			<integer>0</integer>
			<key>NumberOfROIs</key>
			<integer>1</integer>
			<key>ROIs</key>
			<array>
				<dict>
					<key>Area</key>
					<real>0.0025724999140948057</real>
					<key>Center</key>
					<string>(0.000000, 0.000000, 0.000000)</string>
					<key>Dev</key>
					<real>396.28875732421875</real>
					<key>IndexInImage</key>
					<integer>0</integer>
					<key>Max</key>
					<real>2368</real>
					<key>Mean</key>
					<real>1645.0625</real>
					<key>Min</key>
					<real>843</real>
					<key>Name</key>
					<string>Calcification</string>
					<key>NumberOfPoints</key>
					<integer>10</integer>
					<key>Point_mm</key>
					<array>
						<string>(0.000000, 0.000000, 0.000000)</string>
						<string>(0.000000, 0.000000, 0.000000)</string>
						<string>(0.000000, 0.000000, 0.000000)</string>
						<string>(0.000000, 0.000000, 0.000000)</string>
						<string>(0.000000, 0.000000, 0.000000)</string>
						<string>(0.000000, 0.000000, 0.000000)</string>
						<string>(0.000000, 0.000000, 0.000000)</string>
						<string>(0.000000, 0.000000, 0.000000)</string>
						<string>(0.000000, 0.000000, 0.000000)</string>
						<string>(0.000000, 0.000000, 0.000000)</string>
					</array>
					<key>Point_px</key>
					<array>
						<string>(1577.658936, 1552.893921)</string>
						<string>(1579.853149, 1551.640015)</string>
						<string>(1582.831055, 1551.326660)</string>
						<string>(1584.868408, 1552.580444)</string>
						<string>(1585.338623, 1554.617920)</string>
						<string>(1585.338623, 1557.125488)</string>
						<string>(1583.614624, 1558.849487)</string>
						<string>(1580.950195, 1558.849487)</string>
						<string>(1578.599365, 1557.595703)</string>
						<string>(1577.031982, 1555.558228)</string>
					</array>
					<key>Total</key>
					<real>105284</real>
					<key>Type</key>
					<integer>15</integer>
				</dict>
			</array>
		</dict>
	</array>
</dict>
</plist>
