file_name,tag
50994760_069212ec65a94339_MG_R_ML_ANON.jpg,training
22614266_1e5c3af078f74b05_MG_L_ML_ANON.jpg,training
24055176_606e9b184978a350_MG_R_ML_ANON.jpg,training
22670673_e15a16f87b4f9782_MG_R_ML_ANON.jpg,training
22579730_bbd6a3a35438c11b_MG_R_ML_ANON.jpg,training
53581237_80123a24997098dc_MG_R_ML_ANON.jpg,training
24055600_6f1aef40b3775182_MG_R_ML_ANON.jpg,training
50998349_1e4b534393d18753_MG_R_CC_ANON.jpg,training
50998322_1e4b534393d18753_MG_R_ML_ANON.jpg,training
50998086_66adfbb4f19c76d2_MG_R_ML_ANON.jpg,training
53587599_11e6732579acf692_MG_L_CC_ANON.jpg,training
53582331_8913a7e0cf3bd74e_MG_R_CC_ANON.jpg,training
50994616_de4c34099d6ef8de_MG_R_CC_ANON.jpg,training
24055464_ac3185e18ffdc7b6_MG_R_ML_ANON.jpg,training
22613822_45c7f44839fd9e68_MG_R_ML_ANON.jpg,training
53582540_3e73f1c0670cfb0a_MG_R_ML_ANON.jpg,training
24058660_9e8db9e34d5275ef_MG_R_CC_ANON.jpg,training
22613918_f23fa352e7de3dc7_MG_R_CC_ANON.jpg,training
51048765_3f22cdda8da215e3_MG_R_CC_ANON.jpg,training
50997678_67cc8c9939d74a9a_MG_R_CC_ANON.jpg,training
53581379_b231a8ba4dd4214f_MG_L_ML_ANON.jpg,training
50994706_069212ec65a94339_MG_R_CC_ANON.jpg,training
24065251_c4b995eddb3c510c_MG_L_ML_ANON.jpg,training
24055725_f0f1a133837b5137_MG_L_ML_ANON.jpg,training
20587928_8dbbd4e51f549ff0_MG_R_ML_ANON.jpg,training
24055877_839819f2eadaf325_MG_L_ML_ANON.jpg,training
22580732_fe7d005dcbbfb46d_MG_L_ML_ANON.jpg,training
22678810_64a22c47765f0c5c_MG_L_CC_ANON.jpg,training
24065707_5291e1aee2bbf5df_MG_R_ML_ANON.jpg,training
50993976_de5e8d61e501a71b_MG_R_CC_ANON.jpg,training
30011674_6968748e66837bc7_MG_L_CC_ANON.jpg,training
50999094_cb65e8dac169f596_MG_L_ML_ANON.jpg,training
50996056_71c1a60d57c5322f_MG_L_ML_ANON.jpg,training
24065308_c4b995eddb3c510c_MG_R_CC_ANON.jpg,training
50997769_cbb6c98a81e69eeb_MG_R_ML_ANON.jpg,training
50996228_8c1b2bd64ca4d778_MG_L_CC_ANON.jpg,training
20587492_d571b5880ad2a016_MG_R_ML_ANON.jpg,training
22580192_5530d5782fc89dd7_MG_R_CC_ANON.jpg,training
22427864_bbd6a3a35438c11b_MG_L_CC_ANON.jpg,training
53582476_3f0db31711fc9795_MG_R_CC_ANON.jpg,training
22579893_301f1776aebbf5d2_MG_R_ML_ANON.jpg,training
53582710_465aa5ec1b59efc6_MG_R_ML_ANON.jpg,training
50997134_ce5e5e18a261cd29_MG_R_CC_ANON.jpg,training
53580638_40e22f2e3215b954_MG_R_ML_ANON.jpg,training
50996201_8c1b2bd64ca4d778_MG_L_ML_ANON.jpg,training
51049628_6f64793857feb5d0_MG_L_ML_ANON.jpg,training
20587758_81cd83d2f4d78528_MG_L_CC_ANON.jpg,training
24058738_9e8db9e34d5275ef_MG_L_ML_ANON.jpg,training
20587784_81cd83d2f4d78528_MG_R_ML_ANON.jpg,training
22614236_1e5c3af078f74b05_MG_L_CC_ANON.jpg,training
50995963_d742ec2f9b90aa62_MG_L_ML_ANON.jpg,training
24065530_d8205a09c8173f44_MG_L_ML_ANON.jpg,training
20587226_fd746d25eb40b3dc_MG_L_ML_ANON.jpg,training
50996083_71c1a60d57c5322f_MG_R_ML_ANON.jpg,training
50993868_de5e8d61e501a71b_MG_R_CC_ANON.jpg,training
24065887_c01f83a1eb283270_MG_L_CC_ANON.jpg,training
53586805_e5f3f68b9ce31228_MG_R_CC_ANON.jpg,training
22613970_f23fa352e7de3dc7_MG_R_ML_ANON.jpg,training
22613650_dcafa6ba6374ec07_MG_L_CC_ANON.jpg,training
22580038_6200187f3f1ccc18_MG_L_CC_ANON.jpg,training
50998113_66adfbb4f19c76d2_MG_L_CC_ANON.jpg,training
24055051_2f1104b3cda7f145_MG_L_CC_ANON.jpg,training
51049655_6f64793857feb5d0_MG_R_ML_ANON.jpg,training
50998440_1f139436acfc5467_MG_R_ML_ANON.jpg,training
51049682_6f64793857feb5d0_MG_L_CC_ANON.jpg,training
53587572_11e6732579acf692_MG_L_ML_ANON.jpg,training
50994562_de4c34099d6ef8de_MG_R_CC_ANON.jpg,training
22670301_98429c0bdf78c0c7_MG_L_CC_ANON.jpg,training
50995990_d742ec2f9b90aa62_MG_L_CC_ANON.jpg,training
24055024_2f1104b3cda7f145_MG_R_ML_ANON.jpg,training
20587612_f4b2d377f43ba0bd_MG_R_CC_ANON.jpg,training
22671003_f571fd4e63c718e3_MG_L_ML_ANON.jpg,training
20587638_f4b2d377f43ba0bd_MG_L_CC_ANON.jpg,training
51049080_8c105bb715bf1c3c_MG_R_ML_ANON.jpg,training
22614127_6bd24a0a42c19ce1_MG_R_ML_ANON.jpg,training
22613702_dcafa6ba6374ec07_MG_L_ML_ANON.jpg,training
24055355_1e10aef17c9fe149_MG_L_CC_ANON.jpg,training
50994895_069212ec65a94339_MG_R_CC_ANON.jpg,training
22678670_61b13c59bcba149e_MG_R_ML_ANON.jpg,training
20587810_81cd83d2f4d78528_MG_L_ML_ANON.jpg,training
22614074_6bd24a0a42c19ce1_MG_R_CC_ANON.jpg,training
50998494_1f139436acfc5467_MG_R_CC_ANON.jpg,training
53581060_4c341dad22471922_MG_R_CC_ANON.jpg,training
22613996_f23fa352e7de3dc7_MG_L_ML_ANON.jpg,training
24065380_83db89f57aea498a_MG_L_ML_ANON.jpg,training
20588138_8d0b9620c53c0268_MG_R_ML_ANON.jpg,training
22580680_fe7d005dcbbfb46d_MG_L_CC_ANON.jpg,training
53587508_d2befe622e188943_MG_R_CC_ANON.jpg,training
53580665_40e22f2e3215b954_MG_L_CC_ANON.jpg,training
30011507_349323117bf0fd93_MG_L_CC_ANON.jpg,training
22678646_61b13c59bcba149e_MG_L_CC_ANON.jpg,training
20587200_fd746d25eb40b3dc_MG_R_ML_ANON.jpg,training
53586415_dda3c6969a34ff8e_MG_L_CC_ANON.jpg,training
27829188_fbb55bf7fff48540_MG_R_ML_ANON.jpg,training
50997277_9054942f7be52dd9_MG_L_CC_ANON.jpg,training
30011727_6968748e66837bc7_MG_L_ML_ANON.jpg,training
24065860_c01f83a1eb283270_MG_R_ML_ANON.jpg,training
24055274_1e10aef17c9fe149_MG_L_ML_ANON.jpg,training
24055573_6f1aef40b3775182_MG_L_ML_ANON.jpg,training
53581941_21e6cc12630e5e9f_MG_R_CC_ANON.jpg,training
53580885_51bec6477a7898b9_MG_R_CC_ANON.jpg,training
20587294_e634830794f5c1bd_MG_R_CC_ANON.jpg,training
53581406_b231a8ba4dd4214f_MG_R_ML_ANON.jpg,training
22613796_45c7f44839fd9e68_MG_L_CC_ANON.jpg,training
22678449_60995d51033e24b8_MG_R_CC_ANON.jpg,training
50996325_6aba0b402889a16f_MG_L_ML_ANON.jpg,training
24055904_839819f2eadaf325_MG_R_ML_ANON.jpg,training
50998467_1f139436acfc5467_MG_L_CC_ANON.jpg,training
20588654_036aff49b8ac84f0_MG_R_ML_ANON.jpg,training
53586778_e5f3f68b9ce31228_MG_L_CC_ANON.jpg,training
20588072_024ee3569b2605dc_MG_L_ML_ANON.jpg,training
50997651_67cc8c9939d74a9a_MG_L_CC_ANON.jpg,training
50994535_de4c34099d6ef8de_MG_R_ML_ANON.jpg,training
50996137_71c1a60d57c5322f_MG_R_CC_ANON.jpg,training
22614405_d065adcb9905b973_MG_R_ML_ANON.jpg,training
24055779_f0f1a133837b5137_MG_L_CC_ANON.jpg,training
22678953_b9a4da5f2dae63a9_MG_R_CC_ANON.jpg,training
50993922_de5e8d61e501a71b_MG_R_ML_ANON.jpg,training
53587690_5fb370d4c1c71974_MG_L_ML_ANON.jpg,training
20588458_bf1a6aaadb05e3df_MG_R_CC_ANON.jpg,training
50997080_ce5e5e18a261cd29_MG_L_ML_ANON.jpg,training
53581460_b231a8ba4dd4214f_MG_R_CC_ANON.jpg,training
51049053_8c105bb715bf1c3c_MG_L_ML_ANON.jpg,training
50997515_97ec8cadfca70d32_MG_R_CC_ANON.jpg,training
22678622_61b13c59bcba149e_MG_R_CC_ANON.jpg,training
26933772_f8bfddc28e8045c0_MG_R_CC_ANON.jpg,training
50996709_330e5fe16929eed4_MG_R_ML_ANON.jpg,training
51070197_6f64793857feb5d0_MG_R_CC_ANON.jpg,training
50994787_069212ec65a94339_MG_L_CC_ANON.jpg,training
22580015_6200187f3f1ccc18_MG_R_CC_ANON.jpg,training
53587427_d2befe622e188943_MG_L_ML_ANON.jpg,training
20588680_036aff49b8ac84f0_MG_L_ML_ANON.jpg,training
24055078_2f1104b3cda7f145_MG_R_CC_ANON.jpg,training
30011798_4f20c1285d8f0b1f_MG_R_CC_ANON.jpg,training
50997461_97ec8cadfca70d32_MG_R_ML_ANON.jpg,training
50996827_fdf4a1516f88b280_MG_R_ML_ANON.jpg,training
22580098_6200187f3f1ccc18_MG_L_ML_ANON.jpg,training
50995872_c94d8a1ebd452afe_MG_L_ML_ANON.jpg,training
50994868_069212ec65a94339_MG_L_CC_ANON.jpg,training
50993841_de5e8d61e501a71b_MG_L_CC_ANON.jpg,training
20588562_bf1a6aaadb05e3df_MG_L_CC_ANON.jpg,training
22614545_2dec4948fbe6336d_MG_R_ML_ANON.jpg,training
22670442_7e677f3d530e41ed_MG_R_CC_ANON.jpg,training
22427728_d713ef5849f98b6c_MG_R_ML_ANON.jpg,training
30011484_349323117bf0fd93_MG_R_CC_ANON.jpg,training
30011850_4f20c1285d8f0b1f_MG_R_ML_ANON.jpg,training
22614568_2dec4948fbe6336d_MG_L_ML_ANON.jpg,training
53580979_4c341dad22471922_MG_L_ML_ANON.jpg,training
22670147_e1f51192f7bf3f5f_MG_R_ML_ANON.jpg,training
53587481_d2befe622e188943_MG_L_CC_ANON.jpg,training
24065914_c01f83a1eb283270_MG_R_CC_ANON.jpg,training
30318067_4f20c1285d8f0b1f_MG_L_ML_ANON.jpg,training
26933830_f8bfddc28e8045c0_MG_R_ML_ANON.jpg,training
53587663_5fb370d4c1c71974_MG_R_CC_ANON.jpg,training
22670177_e1f51192f7bf3f5f_MG_L_ML_ANON.jpg,training
20587994_024ee3569b2605dc_MG_R_CC_ANON.jpg,training
53582567_3e73f1c0670cfb0a_MG_R_CC_ANON.jpg,training
24065461_83db89f57aea498a_MG_R_CC_ANON.jpg,training
50998231_f34ee0ab6591b792_MG_L_CC_ANON.jpg,training
50996972_ce5e5e18a261cd29_MG_R_ML_ANON.jpg,training
53581796_573747ee33ef6e5a_MG_L_CC_ANON.jpg,training
24055958_839819f2eadaf325_MG_R_CC_ANON.jpg,training
53582422_3f0db31711fc9795_MG_R_ML_ANON.jpg,training
53587104_7b71aa9928e6975e_MG_L_ML_ANON.jpg,training
22427840_bbd6a3a35438c11b_MG_R_CC_ANON.jpg,training
22670488_7e677f3d530e41ed_MG_R_ML_ANON.jpg,training
20587664_f4b2d377f43ba0bd_MG_R_ML_ANON.jpg,training
20587466_d571b5880ad2a016_MG_L_CC_ANON.jpg,training
53586960_809e3f43339f93c6_MG_L_ML_ANON.jpg,training
20586960_6c613a14b80a8591_MG_R_ML_ANON.jpg,training
22679036_b9a4da5f2dae63a9_MG_L_ML_ANON.jpg,training
50996800_fdf4a1516f88b280_MG_L_ML_ANON.jpg,training
50998032_66adfbb4f19c76d2_MG_R_CC_ANON.jpg,training
53582737_465aa5ec1b59efc6_MG_L_ML_ANON.jpg,training
22613624_dcafa6ba6374ec07_MG_R_CC_ANON.jpg,training
50995789_0c735e8768d276b4_MG_R_CC_ANON.jpg,training
24055627_6f1aef40b3775182_MG_L_CC_ANON.jpg,training
50997250_9054942f7be52dd9_MG_R_ML_ANON.jpg,training
22580654_fe7d005dcbbfb46d_MG_R_CC_ANON.jpg,training
20586934_6c613a14b80a8591_MG_L_CC_ANON.jpg,training
51048918_f3e93e889a7746f0_MG_R_ML_ANON.jpg,training
50993426_5d85ecc9cf26b254_MG_L_CC_ANON.jpg,training
22670347_98429c0bdf78c0c7_MG_L_ML_ANON.jpg,training
50994327_cc9e66c5b31baab8_MG_L_ML_ANON.jpg,training
53586442_dda3c6969a34ff8e_MG_R_CC_ANON.jpg,training
24065434_83db89f57aea498a_MG_L_CC_ANON.jpg,training
20588164_8d0b9620c53c0268_MG_R_CC_ANON.jpg,training
22580706_fe7d005dcbbfb46d_MG_R_ML_ANON.jpg,training
22580492_2a5b932da4ce5ca1_MG_R_CC_ANON.jpg,training
50994300_cc9e66c5b31baab8_MG_R_FB_ANON.jpg,training
50998413_1f139436acfc5467_MG_L_ML_ANON.jpg,training
20587346_e634830794f5c1bd_MG_R_ML_ANON.jpg,training
51049516_6f64793857feb5d0_MG_L_CC_ANON.jpg,training
22579847_301f1776aebbf5d2_MG_R_CC_ANON.jpg,training
24055445_ac3185e18ffdc7b6_MG_L_ML_ANON.jpg,training
51048972_f3e93e889a7746f0_MG_R_CC_ANON.jpg,training
27829161_fbb55bf7fff48540_MG_L_CC_ANON.jpg,training
50998059_66adfbb4f19c76d2_MG_L_ML_ANON.jpg,training
22580419_5eae9beae14d26fd_MG_L_ML_ANON.jpg,training
24058686_9e8db9e34d5275ef_MG_L_CC_ANON.jpg,training
50993399_5d85ecc9cf26b254_MG_L_ML_ANON.jpg,training
53581124_3be876aecfaad4ca_MG_L_ML_ANON.jpg,training
24055931_839819f2eadaf325_MG_L_CC_ANON.jpg,training
50993949_de5e8d61e501a71b_MG_L_CC_ANON.jpg,training
51049107_8c105bb715bf1c3c_MG_L_CC_ANON.jpg,training
53587131_7b71aa9928e6975e_MG_L_CC_ANON.jpg,training
51049249_832ebce700241036_MG_L_CC_ANON.jpg,training
24065557_d8205a09c8173f44_MG_R_ML_ANON.jpg,training
53586987_809e3f43339f93c6_MG_R_ML_ANON.jpg,training
22670094_e1f51192f7bf3f5f_MG_R_CC_ANON.jpg,training
22678495_60995d51033e24b8_MG_R_ML_ANON.jpg,training
22579916_301f1776aebbf5d2_MG_L_ML_ANON.jpg,training
50996881_fdf4a1516f88b280_MG_R_CC_ANON.jpg,training
53586388_dda3c6969a34ff8e_MG_R_ML_ANON.jpg,training
50994841_069212ec65a94339_MG_R_ML_ANON.jpg,training
50997488_97ec8cadfca70d32_MG_L_CC_ANON.jpg,training
50994381_cc9e66c5b31baab8_MG_L_CC_ANON.jpg,training
22580393_5eae9beae14d26fd_MG_R_ML_ANON.jpg,training
50993616_b03f1dd34eb3c55f_MG_L_ML_ANON.jpg,training
22427705_d713ef5849f98b6c_MG_L_CC_ANON.jpg,training
50996854_fdf4a1516f88b280_MG_L_CC_ANON.jpg,training
22614431_d065adcb9905b973_MG_L_ML_ANON.jpg,training
22614379_d065adcb9905b973_MG_L_CC_ANON.jpg,training
51049543_6f64793857feb5d0_MG_R_CC_ANON.jpg,training
22670832_0b7396cdccacca82_MG_L_CC_ANON.jpg,training
53580611_40e22f2e3215b954_MG_L_ML_ANON.jpg,training
53582818_465aa5ec1b59efc6_MG_R_CC_ANON.jpg,training
20588536_bf1a6aaadb05e3df_MG_L_ML_ANON.jpg,training
22427682_d713ef5849f98b6c_MG_R_CC_ANON.jpg,training
50999008_a78eba834ef6ee88_MG_R_CC_ANON.jpg,training
50996406_6aba0b402889a16f_MG_R_CC_ANON.jpg,training
26933859_f8bfddc28e8045c0_MG_L_ML_ANON.jpg,training
24055328_1e10aef17c9fe149_MG_R_ML_ANON.jpg,training
24065407_83db89f57aea498a_MG_R_ML_ANON.jpg,training
22613848_45c7f44839fd9e68_MG_L_ML_ANON.jpg,training
30011700_6968748e66837bc7_MG_R_ML_ANON.jpg,training
50999246_cb65e8dac169f596_MG_L_ML_ANON.jpg,training
50997742_cbb6c98a81e69eeb_MG_L_ML_ANON.jpg,training
22670465_7e677f3d530e41ed_MG_L_CC_ANON.jpg,training
51049276_832ebce700241036_MG_L_ML_ANON.jpg,training
20586986_6c613a14b80a8591_MG_L_ML_ANON.jpg,training
20587080_b6a4f750c6df4f90_MG_R_ML_ANON.jpg,training
50998661_cd12bc20b3d27d0b_MG_R_CC_ANON.jpg,training
53587744_5fb370d4c1c71974_MG_L_CC_ANON.jpg,training
24055483_ac3185e18ffdc7b6_MG_L_CC_ANON.jpg,training
22580576_2a5b932da4ce5ca1_MG_L_ML_ANON.jpg,training
22579754_bbd6a3a35438c11b_MG_L_ML_ANON.jpg,training
50999432_f62fbf38fb208316_MG_L_ML_ANON.jpg,training
53587454_d2befe622e188943_MG_R_ML_ANON.jpg,training
20587320_e634830794f5c1bd_MG_L_CC_ANON.jpg,training
50996352_6aba0b402889a16f_MG_R_ML_ANON.jpg,training
20587174_fd746d25eb40b3dc_MG_L_CC_ANON.jpg,training
30011530_349323117bf0fd93_MG_R_ML_ANON.jpg,training
20587902_8dbbd4e51f549ff0_MG_R_CC_ANON.jpg,training
22613676_dcafa6ba6374ec07_MG_R_ML_ANON.jpg,training
22614499_2dec4948fbe6336d_MG_R_CC_ANON.jpg,training
53580804_51bec6477a7898b9_MG_L_ML_ANON.jpg,training
50993643_b03f1dd34eb3c55f_MG_L_CC_ANON.jpg,training
53581151_3be876aecfaad4ca_MG_L_CC_ANON.jpg,training
22670978_f571fd4e63c718e3_MG_L_CC_ANON.jpg,training
20587372_e634830794f5c1bd_MG_L_ML_ANON.jpg,training
20587148_fd746d25eb40b3dc_MG_R_CC_ANON.jpg,training
24058712_9e8db9e34d5275ef_MG_R_ML_ANON.jpg,training
51048891_f3e93e889a7746f0_MG_L_ML_ANON.jpg,training
24055654_6f1aef40b3775182_MG_R_CC_ANON.jpg,training
22670855_0b7396cdccacca82_MG_R_ML_ANON.jpg,training
22427751_d713ef5849f98b6c_MG_L_ML_ANON.jpg,training
22678787_64a22c47765f0c5c_MG_R_CC_ANON.jpg,training
20588308_493155e17143edef_MG_L_ML_ANON.jpg,training
20588334_493155e17143edef_MG_L_CC_ANON.jpg,training
22580218_5530d5782fc89dd7_MG_L_CC_ANON.jpg,training
51049489_6f64793857feb5d0_MG_R_ML_ANON.jpg,training
24055752_f0f1a133837b5137_MG_R_ML_ANON.jpg,training
50996736_330e5fe16929eed4_MG_R_CC_ANON.jpg,training
26933801_f8bfddc28e8045c0_MG_L_CC_ANON.jpg,training
50997304_9054942f7be52dd9_MG_R_CC_ANON.jpg,training
22679008_b9a4da5f2dae63a9_MG_R_ML_ANON.jpg,training
20588190_8d0b9620c53c0268_MG_L_CC_ANON.jpg,training
22580270_5530d5782fc89dd7_MG_L_ML_ANON.jpg,training
50994273_cc9e66c5b31baab8_MG_R_CC_ANON.jpg,training
51049462_6f64793857feb5d0_MG_L_ML_ANON.jpg,training
50999300_cb65e8dac169f596_MG_L_CC_ANON.jpg,training
51048945_f3e93e889a7746f0_MG_L_CC_ANON.jpg,training
24065833_c01f83a1eb283270_MG_L_ML_ANON.jpg,training
22614353_d065adcb9905b973_MG_R_CC_ANON.jpg,training
30011647_6968748e66837bc7_MG_R_CC_ANON.jpg,training
50999459_f62fbf38fb208316_MG_L_CC_ANON.jpg,training
53582656_465aa5ec1b59efc6_MG_L_ML_ANON.jpg,training
20588046_024ee3569b2605dc_MG_R_ML_ANON.jpg,training
50997597_67cc8c9939d74a9a_MG_L_ML_ANON.jpg,training
50998204_f34ee0ab6591b792_MG_R_ML_ANON.jpg,training
50999121_cb65e8dac169f596_MG_R_ML_ANON.jpg,training
22678472_60995d51033e24b8_MG_L_CC_ANON.jpg,training
50998607_cd12bc20b3d27d0b_MG_R_ML_ANON.jpg,training
51049134_8c105bb715bf1c3c_MG_R_CC_ANON.jpg,training
24065680_5291e1aee2bbf5df_MG_L_ML_ANON.jpg,training
53580858_51bec6477a7898b9_MG_L_CC_ANON.jpg,training
50997796_cbb6c98a81e69eeb_MG_L_CC_ANON.jpg,training
20587836_81cd83d2f4d78528_MG_R_CC_ANON.jpg,training
24055502_ac3185e18ffdc7b6_MG_R_CC_ANON.jpg,training
50997107_ce5e5e18a261cd29_MG_R_ML_ANON.jpg,training
50994191_cc9e66c5b31baab8_MG_R_CC_ANON.jpg,training
53582683_465aa5ec1b59efc6_MG_L_CC_ANON.jpg,training
22670809_0b7396cdccacca82_MG_R_CC_ANON.jpg,training
50996945_ce5e5e18a261cd29_MG_L_ML_ANON.jpg,training
22579870_301f1776aebbf5d2_MG_L_CC_ANON.jpg,training
50997026_ce5e5e18a261cd29_MG_R_CC_ANON.jpg,training
51048738_3f22cdda8da215e3_MG_R_ML_ANON.jpg,training
53581914_21e6cc12630e5e9f_MG_L_CC_ANON.jpg,training
50998981_a78eba834ef6ee88_MG_R_ML_ANON.jpg,training
22670620_e15a16f87b4f9782_MG_R_CC_ANON.jpg,training
20587690_f4b2d377f43ba0bd_MG_L_ML_ANON.jpg,training
50994137_cc9e66c5b31baab8_MG_R_ML_ANON.jpg,training
22670278_98429c0bdf78c0c7_MG_R_CC_ANON.jpg,training
22670643_e15a16f87b4f9782_MG_L_CC_ANON.jpg,training
50994110_cc9e66c5b31baab8_MG_L_ML_ANON.jpg,training
53581769_573747ee33ef6e5a_MG_L_ML_ANON.jpg,training
22614150_6bd24a0a42c19ce1_MG_L_ML_ANON.jpg,training
22580520_2a5b932da4ce5ca1_MG_L_CC_ANON.jpg,training
53587041_809e3f43339f93c6_MG_R_CC_ANON.jpg,training
22580548_2a5b932da4ce5ca1_MG_R_ML_ANON.jpg,training
24055149_606e9b184978a350_MG_L_ML_ANON.jpg,training
22678980_b9a4da5f2dae63a9_MG_L_CC_ANON.jpg,training
22678856_64a22c47765f0c5c_MG_L_ML_ANON.jpg,training
53586724_e5f3f68b9ce31228_MG_L_ML_ANON.jpg,training
53581264_80123a24997098dc_MG_R_CC_ANON.jpg,training
24065734_5291e1aee2bbf5df_MG_L_CC_ANON.jpg,training
53581006_4c341dad22471922_MG_R_ML_ANON.jpg,testing
20587518_d571b5880ad2a016_MG_L_ML_ANON.jpg,testing
50999327_cb65e8dac169f596_MG_R_CC_ANON.jpg,testing
50996379_6aba0b402889a16f_MG_L_CC_ANON.jpg,testing
53582764_465aa5ec1b59efc6_MG_R_ML_ANON.jpg,testing
53581887_21e6cc12630e5e9f_MG_R_ML_ANON.jpg,testing
53581433_b231a8ba4dd4214f_MG_L_CC_ANON.jpg,testing
20587544_d571b5880ad2a016_MG_R_CC_ANON.jpg,testing
20586908_6c613a14b80a8591_MG_R_CC_ANON.jpg,testing
50993670_b03f1dd34eb3c55f_MG_L_ML_ANON.jpg,testing
50997434_97ec8cadfca70d32_MG_L_ML_ANON.jpg,testing
22580341_5eae9beae14d26fd_MG_R_CC_ANON.jpg,testing
22670324_98429c0bdf78c0c7_MG_R_ML_ANON.jpg,testing
50994164_cc9e66c5b31baab8_MG_L_CC_ANON.jpg,testing
50994354_cc9e66c5b31baab8_MG_R_ML_ANON.jpg,testing
50994814_069212ec65a94339_MG_L_ML_ANON.jpg,testing
53582791_465aa5ec1b59efc6_MG_L_CC_ANON.jpg,testing
24065270_c4b995eddb3c510c_MG_R_ML_ANON.jpg,testing
53581860_21e6cc12630e5e9f_MG_L_ML_ANON.jpg,testing
50997053_ce5e5e18a261cd29_MG_L_CC_ANON.jpg,testing
50998634_cd12bc20b3d27d0b_MG_L_CC_ANON.jpg,testing
50993697_b03f1dd34eb3c55f_MG_L_CC_ANON.jpg,testing
50997223_9054942f7be52dd9_MG_L_ML_ANON.jpg,testing
50997823_cbb6c98a81e69eeb_MG_R_CC_ANON.jpg,testing
22670878_0b7396cdccacca82_MG_L_ML_ANON.jpg,testing
50996110_71c1a60d57c5322f_MG_L_CC_ANON.jpg,testing
50994408_cc9e66c5b31baab8_MG_R_CC_ANON.jpg,testing
53586896_6ac23356b912ee9b_MG_L_CC_ANON.jpg,testing
20588510_bf1a6aaadb05e3df_MG_R_ML_ANON.jpg,testing
24054997_2f1104b3cda7f145_MG_L_ML_ANON.jpg,testing
22614097_6bd24a0a42c19ce1_MG_L_CC_ANON.jpg,testing
22678833_64a22c47765f0c5c_MG_R_ML_ANON.jpg,testing
22678694_61b13c59bcba149e_MG_L_ML_ANON.jpg,testing
53580692_40e22f2e3215b954_MG_R_CC_ANON.jpg,testing
22670703_e15a16f87b4f9782_MG_L_ML_ANON.jpg,testing
50999273_cb65e8dac169f596_MG_R_ML_ANON.jpg,testing
27829215_fbb55bf7fff48540_MG_L_ML_ANON.jpg,testing
53586869_6ac23356b912ee9b_MG_L_ML_ANON.jpg,testing
22670124_e1f51192f7bf3f5f_MG_L_CC_ANON.jpg,testing
53581033_4c341dad22471922_MG_L_CC_ANON.jpg,testing
22580244_5530d5782fc89dd7_MG_R_ML_ANON.jpg,testing
24055203_606e9b184978a350_MG_L_CC_ANON.jpg,testing
30011553_349323117bf0fd93_MG_L_ML_ANON.jpg,testing
50993895_de5e8d61e501a71b_MG_L_ML_ANON.jpg,testing
24055382_1e10aef17c9fe149_MG_R_CC_ANON.jpg,testing
50994589_de4c34099d6ef8de_MG_R_ML_ANON.jpg,testing
24065289_c4b995eddb3c510c_MG_L_CC_ANON.jpg,testing
53586751_e5f3f68b9ce31228_MG_R_ML_ANON.jpg,testing
53587014_809e3f43339f93c6_MG_L_CC_ANON.jpg,testing
50996999_ce5e5e18a261cd29_MG_L_CC_ANON.jpg,testing
24055806_f0f1a133837b5137_MG_R_CC_ANON.jpg,testing
53586361_dda3c6969a34ff8e_MG_L_ML_ANON.jpg,testing
24065611_d8205a09c8173f44_MG_R_CC_ANON.jpg,testing
53582395_3f0db31711fc9795_MG_L_ML_ANON.jpg,testing
22580068_6200187f3f1ccc18_MG_R_ML_ANON.jpg,testing
50999175_cb65e8dac169f596_MG_R_CC_ANON.jpg,testing
50998177_f34ee0ab6591b792_MG_L_ML_ANON.jpg,testing
22580367_5eae9beae14d26fd_MG_L_CC_ANON.jpg,testing
50995762_0c735e8768d276b4_MG_R_ML_ANON.jpg,testing
22678518_60995d51033e24b8_MG_L_ML_ANON.jpg,testing
50999148_cb65e8dac169f596_MG_L_CC_ANON.jpg,testing
53580831_51bec6477a7898b9_MG_R_ML_ANON.jpg,testing
20588216_8d0b9620c53c0268_MG_L_ML_ANON.jpg,testing
30011824_4f20c1285d8f0b1f_MG_L_CC_ANON.jpg,testing
24065584_d8205a09c8173f44_MG_L_CC_ANON.jpg,testing
50993814_de5e8d61e501a71b_MG_R_ML_ANON.jpg,testing
50998258_f34ee0ab6591b792_MG_R_CC_ANON.jpg,testing
24065761_5291e1aee2bbf5df_MG_R_CC_ANON.jpg,testing
50997624_67cc8c9939d74a9a_MG_R_ML_ANON.jpg,testing
22613944_f23fa352e7de3dc7_MG_L_CC_ANON.jpg,testing
20588020_024ee3569b2605dc_MG_L_CC_ANON.jpg,testing
50998580_cd12bc20b3d27d0b_MG_L_ML_ANON.jpg,testing
50993787_de5e8d61e501a71b_MG_L_ML_ANON.jpg,testing
22613770_45c7f44839fd9e68_MG_R_CC_ANON.jpg,testing
50995899_c94d8a1ebd452afe_MG_L_CC_ANON.jpg,testing
50994733_069212ec65a94339_MG_L_ML_ANON.jpg,testing
27829134_fbb55bf7fff48540_MG_R_CC_ANON.jpg,testing
53582449_3f0db31711fc9795_MG_L_CC_ANON.jpg,testing
22614522_2dec4948fbe6336d_MG_L_CC_ANON.jpg,testing
53587717_5fb370d4c1c71974_MG_R_ML_ANON.jpg,testing
20587054_b6a4f750c6df4f90_MG_R_CC_ANON.jpg,testing
